a,Mean Deviation,Variance
0.0001,0.003608940564555404,2.033750326733891e-05
0.00010102920021214988,0.003958625125327138,1.1548195063659224e-05
0.00010206899295506665,0.003987265556148305,2.1330500163440125e-05
0.00010311948724709944,0.002847760229975921,8.346379678109039e-06
0.00010418079322861446,0.004200108031881624,2.0615508572375397e-05
0.00010525302217354278,0.004806505806427451,1.9944725028025732e-05
0.00010633628650104704,0.0035364586957524115,1.18577169690225e-05
0.00010743069978730812,0.0042362439700311125,1.920767253859379e-05
0.00010853637677743319,0.0035293539372956047,1.907779154639857e-05
0.00010965343339748633,0.0026794101304612023,7.423399368604085e-06
0.00011078198676664289,0.0030178252205456547,1.4712386381706775e-05
0.00011192215520946903,0.004054949027505241,1.8918259836321507e-05
0.0001130740582683276,0.002960213332766801,9.437901814566667e-06
0.00011423781671591171,0.004684997268691445,2.9351108251281773e-05
0.00011541355256790726,0.003075914919695252,1.3185466209664783e-05
0.00011660138909578599,0.0030824213583682636,1.1009300704879926e-05
0.00011780145083972953,0.003732933242595483,1.2278402434386991e-05
0.00011901386362168765,0.0045374261981103335,2.7191314886963395e-05
0.00012023875455856984,0.003333003342714738,1.3339939260379289e-05
0.00012147625207557301,0.0042382089891515136,2.312675318644195e-05
0.0001227264859196465,0.004263473676653715,2.2253538785614622e-05
0.00012398958717309562,0.0042984806350400894,2.5196435713566983e-05
0.0001252656882673249,0.004584647434322584,1.8341753788305144e-05
0.00012655492299672318,0.0043199327509965135,2.0104965908411217e-05
0.0001278574265326916,0.003393834258544065,1.0970946098441711e-05
0.00012917333543781541,0.0036441471834591887,2.0880258671296307e-05
0.00013050278768018248,0.0038075656773634402,1.1415707739465972e-05
0.00013184592264784843,0.0030932577590050917,8.588464051231652e-06
0.00013320288116345106,0.003212530377359164,1.5059900328783651e-05
0.00013457380549897503,0.003484254404465609,1.6907744542782573e-05
0.00013595883939066867,0.0033271061639812112,1.003245430243794e-05
0.00013735812805411394,0.0032597345187035756,9.410581087261301e-06
0.00013877181819945197,0.0034405058097097207,1.4961706416102005e-05
0.00014020005804676498,0.0038896941487026803,1.435744711203377e-05
0.00014164299734161653,0.004003128079368714,1.4026257412404415e-05
0.0001431007873707519,0.004843618731132989,2.2996394426319034e-05
0.00014457358097795983,0.0046675892029215136,2.345375616609812e-05
0.00014606153258009765,0.0042837980238203755,1.9631191787558486e-05
0.0001475647981832814,0.003430550334291825,1.0017879048643063e-05
0.00014908353539924227,0.003979250580117586,1.732873928510012e-05
0.0001506179034618518,0.004813273369389882,2.4596649835517716e-05
0.0001521680632438169,0.005134320347140228,2.3220338956782145e-05
0.00015373417727354677,0.004175710620614202,2.1696710487856564e-05
0.000155316409752193,0.005177884702820544,3.510450605600617e-05
0.00015691492657086612,0.004283468058022874,2.9410288791916994e-05
0.00015852989532802832,0.004555203750828939,2.3441674211086863e-05
0.00016016148534706535,0.003967964963034113,1.99163049535405e-05
0.00016180986769403976,0.007045689173577919,4.347760225016148e-05
0.00016347521519562624,0.004688648875037189,1.8656234179001385e-05
0.00016515770245723212,0.003926717897951092,1.9304179816500276e-05
0.0001668575058813038,0.003925741577303393,1.341513252115874e-05
0.0001685748036858222,0.003911684117455307,1.6968605957802393e-05
0.0001703097759229879,0.0038887948700313253,1.7073936744973376e-05
0.00017206260449809926,0.0035079135196116255,1.1116037649704887e-05
0.00017383347318862432,0.004580264062049527,2.1937261188896242e-05
0.00017562256766346913,0.004840979284224151,2.4514674005965497e-05
0.00017743007550244464,0.0055458417015761255,2.1434592301886118e-05
0.0001792561862159335,0.005519990358259706,3.0339137390209444e-05
0.00018110109126475967,0.004704933712346027,2.062676081765556e-05
0.0001829649840802623,0.0069705341656385415,3.803700026548074e-05
0.00018484806008457636,0.0041219079452718705,1.9230295289733106e-05
0.00018675051671112174,0.005199222665375894,2.396321637028745e-05
0.0001886725534253036,0.004364807721800773,1.832283755529043e-05
0.00019061437174542543,0.0037811236762899853,1.830047083899408e-05
0.0001925761752638175,0.003698573749624521,1.5862967205142127e-05
0.00019455816966818283,0.0049830316867386145,2.2098847250876086e-05
0.0001965605627631627,0.005427696722356756,3.206179114446106e-05
0.00019858356449212417,0.0053907292758895164,3.089558846959006e-05
0.0002006273869591719,0.005300750118558886,2.2919154589407968e-05
0.00020269224445138646,0.0056133694012763325,3.3145079996430224e-05
0.00020477835346129148,0.00473585592875827,2.648372420221499e-05
0.0002068859327095521,0.005117828240263357,2.4155481819777894e-05
0.0002090152031679071,0.0046359185257323675,2.634057950311868e-05
0.0002111663880823369,0.005173500001576421,3.3075787959251007e-05
0.00021333971299646953,0.0036407877107946214,1.656447241993382e-05
0.00021553540577522913,0.0052355031339278825,3.5821030575399303e-05
0.0002177536966287259,0.005262127156944391,2.3714171982754197e-05
0.00021999481813639296,0.005815759252001783,2.6954089010371183e-05
0.00022225900527137146,0.005582396716607965,3.179481776140619e-05
0.00022454649542514663,0.006020869371081611,3.739646963660011e-05
0.00022685752843243733,0.0037548170271428268,1.8232329467225533e-05
0.00022919234659634196,0.006439082129622563,6.34254681666801e-05
0.0002315511947137428,0.005571698218046295,3.6860592959116476e-05
0.00023393432010097222,0.0047908596744660565,3.4927690911432544e-05
0.0002363419726197428,0.006090679485106341,4.7787349255584375e-05
0.0002387744047033444,0.006023761064421931,4.45439700622578e-05
0.00024123187138311083,0.004892051595838192,2.545196180763144e-05
0.00024371463031515894,0.006608854826306659,8.455189136771985e-05
0.00024622294180740283,0.004747671767216721,2.5854172053265183e-05
0.0002487570688468463,0.00616972116383788,3.689524466790237e-05
0.0002513172771271559,0.005787392877774851,2.9265384956396653e-05
0.00025390383507651785,0.006471946739927092,3.951689219398937e-05
0.00025651701388578206,0.0043369621602350125,2.0852153737963765e-05
0.00025915708753689504,0.005085017146515243,2.3324550326644565e-05
0.0002618243328316262,0.005581976039758604,3.885190370571226e-05
0.00026451902942058934,0.005526136865077129,2.288252669835806e-05
0.00026724145983256285,0.00522508816064618,2.8425142432414838e-05
0.000269991909504112,0.005849862148437486,2.657808378431533e-05
0.0002727706668095161,0.006038622913349692,3.552791538068231e-05
0.0002755780230910023,0.007361429282134591,8.172201956774231e-05
0.00027841427268929334,0.008054561993884117,6.564927426660169e-05
0.00028127971297446706,0.006433823009108409,3.4225774167707925e-05
0.00028417464437713487,0.005790728107322998,3.2414862651713854e-05
0.0002870993704199405,0.006751614913272994,3.390290203116639e-05
0.0002900541977493835,0.007901908666550814,5.351660263251085e-05
0.0002930394361679698,0.006218837608509547,3.8529233761857456e-05
0.00029605539866669334,0.006149642687969658,3.752967236930104e-05
0.00029910240145785213,0.003976371600269702,1.502598467751799e-05
0.0003021807640082017,0.004522994194472959,1.6221116611831156e-05
0.00030529080907245026,0.006788502092858479,5.176417922217439e-05
0.00030843286272709796,0.004957891396782664,1.4424770339296576e-05
0.00031160725440462523,0.006250723663645845,5.654278385036375e-05
0.000314814316928032,0.0065847504746198654,3.9041777580983754e-05
0.00031805438654573353,0.00659636953530563,4.4675204980491865e-05
0.00032132780296681424,0.007927204727961655,6.591873652485281e-05
0.0003246349093966452,0.006185034661067233,3.1739888208775717e-05
0.00032797605257286805,0.007431507093619411,6.193171067592562e-05
0.00033135158280174883,0.007145616516924417,6.646096073470326e-05
0.0003347618539949064,0.009026610861042719,6.86941578053213e-05
0.0003382072237064188,0.009514061908166652,7.8932130609421e-05
0.0003416880531703115,0.00734963848773118,5.016077418460984e-05
0.00034520470733843115,0.005846954846215874,4.2252575516087974e-05
0.00034875755491870967,0.006426164158542278,5.300751577925154e-05
0.00035234696841382175,0.006842103579429272,5.325258802880481e-05
0.00035597332416024047,0.005037183719795382,2.514533931813859e-05
0.00035963700236769464,0.008827691365392033,0.00012627315517004515
0.0003633383871590324,0.006204397126618763,4.048680734568732e-05
0.0003670778666104951,0.0042283907287111655,1.9830255606484185e-05
0.0003708558327924056,0.005550099332709696,2.0491147017835356e-05
0.0003746726818102752,0.007901767302947778,5.040303291637947e-05
0.00037852881384633423,0.0063317767564942595,5.010170506502834e-05
0.0003824246332014891,0.009411219582276526,8.124563525295974e-05
0.0003863605483377126,0.0060615854355511,4.910346393450839e-05
0.00039033697192086776,0.008821322819835133,0.00012576871118210068
0.00039435432086397674,0.0055432110336982,3.033326201489792e-05
0.00039841301637093105,0.008011674028655921,5.749934759835022e-05
0.00040251348398065336,0.009906287777636302,8.907171131671717e-05
0.00040665615361171415,0.008824175539894138,8.051492376470989e-05
0.00041084145960740645,0.007385578061929139,6.029588353211881e-05
0.00041506984078128553,0.006698943994462873,4.480948292490382e-05
0.00041934174046317666,0.006570653815208289,6.079148756949378e-05
0.00042365760654565666,0.006565383826209313,4.656227455856705e-05
0.00042801789153101366,0.007968580587324447,7.546507982419136e-05
0.0004324230525786903,0.0072456943067526584,3.125046806154864e-05
0.00043687355155321516,0.009394979047209887,9.505365619554472e-05
0.00044136985507262755,0.007723748221548197,6.775443436097224e-05
0.00044591243455740067,0.00843486652163422,7.89661206160977e-05
0.00045050176627986813,0.0074248331903188245,5.736108420890032e-05
0.00045513833141415947,0.005017635111310583,3.720249182854157e-05
0.00045982261608664945,0.009112064891027153,0.00018619350246145596
0.00046455511142692635,0.006829369604729018,4.476656939237266e-05
0.0004693363136192854,0.009822441199661906,8.256190192137286e-05
0.0004741667239547515,0.00767383626651103,4.894972654835833e-05
0.0004790468488836384,0.007724900192253884,6.696177303365064e-05
0.00048397720006864613,0.00831251088004613,6.340490766012995e-05
0.0004889582944385097,0.009839828019452747,8.203763569517207e-05
0.0004939906542421953,0.00804527574142566,6.290618405780732e-05
0.0004990748071036564,0.008182048452638575,5.7556873331026273e-05
0.0005042112860771539,0.007044683222564258,5.308554720175048e-05
0.0005094006297031436,0.007634205167318378,6.964652878609994e-05
0.0005146433820647412,0.0069299290442901215,4.741746374714558e-05
0.0005199400928447668,0.0058256525565755805,2.9621522078995168e-05
0.0005252913173833774,0.011416651786565335,0.00011713603920775873
0.000530697616736292,0.006773130118632638,3.521847123019149e-05
0.0005361595577336164,0.006761418402421463,4.536751888639016e-05
0.0005416777130392725,0.007568800744941858,6.424104328059228e-05
0.0005472526612110413,0.010151423312739072,9.786499423363582e-05
0.0005528849867612213,0.009605593692306659,0.00010671890531448904
0.0005585752802179125,0.00772462835100032,9.409843882493747e-05
0.0005643241381869321,0.008905929461196204,8.512515162788827e-05
0.0005701321634143649,0.010444264122645095,0.00013734906370580624
0.0005759999648497603,0.00833075894368852,7.375973683592177e-05
0.0005819281577099772,0.006444101908245076,5.032140313195461e-05
0.0005879173635436883,0.007295300312704442,5.580025176536066e-05
0.0005939682102965459,0.008702442491561527,6.209132014763204e-05
0.0006000813323770208,0.007063568133618316,3.677653714245449e-05
0.0006062573707229169,0.006818071187260911,5.115044801828325e-05
0.0006124969728685714,0.007220389252977803,5.434879866710644e-05
0.0006188007930127464,0.011824710919730447,0.00012645378447654522
0.0006251694920872186,0.009527836327326058,0.00010046617998253248
0.0006316037378260766,0.008722281304209663,8.052478868180253e-05
0.0006381042048357291,0.006397810447120707,4.256724542452549e-05
0.0006446715746656358,0.008170241281113053,6.608326211253809e-05
0.0006513065358797644,0.009524746524512163,9.484375990897667e-05
0.000658009784128785,0.01091072976644834,0.0001290312825675059
0.0006647820222230055,0.00770643385563323,6.323788589446485e-05
0.0006716239602060589,0.010575728697584535,0.0001341639957754943
0.0006785363154293491,0.009105530931940244,0.00011518515703063902
0.0006855198126272619,0.010780072390417459,0.00012476849518429847
0.0006925751839931518,0.009776781163486388,0.00011379269025903114
0.0006997031692561067,0.00947729747363661,9.716783382443945e-05
0.0007069045157585101,0.008272037387984647,6.620435057575058e-05
0.0007141799785343937,0.009078200743267081,9.737840145938895e-05
0.0007215303203886017,0.00932246928522672,6.845299462570904e-05
0.0007289563119767668,0.010058741989529264,0.0001350559329002956
0.0007364587318861117,0.010450721607770207,9.950956128503196e-05
0.0007440383667170798,0.010408620273059239,8.196904801820038e-05
0.0007516960111658085,0.01218582105492285,0.00016066537139463019
0.0007594324681074492,0.009771933860665964,0.00011265799104569709
0.0007672485486803461,0.010883263845861357,0.0001462419478498009
0.0007751450723710811,0.008557715602493686,9.556172644717184e-05
0.0007831228671003936,0.008206019854331895,6.95757268747678e-05
0.000791182769309985,0.00995754788330531,8.376942179180464e-05
0.0007993256240502167,0.009656482942094528,7.674084099349038e-05
0.0008075522850687099,0.009091414733690083,7.054391768628053e-05
0.0008158636148998582,0.011645124550312788,0.00016514379043414598
0.0008242604849552612,0.011107916312301097,0.00014738202249393994
0.0008327437756150884,0.013927962722074671,0.0002551662852519072
0.0008413143763203838,0.008117582972015858,0.00010756980825135915
0.0008499731856663206,0.011959201818724246,0.00015193704976237493
0.0008587211114964164,0.009671241636617058,0.00013730015955103856
0.0008675590709977132,0.012441901320690434,0.0003003590930846007
0.0008764879907969472,0.008958839799494496,7.671367832459359e-05
0.0008855088070576976,0.009977546370416288,9.836059098469707e-05
0.0008946224655785413,0.008651073363421708,6.3626883460559e-05
0.0009038299218922161,0.008392781090309796,6.636727194571354e-05
0.0009131321413658049,0.008575379414160558,8.534208167385646e-05
0.0009225300993019505,0.013713775143623718,0.00015360905188958928
0.0009320247810411127,0.010360011626942008,9.451661209617544e-05
0.0009416171820648772,0.014305144048474916,0.00025549385387351804
0.0009513083081003287,0.008320828192412064,8.128519939561274e-05
0.0009610991752254966,0.011164869668422665,0.00012703424394020155
0.0009709908099758883,0.013764173785104094,0.00018083698848420522
0.000980984249452116,0.009816933185532393,0.00010278169867208924
0.000991080541428634,0.008233638037368754,7.151289327626599e-05
0.0010012807444635936,0.007420743770777953,7.015655197661258e-05
0.0010115859280098289,0.013169409157930422,0.00012978303084385434
0.0010219971725269842,0.010032646141229874,0.0001103651096151979
0.0010325155695947977,0.014745391573860777,0.00024162176149132906
0.001043142222027548,0.008857994596667262,7.238068178552651e-05
0.0010538782439896805,0.008940142133929593,9.966222310587249e-05
0.0010647247611126236,0.011248821549166852,0.00011599257229762987
0.001075682910612807,0.014306510152605364,0.00021303987671619215
0.001086753841410894,0.012951637971038894,0.0001313320810020333
0.001097938714252242,0.013538741221756884,0.00017497225857635495
0.0011092387018286018,0.011874929672640205,0.000176411130745821
0.0011206549889010702,0.013098705690052356,0.0001801934218869901
0.0011321887724243082,0.011788246462487603,0.00019911638300940587
0.0011438412616720363,0.011033737882740553,0.000146952186074338
0.0011556136783638228,0.011410175570581828,0.00014962641440365766
0.0011675072567931763,0.009899837799048189,8.77847144505969e-05
0.0011795232439569569,0.011872255660020873,0.00014204534493713662
0.001191662899686119,0.01392054623841841,0.00018826337410615177
0.0012039274967778,0.011830711390548896,0.00016855235962016653
0.0012163183211287678,0.010587072173947875,0.00013020988445457658
0.001228836671870243,0.01029845907952312,0.00013797887989748763
0.0012414838615041068,0.01523476387968858,0.00020663832745654938
0.0012542612160405136,0.014761427932679662,0.0003004356110758188
0.0012671700751369162,0.012876868484247827,0.00014171051497656893
0.0012802117922385266,0.01368333369790882,0.00026241914277913526
0.0012933877347202133,0.014569923404335322,0.00023591307167958233
0.0013066992840298742,0.013093298390918488,0.0001634643040321036
0.0013201478358332705,0.012386375663974747,0.0001330683355362878
0.0013337348001603586,0.015877991706780784,0.0002321458431013895
0.0013474616015531258,0.010116207136607094,9.52767930544594e-05
0.0013613296792149487,0.014148978602866904,0.00024314612013900358
0.0013753404871614883,0.009772173551645655,0.00010444972940528192
0.0013894954943731374,0.013298154681778087,0.00016925434559619714
0.0014037961849490388,0.013832420462886082,0.00021577471474547362
0.0014182440582626863,0.00904190214587027,8.723580844105207e-05
0.0014328406291191289,0.013317195454203644,0.00018968510112283237
0.0014475874279137925,0.008519073479131306,7.122986309068416e-05
0.0014624860007929363,0.016073019480097428,0.0003020130933114637
0.0014775379098157595,0.01684649497925815,0.0003050895589350982
0.0014927447331181797,0.010410822726640241,8.214096865223905e-05
0.001508108065078288,0.012482893092461407,0.00020448000117619762
0.0015236295164835234,0.013475610054223958,0.00018315313936324295
0.0015393107146995499,0.01472314004214999,0.0002480930829395129
0.0015551533038408835,0.013307848540139135,0.0002292850336823256
0.0015711589449432697,0.012791159371744892,0.0002627697756729417
0.0015873293161378376,0.015680099466451467,0.00018062758240887811
0.0016036661128270454,0.014963630458651348,0.00021882768878178735
0.001620171047862437,0.014620276889896587,0.0002055607937866781
0.0016368458517242283,0.013549646324264916,0.0001603277981606214
0.0016536922727027404,0.01629232370482137,0.0003384017877831914
0.0016707120770817032,0.014336010192040378,0.00035974445115018807
0.0016879070493234418,0.01851759067956856,0.00043665447911672283
0.0017052789922559714,0.013764439714320955,0.00017389329218036107
0.001722829727262017,0.014652037497816855,0.00020948953057348525
0.001740561094469979,0.016652339352446775,0.0003745531001487971
0.0017584749529468624,0.01208648720392993,0.00030385912001212856
0.001776573180893194,0.01726301688740582,0.00031483328557473724
0.0017948576758399445,0.010707974462046146,0.00010955405014120368
0.0018133303548474775,0.018663284496457832,0.0004609433212281413
0.001831993154706546,0.015473486167943707,0.0003004475722119148
0.001850848032141357,0.013912912590846744,0.00018549384496475358
0.0018698969640147277,0.01539024389402679,0.0003236982242071948
0.0018891419475353514,0.013181099608241584,0.00023699916078799563
0.0019085850004671976,0.014627402897766751,0.0002161686017114454
0.0019282281613410667,0.015469548255467883,0.00038221253285172915
0.0019480734896683226,0.013176683570602407,0.00021450339448113222
0.001968123066156825,0.011877166143143603,0.00020523812605436565
0.0019883789929290813,0.020404489619271056,0.000451396389163163
0.002008843393742651,0.01502466485686751,0.0003432305483853542
0.002029518414212809,0.01575748982015599,0.00022615998249922328
0.0020504062220375084,0.02489173044666697,0.0005036907148823594
0.0020715090072246528,0.018339816011661198,0.00040604175778848734
0.002092828982321713,0.018463886483332838,0.000330348871693444
0.002114368382647702,0.01699721397217839,0.0005170481550599505
0.002136129466527542,0.015867423967529166,0.00034209629652627463
0.0021581145155288397,0.018761290803848262,0.00044781145819106137
0.0021803258347011,0.017232844586330655,0.00033897027466753434
0.002202765752817402,0.013578924093943226,0.00020911867041368762
0.002225436622618564,0.0130729694244609,0.0001962579213906635
0.002248340821059815,0.021924106176159395,0.0003080597750041604
0.002271480749560015,0.016273946929440543,0.0002230787452957646
0.0022948588342534327,0.016381993361467947,0.0003497197450441398
0.0023184775262441093,0.013631984223428574,0.00016699959023544936
0.002342339301862861,0.017308855246601404,0.0002845983461827601
0.0023664466629269034,0.01987094289151378,0.000518672720370626
0.002390802137002161,0.01989852217173355,0.00047971382786157616
0.0024154082776682707,0.011180613592935313,0.0002484918117037704
0.0024402676647863183,0.016724716278467888,0.0002679104027508363
0.002465382904769324,0.014012674126267563,0.00023051769610536857
0.002490756630855517,0.015273061804579897,0.00025654477987050155
0.002516391503384419,0.014355556377119365,0.0003465489225905606
0.0025422902100757728,0.02061946586451576,0.0008207671656430185
0.0025684554663113384,0.01963804126861597,0.00026948855600842747
0.00259489001541959,0.02048205520566064,0.00046463407229208265
0.0026215966289633444,0.023472528980276554,0.0005467661741264062
0.002648578107030349,0.01857293261463059,0.0004605246169746945
0.0026758372785268634,0.022023311669430685,0.0006947819827403749
0.0027033770014742472,0.011778834853485253,0.0001294073961179824
0.0027312001633086314,0.018570219331545925,0.000322533108034383
0.0027593096811836418,0.014590861680273869,0.00024669883802370767
0.002787708502276256,0.01528331061356793,0.00021653599766822834
0.002816399604095803,0.020114121998539673,0.00045945062207976593
0.002845385994796146,0.016741181153622112,0.0002508118000133431
0.0028746707134910707,0.02131189806906149,0.000919104099842524
0.002904256830572931,0.0210194512720309,0.0003297182625289413
0.002934147448034565,0.022715987334723325,0.0004352386102031225
0.002964345699794527,0.020998736538926546,0.00041555846353875703
0.0029948547520256682,0.021762194635506535,0.0005270551441658245
0.003025677803487097,0.016369233731184398,0.0002409357795480437
0.003056818085859558,0.025993636969878248,0.0009971519616409318
0.0030882788640842606,0.017086527999950626,0.0003261009947815855
0.0031200634367051956,0.014254759065179699,0.00022921640733786734
0.003152175136214976,0.022248122425434596,0.0004996803971106183
0.0031846173294042364,0.025107833337045953,0.0006231868320798579
0.0032173934177146266,0.018487295586138108,0.00029753442858683596
0.0032505068375954416,0.016810364288154293,0.00028276658051237314
0.0032839610608639204,0.02166660069267496,0.0005957058217268831
0.0033177595950692512,0.017626288297780925,0.00045689002997503656
0.003351905983860327,0.02180273130697313,0.0006282907964720049
0.003386403807357282,0.016213615498944227,0.0004141954225814928
0.0034212566825268546,0.021700326387977694,0.00048126053060116783
0.003456468263561613,0.0195076862861096,0.00031637663271923046
0.0034920422422630823,0.02206894460342172,0.0005692955019321827
0.0035279823484288173,0.02843413543998254,0.0007306446652184396
0.003564292350243457,0.02357186705195221,0.0006303292404980336
0.0036009760546738046,0.022032368869880074,0.0007400345430017255
0.0036380373078679735,0.019211636498162352,0.00047885210218904514
0.0036754799955586426,0.02263781288064832,0.0006842756777835445
0.0037133080434704584,0.027732297176606212,0.0012881350774091415
0.003751525417731635,0.023126571962785097,0.0006981811028712302
0.0037901361252897854,0.027287135623579324,0.000893933492428836
0.0038291442143320374,0.023182700266081043,0.0006384182527718114
0.0038685537747094674,0.019369901207890936,0.0003531401768175913
0.003908368938365909,0.020985464240626823,0.00035393743466382845
0.003948593879771171,0.03154527461770269,0.001451585722069274
0.003989232816358713,0.023321027628386535,0.0005224410702308563
0.00403029000896783,0.024548788413788998,0.0005867771644632988
0.004071769762290382,0.02116309459207278,0.00046049181619774133
0.0041136764253221336,0.03325208418951576,0.002288511151740451
0.004156014391818708,0.02430993469631331,0.0008965588783814736
0.004198788100756286,0.019403035429083927,0.0003243503371562948
0.004242002036796993,0.013764907657405762,0.0003254066020682707
0.0042856607307591105,0.022430884165241395,0.0004221996430286937
0.004329768760092108,0.02836641456861013,0.0009887562586353284
0.004374330749356574,0.018599816182953043,0.000451575616861815
0.0044193513707090895,0.023769940221987144,0.0005511177013806549
0.004464835344392076,0.01916304172392051,0.000437176348688789
0.0045107874392287025,0.020569836520520312,0.0005775185598852872
0.004557212473122874,0.02267367133577966,0.00038524770741054737
0.004604115313564376,0.025821970007040604,0.0006527732915963803
0.004651500878139205,0.02485772486289701,0.0005785194597990373
0.004699374135045167,0.023357774650991425,0.0005483206178567004
0.004747740103612773,0.02182865465378947,0.0003881818330401803
0.004796603854831481,0.020058332583457725,0.0004261557758680568
0.004845970511881396,0.024828956613137245,0.0005612236916857738
0.0048958452506704,0.02648749512216207,0.0007507922952571342
0.004946233300376829,0.028963720161118752,0.000692200708603758
0.004997139943997735,0.0253020704739006,0.0007662865996566797
0.005048570518902787,0.03239987117100555,0.001787829550285866
0.00510053041739387,0.02201972454768732,0.0005386717262587262
0.005153025087270457,0.01898347402175408,0.0005399553564921042
0.005206060032400781,0.02580738391873131,0.0009439865698526022
0.0052596408132989,0.021231118786428044,0.00043952866872577605
0.005313773047707694,0.02301925829893823,0.00045245497151621733
0.005368462411187864,0.025717776891141207,0.0012400183358209594
0.005423714637712997,0.01926838393193358,0.0004992702740386028
0.005479535520270743,0.03323104062485069,0.0010344623470150039
0.005535930911470197,0.02203683633410513,0.0005050476673979921
0.005592906724155519,0.02493250997123422,0.0009851726525652192
0.005650468932025873,0.03257636249110218,0.0016320411126376198
0.005708623570261746,0.02252424475320803,0.00041775407606735554
0.0057673767361577175,0.024124510491253137,0.0008725021803869318
0.005826734589761736,0.023337599608333186,0.0011384597602034146
0.005886703354520973,0.02946088658240628,0.0009231101501188271
0.005947289317934337,0.025779118100194585,0.0006201881818363568
0.006008498832211685,0.023281463897135916,0.0006381693740171871
0.006070338314939831,0.02452881442463869,0.0009201488887767945
0.006132814249755407,0.02782786692733766,0.0009344837299317734
0.006195933187024647,0.022716085235175064,0.00046177094777380987
0.00625970174453017,0.027146048072883466,0.0008424043088714312
0.006324126608164824,0.01977977536219115,0.0004878538218155098
0.0063892145326326834,0.02481849009227703,0.0008021390486456895
0.006454972342157249,0.01975393410554295,0.00036837755650226904
0.006521406931196948,0.0182129884786575,0.0003895434018182001
0.006588525265167984,0.027082356447877355,0.0006866340739558744
0.006656334381174641,0.027480988442259706,0.0009371977473426208
0.006724841388747096,0.03369333522650987,0.0013694122983231613
0.006794053470586824,0.027329226838006367,0.0006229228316696669
0.00686397788331968,0.02056659346631695,0.00042750070158247694
0.006934621958256727,0.02292243601393553,0.0006415670485999023
0.007005993102162897,0.0365559367619461,0.0011342098722396435
0.007078098798033563,0.03683377360442674,0.0013592270842006007
0.007150946605879103,0.032232189113025285,0.0011712051136784376
0.007224544163517535,0.03109196441258404,0.0011388612090652418
0.0072988991873753194,0.029007089666392174,0.0009471894525863492
0.007374019473296399,0.03013139291196577,0.0009389261843926835
0.0074499128973595395,0.033585944029838256,0.0012233562182461816
0.007526587416704145,0.03347005662359131,0.0008015484793897926
0.00760405107036451,0.04375190675424821,0.0020459226476036083
0.007682311980112687,0.03231922899066219,0.0011315928535197437
0.007761378351310022,0.027030052778681812,0.001247928316168852
0.00784125847376746,0.02716968089366525,0.0006323291790668393
0.007921960722614694,0.03248832719746746,0.001142233484420967
0.008003493559178275,0.041288074805287296,0.0022253065697164726
0.00808586553186874,0.027618092243203652,0.0007873218403721859
0.008169085277076887,0.03329791929475516,0.0010161202927837386
0.008253161520079266,0.030102443762840533,0.0010833232465476143
0.008338103075952995,0.022378813444348444,0.0005945910805338016
0.008423918850499978,0.03921578709854946,0.004301065191992996
0.008510617841180667,0.04774771922409234,0.004313025619770148
0.008598209138057363,0.09473154089370114,0.17018984101828763
0.00868670192474734,0.025056027041635457,0.0008289120903264485
0.008776105479385668,0.025020766094360568,0.0005904133492318338
0.008866429175598002,0.03761777007118289,0.0019477402639398657
0.008957682483483375,0.02625723548762701,0.0007094719107526696
0.009049874970607098,0.0335973315438582,0.0007886110747445162
0.009143016303003886,0.03875404656545054,0.0014391960495524561
0.0092371162461913,0.03237010012653441,0.0012346672807925394
0.009332184666193632,0.025688100953348728,0.0006110315373211867
0.009428231530576314,0.047930607960721995,0.0023945906043708843
0.009525266909490987,0.022054895911763822,0.0006434676246890782
0.009623300976731312,0.02876718018209942,0.0012439730211929916
0.00972234401079965,0.026425957840747555,0.0007953628684387287
0.009822406395984742,0.02582929757783272,0.0008476095404509701
0.00992349862345044,0.034969703309223756,0.0012412104743694792
0.010025631292335682,0.03847739415175704,0.001715531802085153
0.010128815110865766,0.029421639992873116,0.0010271140159509064
0.010233060897475065,0.027982665748616527,0.0007353320434210638
0.010338379581941306,0.04889928045525124,0.002277128992687609
0.010444782206531505,0.04041382730536263,0.0019724411798395392
0.01055227992715972,0.03844687242603826,0.0017968927875646953
0.010660884014556697,0.035608900429773466,0.0015001346325689234
0.010770605855451566,0.030603500757478426,0.0011113141460311945
0.010881456953765701,0.05316003528487214,0.005100058093594886
0.010993448931818856,0.04956510486712941,0.003267740208719061
0.011106593531547724,0.03521404139218988,0.001756616488726669
0.011220902615737037,0.0223045076406262,0.0005816817454604012
0.011336388169263335,0.03356811627059486,0.0011808075590187823
0.011453062300351527,0.030082648475472592,0.0005856752552199434
0.011570937241844402,0.034590875885998136,0.001088975914290185
0.011690025352485195,0.02407968672762219,0.0005765335282715529
0.011810339118213347,0.03453245124373943,0.0013568181799624454
0.01193189115347362,0.056853379406977836,0.0029537557701445117
0.012054694202538662,0.03025809418276552,0.0007583373149261585
0.012178761140845209,0.04474797504025702,0.002392109497612302
0.012304104976344028,0.03347102586300012,0.0008069357614953903
0.012430738850863704,0.039702583241060185,0.002097818306908603
0.01255867604148859,0.04935117526538483,0.002824118874954057
0.012687929961950808,0.11981649709717761,0.2623504902730105
0.012818514164036633,0.04538905012076222,0.002746225985591535
0.01295044233900736,0.028242666732426515,0.0008197616346495902
0.013083728319034772,0.04243889493971824,0.0032652225717215086
0.013218386078651391,0.04033053924504006,0.003524238668331859
0.01335442973621566,0.038357125886555335,0.0013696635827304135
0.013491873555392199,0.05525480195870207,0.0023739097393406573
0.013630731946647288,0.03587798277694976,0.0012244674886840437
0.013771019468759764,0.054376048322447655,0.0049458692106035245
0.013912750830347442,0.06372123507806032,0.005773095910398261
0.01405594089140926,0.03342891067129881,0.0010115421549993097
0.014200604664883307,0.03448099367908169,0.0012036802250589625
0.01434675731822085,0.038237493953499416,0.0010532771534021398
0.014494414174976608,0.03360993579248983,0.0011776191790608772
0.01464359071641535,0.04140506429406209,0.002580019481045444
0.014794302583135056,0.032054184422009836,0.0013774629650994234
0.014946565576706778,0.04767769841033161,0.0026211154909180057
0.015100395661331364,0.036328106401931064,0.0014474022606020267
0.015255808965513257,0.036767557639937255,0.001739903046850491
0.015412821783751501,0.04431903424243051,0.0027408272809112864
0.015571450578248153,0.04622638764231649,0.0023831588420619157
0.0157317119806343,0.030714496909597388,0.0027633148810861704
0.015893622793713792,0.03257871400274067,0.0010315597928113494
0.016057199993224996,0.03676793563793648,0.0008078593185435635
0.016222460729620598,0.035898311158171325,0.0011468934544986106
0.016389422329865802,0.040251011071802456,0.001973843018584889
0.01655810229925492,0.048765499694983096,0.0042440103266559205
0.016728518323246847,0.21796612708391952,0.9865917242962123
0.016900688269319234,0.05934737141645397,0.003959514084337929
0.017074630188841856,0.03795877744905129,0.0016614284102862106
0.017250362318969224,0.05798585768179153,0.0043513024325516885
0.01742790308455268,0.030164681389183618,0.0008403783343760775
0.01760727110007217,0.06724647735482484,0.0081960223299892
0.017788485171587917,0.05118234967674949,0.003103643486646034
0.01797156429871215,0.04952615812490362,0.0032693605033019568
0.018156527676601145,0.03828345998594843,0.0012771908145540506
0.018343394697967776,0.03533465737803317,0.0011723873699974212
0.01853218495511475,0.026391882298623832,0.0006232592770344399
0.018722918241988802,0.03606161268826143,0.0020356787732896705
0.018915614556255997,0.05130449605790246,0.002374653260636254
0.019110294101398438,0.06536900286462594,0.006084937643378654
0.019306977288832496,0.03819687625631301,0.0015523468456644335
0.01950568474004889,0.18392841274286595,0.7674245377293734
0.019706437288774758,0.051458858312648466,0.002616051798709571
0.01990925598315801,0.04082458750441778,0.0008762637808981248
0.020114162087974136,0.04307893536926492,0.0017054098904968028
0.020321177086855737,0.2686044027740333,0.9910964008123677
0.020530322684545008,0.038811195058051674,0.002007742632026437
0.0207416208091694,0.05679530154161065,0.003995542779003061
0.020955093614540694,0.037354141946454304,0.0018479133865858012
0.021170763482477754,0.2661576562206177,1.2939803620020316
0.021388653025153165,0.05829399673170946,0.005561014270147792
0.02160878508746404,0.35434070367439624,2.4203707091052893
0.021831182749427233,0.0531988930177733,0.005091271201120387
0.02205586932859919,0.06258879392417627,0.006870633108955714
0.02228286838252063,0.039563297559179686,0.0015233974081112832
0.02251220371118661,0.05031771150153318,0.003806688358233937
0.022743899359541755,0.04241257456143517,0.001892668593018828
0.022977979620001317,0.14630258653461037,0.37110224111815077
0.023214469034998124,0.056223517683412,0.0030372775346467497
0.023453392399555795,0.26267241700238714,1.3698429127398573
0.023694774763888364,0.05446795621973949,0.0057600134440335855
0.02393864143602674,0.039632761507969065,0.001337349163773528
0.024185017984472125,0.057357643380023665,0.002982335250377553
0.0244339302408768,0.05002286595211897,0.0021482246541712174
0.024685404302752456,0.22402496782213124,0.9957420495088366
0.02493946653620644,0.06298666500260683,0.016034115495580176
0.025196143578706125,0.04919889461064163,0.0021270837388292873
0.025455462341871758,0.20111464047497019,0.8470635745693276
0.025717450014298034,0.14029507525829463,0.3288696606037991
0.02598213406440473,0.12479174514642975,0.25146673986107826
0.02624954224331665,0.05441422713112171,0.0040306685107647615
0.026519702587773235,0.12948301067645798,0.21595944009175255
0.026792643423068113,0.04687361393976297,0.002676222361764258
0.027068393366018892,0.05118171596880541,0.013757005278978225
0.02734698132796752,0.05484566288429339,0.0031575398251034626
0.02762843651781155,0.04675900026962919,0.0028281844204082448
0.02791278844506656,0.06651778933957465,0.013956169740742319
0.028200066922960135,0.2757262300223275,1.3153820064380417
0.028490302071557647,0.05771382402589278,0.0026819965050536893
0.02878352432092026,0.047958724865127075,0.001811834789583086
0.029079764414295384,0.29710735958209555,1.550944458270001
0.029379053411340027,0.0713247820984587,0.005372132985410214
0.029681422691377163,0.14255267023182733,0.3760446743199715
0.02998690395668592,0.060419872269344255,0.0038518721313283116
0.030295529235825312,0.05116137257809726,0.0044565017919231545
0.030607330886992353,0.042675229844365725,0.0011675711657186216
0.030922341601414695,0.18689397284439052,0.6286900845185294
0.031240594406778167,0.05247277645686069,0.002341647515928741
0.031562122670689606,0.17021224637239224,0.6052220710954478
0.031886960104175355,0.29261039872014105,0.9179065241467618
0.03221514076521567,0.058780222773469386,0.004387864371952462
0.03254669906231565,0.052383787124828926,0.0026445217279164376
0.03288166975811279,0.046158367629320664,0.002638828422178671
0.03322008797302171,0.039050349598676225,0.0014189079034840747
0.033561989188916425,0.06843152370988947,0.005731788680003206
0.03390740925285047,0.06527214913869181,0.005390970470346388
0.03425638438081534,0.06425631820446,0.0036120105762473768
0.03460895116153757,0.1310999738292066,0.18623185713096616
0.03496514656031496,0.10110041630497893,0.10113009399691412
0.03532500792289223,0.050212422871245506,0.0030816364266344895
0.0356885729793766,0.0491689061909651,0.0015523059283451858
0.03605587984819361,0.07354426133726844,0.006918498571693915
0.036426967040083726,0.05196386976708936,0.002663158225978789
0.03680187346214003,0.05652809977761294,0.0029211646290335166
0.037180638421887506,0.047318335722370285,0.0037299710453505583
0.037563301631404256,0.05694912395806428,0.0022549686844214644
0.03794990321148516,0.3365668248143619,1.9713004062665151
0.03834048369584844,0.3861411618696611,1.713153385168812
0.038735084035385406,0.39335783013083314,2.574004755681711
0.03913374560245403,0.05510776809279476,0.00562122724295994
0.03953651019521672,0.05126471247682078,0.0036432675699908626
0.039943420042022545,0.07206759470086567,0.009775602782733903
0.04035451780583496,0.24501163406926915,1.0669478159016168
0.040769846588704674,0.057841014401176206,0.002692112247941229
0.041189449936288806,0.18812896201478033,0.6382530505586842
0.04161337184241645,0.05205642674122135,0.003092394681314264
0.04204165675370132,0.03852799848716864,0.0015247224393974438
0.04247434957420174,0.07045025481137389,0.003915733616558569
0.04291149567012871,0.27005951087826846,1.2637311245183462
0.04335314087460236,0.057243704178960034,0.006347632272854134
0.0437993314924574,0.284106845501104,1.523442942441299
0.044250114305098,0.36685988170287087,2.124441994842861
0.04470553657540263,0.059742917933485296,0.006980437311645365
0.04516564605267942,0.23435032444146428,0.8891871092954874
0.04563049097767246,0.06413443603860655,0.006708142231677131
0.0461001200876197,0.20001282938183712,0.7773655258883658
0.046574582621362826,0.3911096619169557,2.327403564022543
0.04705392832450981,0.7317391629561171,4.284668533728606
0.04753820745465052,0.3388350834876885,1.173250452964427
0.04802747078662603,0.10028208377255257,0.062270713159096915
0.048521769617852206,0.20697469455740664,0.6318312837743097
0.04902115577369802,0.22448589895448942,0.6406517398796575
0.04952568161291924,0.24154496099304315,1.1299191214719746
0.05003540003314808,0.16301869822367576,0.36730331693910767
0.05055036447643928,0.24945426990952846,0.7836409381169327
0.05107062893487333,0.1074000590358291,0.0784500522916681
0.051596247956217325,0.4798051175051313,3.6353357205935426
0.05212727664964409,0.04474969090028816,0.0022394658809124493
0.05266377069151024,0.6118015958265022,4.002948967264188
0.05320578633119338,0.3924970480526894,1.873007593279639
0.053753380396990035,0.045290284141316285,0.001721631282552222
0.054306610302073594,0.15492622193352096,0.5506009084890781
0.05486553405051394,0.5076311635068983,2.9066058015419
0.05543021024335899,0.13934019632932473,0.31743403939030157
0.05600069808477877,0.06279818619597974,0.00383344297116096
0.056577057388272727,0.04604411068401123,0.0018618795072606435
0.057159348582940986,0.09654347517903816,0.02861994456801492
0.0577476327198201,0.07295328870858243,0.012683900297921548
0.05834197147828402,0.3003691034578959,1.0684031965141627
0.05894242717251094,0.04813297540121493,0.002282861985882695
0.05954906275801672,0.13148256265509078,0.2148355375569811
0.06016194183825549,0.2681723417961612,1.2704925870989625
0.0607811286712883,0.06256159011326066,0.00858853736614517
0.06140668817652029,0.3007971304861501,1.053043999743902
0.06203868594150725,0.04985772345357593,0.004000607896859594
0.06267718822883224,0.07170595189565211,0.0063003750841739824
0.06332226198305296,0.07779560286883404,0.01372013107230002
0.06397397483772065,0.06856555020254308,0.008279121258306137
0.06463239512247118,0.36754016725436106,2.060343135160508
0.0652975918701892,0.07842024353371156,0.013878629929558182
0.06596963482424595,0.06426077736412865,0.005610701328339924
0.06664859444581159,0.21485192228058556,0.8251967764283444
0.06733454192124279,0.17251793155334777,0.4893953436349622
0.06802754916954637,0.33140400037857387,1.9102472810577522
0.0687276888499197,0.404433298625418,1.7376077329339372
0.06943503436936879,0.3544109825848335,2.042586048234671
0.07014965989040467,0.2089806987071066,0.6621908886819905
0.07087164033881921,0.16681632023807416,0.411857806325835
0.07160105141154044,1.072509871412522,5.95355086513699
0.07233796958456955,0.04436966159261919,0.0016826098069942811
0.07308247212099886,0.10053146504301157,0.023324174684279622
0.07383463707911256,0.22467817681060828,0.6470871621959056
0.07459454332057087,0.07397310187332706,0.005291689176594715
0.07536227051867841,0.0814597956991097,0.011267746709919911
0.07613789916673762,0.2966929283533375,1.4546758324199953
0.07692151058648815,0.06076741325128523,0.0032973517504123074
0.07771318693663318,0.07234054699591666,0.005755447765273644
0.07851301122145343,0.07480174605335449,0.00669623241830193
0.0793210672995099,0.3202250179378419,1.7820329705631388
0.08013743989243599,0.06269073288183041,0.002964087568260835
0.08096221459382043,0.09157153033190615,0.013905432573911034
0.08179547787818127,0.09613846021263128,0.06664648637184147
0.08263731711003251,0.70422236678522,4.551067040332998
0.08348782055304395,0.3014190212652228,1.5758971859948971
0.08434707737929519,0.08166647536309131,0.021136911976682684
0.0852151776786251,0.06168663972027532,0.005348151525567387
0.08609221246807741,0.22118389291173593,0.915490060867992
0.0869782737014434,0.45470402983716757,3.3201587052689345
0.08787345427890295,0.17415037561421395,0.44974700055028777
0.08877784805676485,0.09353256458044946,0.061269852297236305
0.08969154985730717,0.3310976547554346,1.9077771631496103
0.09061465547871908,0.06375133602452547,0.008319802928136317
0.09154726170514495,0.07322823376751177,0.03384258558049105
0.0924894663168317,0.09065890136450563,0.01165444505195565
0.09344136810038083,0.31477519716834534,1.6300578975220972
0.0944030668591058,0.15635473288801272,0.37070398756216316
0.0953746634234957,0.7221723030756927,5.168013993273846
0.09635625966178754,0.1784438891723055,0.5229132232230495
0.09734795849064636,0.43686038707701336,2.2443532359593417
0.09834986388595567,0.26453475760662665,1.2777619153608248
0.09936208089371903,0.11090799405325726,0.1799147538104985
0.10038471564107372,0.36581669009324524,2.2107622624943635
0.10141787534741771,0.06758334448845373,0.004717590798259643
0.10246166833565123,0.829544400679736,6.225827167531788
0.10351620404353405,0.6089124221652541,3.5856408844338583
0.10458159303515961,0.9371951921275914,5.978028388468784
0.1056579470125472,0.27922436253794514,0.8590354013736748
0.10674537882735353,0.06720000295657233,0.007174808336335764
0.10784400249270486,0.06114973614919608,0.0030433294653646973
0.10895393319515069,0.15869513738522634,0.34879655082683875
0.11007528730674082,0.131873728063234,0.29892445394708833
0.11120818239722638,0.6901059187151987,4.409069946045025
0.11235273724638667,0.25117690473458865,0.7649308468438526
0.11350907185648267,0.08388456979651338,0.00810362423773519
0.11467730746483895,0.12860378040867887,0.1349515872486978
0.11585756655655484,0.06816310721802651,0.005277344128606097
0.11704997287734659,0.7275777822552959,4.975194275953557
0.11825465144652161,0.06534498977484866,0.003109947149703726
0.11947172857008631,0.07569968667035033,0.03791956628766965
0.12070133185398878,0.050881938673986986,0.0016320067932896693
0.12194359021749775,0.5370376558953464,3.3066091145151795
0.12319863390671942,0.09042349116446358,0.006495395536635123
0.12446659450825313,0.22714027740637613,0.8091550863902732
0.12574760496298792,0.5308084192166946,2.161225491829315
0.1270417995800404,0.28403034942076255,0.8879197407647615
0.1283493140508372,0.3790314034718101,2.515145308138316
0.12967028546334133,0.46185506779862934,2.3944029343916617
0.1310048523164254,0.43981899738735325,3.1955928981589805
0.13235315453439267,0.08464051751586464,0.02322586039044363
0.13371533348164769,0.06566588957727333,0.008243948473649627
0.13509153197751772,0.2739406053080137,1.1420028115861327
0.13648189431122687,0.36840600997329154,1.9658719732655505
0.1378865662570242,0.07623155817002639,0.006014454222806775
0.13930569508946766,0.5746860303888567,3.7148048647510135
0.14073942959886532,0.08713799324643419,0.008924502103079972
0.14218792010687537,1.1693838312613927,8.001221038755537
0.14365131848226684,0.3657947010786129,2.3044214981047766
0.14512977815684242,0.09388887131450592,0.0161501380743136
0.1466234541415253,0.32010574762243693,1.1045234692531618
0.14813250304261136,1.0952451737661917,6.871847141538978
0.14965708307818884,0.06084193618087453,0.0025769258695768358
0.15119735409472687,0.7105270216784739,4.774221311555133
0.1527534775838348,0.8149865720012992,4.5818476743702945
0.15432561669919395,0.08640398297877754,0.03983553516385056
0.15591393627366368,0.4820548163489778,3.6582265560846325
0.15751860283656344,0.07706401625219277,0.0057073611126809325
0.15913978463113287,0.5014027428867014,3.7669829054729105
0.16077765163217136,0.2056250493213299,0.3778173893616092
0.16243237556385925,0.267799060055106,1.1099834998892404
0.16410412991776258,0.8811179241623223,6.939203426708753
0.1657930899710229,0.9260360167199067,6.234264100618089
0.1674994328047345,0.17174418238586528,0.4134690443987968
0.16922333732251085,0.04938286547005606,0.0017746117812379313
0.17096498426924125,0.1652364170365479,0.25639907376059373
0.1727245562500423,0.0916859456022137,0.061594902877040475
0.17450223774940266,0.09482977710242821,0.07245350535981573
0.1762982151505258,0.5163346192168905,3.0434157515986326
0.17811267675487147,0.38569894366833557,1.7779168244997456
0.17994581280189842,0.3898592534144892,2.265637109545633
0.1817978154890104,0.4060178886527853,1.8998745929414655
0.1836688789917071,0.07240265191412378,0.005404166907968678
0.1855591994839431,0.07790757594002506,0.005015311156089891
0.18746897515869543,0.20363234476400557,0.7149441307058175
0.18939840624874393,0.05430017291567688,0.003363930574722977
0.1913476950476645,0.25470159894951055,1.0527098398979011
0.19331704593103896,0.3580744936623282,2.0423143471982
0.1953066653778831,0.07023645636339508,0.0039734473149479815
0.19731676199229511,0.107076401435873,0.02431385447924201
0.1993475465253271,0.0689602139403819,0.004368192323202651
0.20139923189708134,0.6548149127626686,3.271197301744649
0.20347203321903432,0.06389982434167062,0.004649764302958979
0.2055661678165903,0.08207484934888215,0.006332806436040903
0.20768185525186703,0.4611971627387481,2.455703984629254
0.20981931734671605,0.2927279922671226,1.1769495667754166
0.21197877820597988,0.08827098795248502,0.008559453939108584
0.21416046424098853,0.378406686908848,2.373039188435508
0.21636460419329795,0.08165533780022435,0.010546820793765567
0.2185914291586726,0.09104386785743114,0.009486337270018314
0.22084117261131514,0.2570534941267255,1.1683118798487422
0.22311407042834505,0.3632188674389773,1.4260171480150867
0.22541036091453004,0.202416002200427,0.50194008738239
0.2277302848272702,0.4263782899805497,1.9397532731738856
0.230074085401842,0.15150521084549104,0.22487232898717952
0.23244200837689966,0.3879253282376936,2.1979370651715713
0.23483430202024014,0.4896730841029177,2.2951880001405582
0.23725121715483313,0.4563270801604934,2.62483780183796
0.23969300718511885,0.05983929336358456,0.0023586507644129916
0.2421599281235765,0.35412641954158236,1.991203642820565
0.24465223861756635,0.07040778114750562,0.0043149251868053635
0.24717019997644776,0.08338357855580544,0.007841149242804733
0.24971407619897665,0.19434062215792594,0.3647385257222026
0.25228413400098465,0.7357064418066651,4.309105165216967
0.2548806428433433,0.1716449203964195,0.3112008743392798
0.25750387496021593,0.15279376153810204,0.20643640877800806
0.2601541053876006,0.20506984899315417,0.4952314835181827
0.2628316119921664,0.284916379495657,1.1197566506316616
0.26553667550038673,0.20849505234676582,0.7014460529261425
0.2682695795279725,0.08717661258715452,0.05132801302959682
0.2710306106096079,0.5436112643180041,3.3787932805703886
0.27382005822899314,0.6774065099955533,5.114546103935206
0.2766382148491949,0.06444428819136726,0.004850121508284883
0.2794853759433104,0.20183689543282987,0.6240886569217933
0.28236184002544684,0.0724027266824326,0.0036019336145663326
0.28526790868201907,0.4099377880684459,1.9458345857007655
0.28820388660336993,0.5179708286817722,4.1369085820593
0.291170081615716,0.42819625696586866,2.8894001031676635
0.2941668047134219,0.4399987932209822,2.584987185956937
0.297194370091607,0.43667051072414453,2.3698477985360706
0.30025309517908727,0.3099364066272107,1.2433585544167451
0.3033433006716573,0.7518055853685467,4.394187069606393
0.30646531056571247,0.09537873480518999,0.010249877975206668
0.3096194521922206,0.06961078003934419,0.006175144361641706
0.3128060562510402,0.759849138958535,4.014563020380673
0.3160254568455936,0.09338993698914443,0.011114300972653273
0.31927799151789604,0.08443613518319523,0.007797583798076251
0.3225640012839461,0.20931528267182917,0.7907930307036533
0.3258838306694796,0.13739191273298526,0.1891557521645928
0.32923782774609206,0.5747096475646578,3.633893447939504
0.33262634416773246,0.1671522555013743,0.26362772502779025
0.3360497352075732,0.08042200072484387,0.004074616857729593
0.3395083597952586,0.1412996360847086,0.21769631836204711
0.343002580554538,0.4100777591239958,2.3529908125096926
0.34653276384128484,0.23963652361198426,0.654680668219163
0.3500992797819082,0.24611755046741654,0.90994927254892
0.3537025023121588,0.05931186247339512,0.003971618386633069
0.357342809216335,0.2740682835373321,1.4177457415901424
0.3610205821668918,0.08883191762105767,0.007552019521004313
0.3647362067644582,0.22356313875408299,0.8805139466164391
0.36849007257826544,0.5812157025282384,2.954952523833932
0.37228257318699215,0.4198612954042961,2.1975808522255695
0.3761141062200297,0.14751644345661502,0.28005078547469336
0.37998507339917187,0.06647397642372502,0.004594222263442248
0.38389588058073404,0.13865573863904523,0.14360744998880412
0.3878469377981056,0.5330129801454883,2.7083014885931265
0.3918386593047405,0.15375333682858736,0.2790193749432108
0.3958714636175901,0.08214503507023646,0.015044364467700497
0.3999457735609832,0.2809344011626697,1.3432092986957078
0.40406201631095773,0.5225204822224722,4.010703778834003
0.40822062344004717,0.10414915427702523,0.01275194854179781
0.4124220309625317,0.0702877339031331,0.004074948825193172
0.41666667938015095,0.48970157735424397,3.1715118890603247
0.4209550137282893,0.07751975546528497,0.007610585205817365
0.4252874836226364,0.08852681415901043,0.009675518680427847
0.4296645433063275,0.08164586526400965,0.004348565365807141
0.434086651697569,0.08684155494790322,0.04283657862663959
0.4385542724377547,0.06093476325585501,0.0036924804262394714
0.4430678739400764,0.07593091136641117,0.009371484476292626
0.4476279294386356,0.07921775915631246,0.006491113461214198
0.4522349170380602,0.05534626357994855,0.003262520858325573
0.45688931976363173,0.10247028632091057,0.014220948306390877
0.4615916256119291,0.08052417115186732,0.006588774925694006
0.4663423276019932,0.06247522170175125,0.004132840718359504
0.4711419238270176,0.07138395517518559,0.0076007718261726365
0.4759909175065723,0.2219450752504431,0.722574179001244
0.48088981703936406,0.06963404613269847,0.00848987807929964
0.4858391360565404,0.3378631157542944,1.9612157435845279
0.49083939347554145,0.08291051148456546,0.004937575842693767
0.4958911135545069,0.07971477172399269,0.01236892553087261
0.5009948259472422,0.11756052382164593,0.02471236535241985
0.5061510657587512,0.30529084986952354,1.657147784652857
0.5113603736013391,0.06170424547748652,0.0028736274436532024
0.5166232956512945,0.060896310209368504,0.002183708379745172
0.5219403837061534,0.0818059256747689,0.007204928464059032
0.527312195242553,0.25918974695430685,1.192769209882034
0.5327392934746815,0.06775981779648335,0.003216460419240636
0.5382222474133287,0.5730445548076758,3.1492487055399567
0.543761631925545,0.2656503589612616,1.3172761170396114
0.5493580277949124,0.06881868307950255,0.004656727905755176
0.55501202178244,0.3319030587776704,1.9857128834431352
0.5607242066880822,0.05773197270075958,0.005098126812316064
0.5664951814128917,0.08388941205815957,0.009676989348285188
0.572325551021812,0.08260124664226118,0.047842637754838706
0.5782159268071165,0.828561916373607,6.497348106074374
0.5841669263524998,0.1469484170086795,0.1541968082049467
0.5901791735978291,0.4505502091991433,3.3805942505200286
0.5962532989045624,0.08713254426510185,0.010497903415153768
0.6023899391218388,0.06049095816747773,0.0023564101257326367
0.6085897376532502,0.07276732387890403,0.006393755179121463
0.6148533445242998,0.05879368411395052,0.0033595622631935394
0.6211814164505546,0.07342377008102666,0.009797656415479474
0.6275746169064993,0.4304163032663702,2.56822728230076
0.6340336161950998,0.051752968871548066,0.0027479896172757884
0.6405590915180813,0.05831376999995544,0.002711823618435907
0.6471517270469308,0.32422670946844806,1.2965418515661389
0.6538122139946294,0.33875322090997617,1.1608421871692616
0.6605412506881239,0.0568424148619702,0.004989417628433284
0.6673395426415435,0.07496771700451844,0.004687848942538023
0.6742078026301703,0.060921466444377646,0.006403920083254555
0.6811467507651711,0.4041047502574735,2.7884573685547864
0.6881571145690982,0.07089496092435024,0.005712434441591266
0.6952396290521679,0.05979699755173777,0.0030353859688160485
0.7023950367893228,0.08918530196160801,0.011519155398576114
0.7096240879980887,0.30536849861353027,1.6669799662775724
0.7169275406172317,0.058623133182387425,0.003395115880950389
0.724306160386226,0.10627854763935618,0.018105721662516082
0.7317607209255356,0.1406000509834728,0.349626361385243
0.7392920038177307,0.05491339807386214,0.003537231125264221
0.7469007986894298,0.055324840428990114,0.003112253241641513
0.7545879032940906,0.07927035460431797,0.007319164667959026
0.7623541235956507,0.06981993245076398,0.003993419373347797
0.7702002738530305,0.5749618891668675,3.2892331024330086
0.7781271767055048,0.7628098439715792,5.340361718070488
0.7861356632589538,0.049262768890209564,0.0024979394638925127
0.7942265731730008,0.0661048700268406,0.003132517535605793
0.802400754749048,0.044635778558453035,0.001993800183849624
0.8106590650192175,0.05947522072225649,0.002763625470903717
0.8190023698362074,0.05436642479264055,0.0028950431370139912
0.8274315439640743,0.08110679472987395,0.004769968584830112
0.8359474711699475,0.055669720611065704,0.0037533914523245255
0.8445510443166901,0.061316144521133306,0.0042331502209763654
0.8532431654565116,0.04780825914452797,0.0022495059038299264
0.8620247459255443,0.09013879186082031,0.01274508617394428
0.8708967064393944,0.07262662097278065,0.004983866040862121
0.879859977189675,0.06540060463432097,0.004584939947750593
0.888915497941533,0.06864607036195641,0.005328900927748312
0.8980642181321804,0.04868714641074335,0.001666927739091112
0.907307096970439,0.06998639894248285,0.004218779921370176
0.9166451035373097,0.0626976134960859,0.004834397219317503
0.9260792168875771,0.05654950983157556,0.004362710841934487
0.93561042615246,0.12039902886586322,0.21690961190427846
0.9452397306433175,0.06256255458987721,0.0026648380368690045
0.9549681399564235,0.2774414693404807,1.3474667519329395
0.9647966740788197,0.18850485786445306,0.6925264488073031
0.9747263634952539,0.06547435078062497,0.0037064311078646387
0.9847582492962278,0.06140400896601299,0.0028499942600115694
0.994893383287148,0.41458559096266784,2.561892979327908
1.0051328280986045,0.05299152561732442,0.0035145555972269224
1.0154776572977835,0.10458423921471813,0.02885868378536026
1.0259289555010267,0.0586039908628256,0.005440175652063122
1.0364878184875503,0.054385073364929086,0.001694782502144168
1.0471553533143318,0.050761346817997405,0.005647883525133054
1.0579326784321819,0.16615080324245413,0.44640353475342476
1.0688209238030089,0.05400819088588925,0.004765196296871493
1.0798212310182915,0.044391000242672576,0.0014489433474680767
1.0909347534187712,0.05438583735072086,0.00238648304956617
1.1021626562153741,0.07414903264524392,0.009093190812055152
1.1135061166113793,0.05261671885483226,0.0026791272946168356
1.1249663239258456,0.05417074688053506,0.002711209504775434
1.136544479718305,0.06508009272557178,0.004360987134482808
1.1482417979147437,0.049821002492136446,0.0016406280895282883
1.1600595049348759,0.06597520776156461,0.0049478543564687024
1.1719988398207304,0.06587160371158127,0.0045100011847864704
1.1840610543665595,0.05081645799763802,0.0026277598926515893
1.1962474132500842,0.09749688238060249,0.05221161188695843
1.2085591941650915,0.05880911664856115,0.002040222176399297
1.2209976879553954,0.049105532248689326,0.0018047056228590098
1.2335641987501775,0.06290570643976724,0.0032880478281495894
1.2462600441007192,0.07354152493844587,0.00566842969554794
1.259086555118543,0.056473977425665116,0.002662178055321647
1.2720450766149736,0.05217150620218743,0.0027990120688803086
1.285136967242137,0.04199333234520013,0.0014078824982171226
1.2983635996354097,0.06400745563544741,0.006557096522238303
1.3117263605573342,0.16737840193109355,0.6128527213906297
1.325226651043016,0.05244687076986527,0.002731149959800072
1.3388658865470175,0.04449767899792922,0.0012742317788333193
1.3526454970917619,0.0645983009678831,0.008822992618485855
1.3665669274174659,0.05017899651239096,0.005860039374588269
1.3806316371336167,0.05520181283941351,0.0021079564319434743
1.394841100872004,0.04499088495716389,0.001175023128554247
1.4091968084413324,0.04465256662511068,0.002339127400203374
1.42370026498342,0.04856131631584002,0.0023635289958418688
1.4383529911310078,0.04588354646512278,0.0017776464397730603
1.4531565231671921,0.05424722703504575,0.0017022251489980222
1.4681124131864987,0.04999106136919536,0.002472293661762839
1.483222229257613,0.04356805128474917,0.0011991199202409123
1.4984875555877895,0.03572196540805417,0.0011862907906473158
1.5139099926889386,0.06542177682271548,0.00475925931408355
1.5294911575454513,0.05737889380316111,0.005947649433037314
1.5452326837837227,0.04169655070930387,0.0011030267236635154
1.5611362218434341,0.04722525032701597,0.001909536708637285
1.5772034391505954,0.04447561785780358,0.0025571719549267423
1.5934360202923685,0.04391882270355721,0.001396022995642567
1.60983566719369,0.051213200604840366,0.0022876712561391943
1.6264040992957118,0.04578327231445695,0.0012881867925933353
1.6431430537360778,0.051474652056661456,0.0019426878907795883
1.6600542855310554,0.04217689867724289,0.0013749545661126917
1.6771395677595442,0.04753460839314568,0.0038794187326138094
1.694400691748975,0.04275330519020828,0.0013690828308913305
1.7118394672631245,0.05953150992041936,0.002984432271275998
1.729457722691862,0.0414112626601711,0.0011960098341175674
1.747257305242849,0.04282676477764045,0.0011998105179320908
1.7652400811352127,0.04223800360940932,0.0015121763610569125
1.783407935795211,0.03567638388186238,0.0009787223424449372
1.801762774053913,0.036041871340392675,0.000930741317291124
1.8203065203469135,0.05621747788445869,0.003320050731376896
1.839041118916102,0.04491017998873778,0.001292606953479744
1.85796853401351,0.03550361714684494,0.0007660532366989407
1.8770907501072551,0.03009551478505821,0.0011228565227710979
1.8964097720896047,0.041524035393377456,0.0016308222609484268
1.915927625487182,0.03811899453096029,0.0013373596941460872
1.9356463566733342,0.05749155158581232,0.0023938093027466452
1.9555680330826875,0.043352454804635,0.0020026592629992348
1.9756947434279097,0.047134929799629605,0.0017245507217957087
1.9960285979187038,0.04394728178387621,0.0019105750580097009
2.016571728483055,0.038145151649518726,0.00116445010801551
2.0373262889907573,0.038465892079387706,0.0011250869273092966
2.0582944554792353,0.04639217895621016,0.002162955386356742
2.079478426381697,0.0538177415064676,0.0017291066163590907
2.1008804227576285,0.05127575988289499,0.0021902558886624617
2.1225026885256653,0.05564255808526174,0.004017542230356988
2.144347490698858,0.036600317669087015,0.0010411777307765104
2.1664171196223614,0.0641490844199818,0.01184894143889341
2.1887138892135662,0.0434461652706122,0.002059608441779101
2.211240137204706,0.039870963941350264,0.0014883960681353688
2.23399822538796,0.041068091526183514,0.0016661275469715012
2.2569905398630774,0.04914638059507826,0.0016546907378028183
2.280219491287551,0.042118618042540926,0.001533798021800983
2.3036875151293654,0.04226130986708977,0.0013536650690851445
2.327397071922347,0.031771189503719655,0.0009461131472969628
2.351350647524142,0.03712240611775191,0.0011196863226484914
2.375550753376848,0.04085503399888524,0.000940272233946685
2.3999999267703305,0.034284060341112865,0.0008527181974777578
2.424700731108248,0.04273448951840675,0.0021037306807557754
2.4496557561768135,0.03642064295288132,0.0009690065287091475
2.4748676184163267,0.04493676963269591,0.0017348181743743678
2.5003389611954963,0.03425739751165794,0.0009977655052591146
2.5260724550885865,0.03717905272175423,0.001961315877790399
2.552070798155418,0.03211215625855597,0.0008587590946692526
2.5783367162242485,0.04142246445743913,0.0012587873441847167
2.604872963177567,0.04635725157444152,0.0032711308613584127
2.631682321240825,0.03798413024223914,0.0009601412511458267
2.6587676012741466,0.03182331609309013,0.000834200710585338
2.686131643067038,0.03435281131073463,0.0008689979665714087
2.7137773156361087,0.03934150954020622,0.0013619456202331624
2.741707517525911,0.03621782372478577,0.0008633977043938986
2.7699251771128166,0.031381003439040815,0.0007448242022837211
2.7984332529120546,0.033642355272174844,0.0010601341164157693
2.8272347338878983,0.041359780652752934,0.0020844470054531875
2.8563326397670474,0.04047303683287794,0.0014351614919445614
2.8857300213552364,0.028077965918707825,0.0006383701281847823
2.915429960857097,0.03699714612550504,0.0011767743509071603
2.9454355721993193,0.02862960927113014,0.0007161643078300781
2.9757500013571327,0.027358570014806263,0.0004232866439845777
3.0063764266841506,0.03176776345924307,0.0006567088780626569
3.0373180592456075,0.03433301575730121,0.0008677505774058103
3.06857814315503,0.04319627595929101,0.0017385432920287206
3.1001599559143664,0.03759645079352484,0.0013954070060861873
3.1320668087576227,0.029991545721178365,0.0007761867397402013
3.1643020469980323,0.0340446124765613,0.0009543660931670092
3.196869050378799,0.03739655172443158,0.0008264221256813387
3.229771233427451,0.03066378547904274,0.0005951854294407801
3.2630120458138423,0.037851023017420014,0.0011885165437543934
3.2965949727118344,0.019467212443667614,0.0002501513818102611
3.330523535164707,0.028442068848976355,0.0005089306419195188
3.3648012904543236,0.03281909551875347,0.0009503679083836174
3.3994318324741015,0.030344942197094535,0.0011154484357869452
3.4344187921058156,0.027980528499248578,0.00047484998228445935
3.4697658376002836,0.03701844249280284,0.0012036824977708946
3.50547667496197,0.03492734296371714,0.0008819641468825439
3.541555048337543,0.03928406536842016,0.0012442061000004522
3.5780047404084376,0.03176227298230053,0.0008901921671490578
3.614829572787454,0.029644517825136392,0.000992973938732653
3.6520334064194393,0.0313687857647283,0.0009293330255357472
3.6896201419860923,0.02983622731067677,0.0006721274648270249
3.727593720314938,0.027875446181775756,0.0007023411290491448
3.765958122792505,0.031243745133497463,0.0008067699368666599
3.804717371781761,0.03647621963527823,0.0009565047501715071
3.843875531043842,0.027248690784063397,0.0005338381003116007
3.8834367061641224,0.03762201727586857,0.0009546182854492638
3.92340504498267,0.023948941135484993,0.0003679641447950382
3.9637847380291307,0.032208500181358055,0.0009388773522013803
4.004580018962091,0.02731277255712362,0.000678385194942086
4.045795165012961,0.029878716882327124,0.0007875291156523437
4.087434497434423,0.03051311085394231,0.0007637736425013148
4.129502381953506,0.024683576293625432,0.0005152198226300278
4.172003229229306,0.028296784194427466,0.00041630875374916605
4.214941495315434,0.033785327990928066,0.0009604833907477033
4.258321682127213,0.0275693113612364,0.0005560126657455486
4.302148337913691,0.02887895215271788,0.0007745731509898749
4.346426057734501,0.025952995410816804,0.0005568918338901351
4.391159483941642,0.02888999213188462,0.0007537605095212346
4.436353306666209,0.038359124579417245,0.0014485976381480152
4.482012264310136,0.030790301831833053,0.0006917714597277134
4.5281411440429995,0.027609401398805657,0.0008225162401320513
4.574744782303935,0.029615564583028324,0.000689657523256837
4.621828065308724,0.029884393030852437,0.0007584188843276232
4.669395929562083,0.03352095497055723,0.0007997663080036431
4.717453362375254,0.029707309057171404,0.0005716833132565485
4.766005402388892,0.029609541700722365,0.000620322295363729
4.815057140101363,0.02632536429286582,0.00037823591383452616
4.864613718402424,0.029197016402473436,0.0008055048501309234
4.914680333112494,0.0204799081822688,0.00032550510518948524
4.965262233527376,0.021669837534862166,0.00038760990206960876
5.016364722968637,0.030316164633363337,0.001083298471233699
5.067993159339642,0.027638750967135237,0.0005677589057592867
5.120152955687307,0.024802042311114433,0.0005870977967312197
5.17284958076964,0.02267789111852369,0.0004092074081303937
5.2260885596291144,0.024237577221136525,0.00039926390228333124
5.279875474171958,0.024698398795180893,0.0004935902240682828
5.334215963753385,0.02775844056174185,0.0005181072834091664
5.3891157257688675,0.032276993473901075,0.0006710589357310579
5.4445805162514835,0.023816486631447684,0.0005336610542117435
5.500616150475414,0.022743490101091446,0.0004703459424100076
5.557228503565658,0.026062027666356718,0.0005208043317619111
5.614423511114009,0.022880684733002442,0.0006212456924992308
5.672207169801387,0.026123210261243174,0.000531706243829506
5.730585538026564,0.03175406074022796,0.0008148654814439233
5.789564736541363,0.028205022917907874,0.000809188407845439
5.849150949092402,0.030168942132833665,0.0005107129245810254
5.909350423069427,0.02993061228625116,0.0008543157696339347
5.970169470160338,0.019995739534704206,0.00030217847161151005
6.031614467012935,0.025410629661907196,0.0004452780800057013
6.093691855903495,0.02988253327525016,0.0007932119281270043
6.156408145412214,0.026512389976809585,0.0005106337295061489
6.219769911105609,0.02225444505222105,0.00043196118617741194
6.283783796225942,0.019523171172509873,0.000312402698827901
6.348456512387739,0.02303902144960894,0.0003958612371367557
6.413794840281477,0.02267669670355492,0.00038101423326268504
6.4798056303845115,0.024038071066280742,0.0005390681113483197
6.546495803679329,0.020501560687960323,0.0002837326976840713
6.613872352379179,0.02225534232137323,0.0003138656912933383
6.681942340661188,0.018999052076061767,0.0002845247165568076
6.750712905407005,0.019385482829150563,0.00020761399985394784
6.820191256951084,0.01998756664752762,0.00032677472747562835
6.890384679836652,0.02370296118126019,0.00044830385876486157
6.9613005335794735,0.025127923311513978,0.00034797763533166886
7.032946253439464,0.027531022662230693,0.0006845030210750374
7.1053293512002496,0.020070347346319954,0.00035791774694843433
7.178457415956751,0.026709249653014844,0.00046789243042181703
7.252338114910866,0.019169991450150265,0.0003224212821974235
7.3269791941753555,0.020730063381358358,0.0002867330856168367
7.402388479585985,0.02033898383473034,0.0003460949401247135
7.4785738775220425,0.024441064448534992,0.0004355823716180611
7.555543375735285,0.02446882107097752,0.0003699745269629159
7.633305044187428,0.020656885330738367,0.00028306202641210703
7.711867035896253,0.022694995126184066,0.0005196890291015552
7.791237587790413,0.019928819213359886,0.0002440356721691704
7.871425021573054,0.02435226186480153,0.0005628243643712896
7.952437744594302,0.021994297909916402,0.00034850803439253003
8.034284250732753,0.020126594382537992,0.0003879851014771062
8.11697312128602,0.022214387279231834,0.00037620605104831
8.200513025870444,0.021524814137808233,0.00030709496506577577
8.28491272333008,0.021418523321520732,0.0004119626600543244
8.370181062655027,0.0187821888480911,0.0002752882196543709
8.4563269839092,0.021035867153119763,0.00037561735143279564
8.543359519167682,0.023130053880534622,0.0003966192963965479
8.6312877934637,0.022289323713639224,0.0002891812794563924
8.720121025745295,0.016385008362116545,0.000215692137386591
8.809868529841992,0.021784736709081234,0.00029349701990958596
8.900539715441251,0.018287038748851393,0.0002155085472319698
8.992144089075056,0.021640657601003283,0.00035916712462499324
9.08469125511664,0.019195456061026593,0.0002367520988331281
9.178190916787463,0.018451003208072678,0.00022374910430034232
9.27265287717456,0.016618652462917875,0.00022248647876684012
9.368087040258361,0.022627943826810923,0.00045990757264648585
9.464503411951085,0.025799947492913814,0.00040752043218160385
9.561912101145818,0.018244964054818055,0.0002874180622606059
9.660323320776397,0.01946607069706019,0.0004592714383268028
9.759747388888192,0.01804360854152304,0.00023937635735160894
9.860194729719922,0.018598579337113574,0.0003119657547722531
9.96167587479659,0.016610843005989244,0.00018343494824304686
10.06420146403368,0.019060677053217952,0.0003435363241578885
10.167782246852706,0.01984259275667402,0.00028923674096356243
10.272429083308252,0.01999697212050063,0.00025538073103479307
10.378152945226606,0.016190542540613244,0.00017375773725569022
10.484964917356116,0.01395789378218617,0.0001636019043685864
10.592876198529385,0.017166191452163936,0.0003003434356194187
10.701898102837424,0.017443505831804706,0.00023199270960222223
10.812042060815891,0.015954281259012236,0.00019509183501294311
10.923319620643543,0.017700974754164916,0.00023651281166690104
11.035742449353016,0.015077443796277203,0.00015517825354334738
11.149322334054071,0.020332270815556695,0.000335305509072016
11.26407118316943,0.020026271306757503,0.00028967816537097454
11.380001027683322,0.01760027248152596,0.00021135553892466974
11.497124022402897,0.01782599781871314,0.00020475179708281298
11.615452447232602,0.017687258790434163,0.00017907608907521884
11.734998708461688,0.018456584277082612,0.000307330695357418
11.855775340064962,0.011414340776821838,9.433403507296882e-05
11.977795005016924,0.014542959927882532,0.00014885991535174586
12.101070496619435,0.019727844655003882,0.00042367701221281996
12.22561473984305,0.01493961835107204,0.0002453517769259746
12.35144079268214,0.015712114795791543,0.0001766224509773989
12.478561847523991,0.018300730167110126,0.0002222882110451575
12.606991232531962,0.01662936804738369,0.0002466007761347915
12.736742413042897,0.021694996034591664,0.0003238131382394747
12.86782899297892,0.016516694617971953,0.00023388496850622922
13.000264716273742,0.011819682347760048,0.0001135844031675444
13.134063468313677,0.017271695644208152,0.00022215240019430303
13.269239277393462,0.015981338178527288,0.0001990097348241772
13.40580631618707,0.01760138939884772,0.00017859825124772588
13.543778903233669,0.014971722594152689,0.00021366796132794722
13.68317150443886,0.018875405095716252,0.0002520951521210639
13.823998734591378,0.017713847304103934,0.0002707513580243508
13.966275358895388,0.019070611411251215,0.0002258359076947584
14.110016294518575,0.013980604057099172,0.0001373873980994569
14.255236612156143,0.017889884296621215,0.00024849361415269584
14.401951537610922,0.01825246950555752,0.0003047732815056948
14.550176453389735,0.014909341570811793,0.0001610707433327915
14.699926900316205,0.018514729454055454,0.00027678779686814576
14.851218579160136,0.014203617702567032,0.00014308827169654038
15.004067352283695,0.012670639642271591,0.0001526421605244541
15.158489245304509,0.01605498204114025,0.00016596295143524149
15.314500448775899,0.011297205222582034,0.00010118917712375163
15.472117319884427,0.01857088796413979,0.0002647469242632011
15.631356384164755,0.015882151232965835,0.00023988242074240654
15.792234337232482,0.013762505747340023,0.00016402359487318897
15.954768046534484,0.017515280236187494,0.0002379120883035618
16.11897455311744,0.01454695769697359,0.0001644150692010387
16.284871073414507,0.012630280795951108,0.00010250087517679038
16.452475001050423,0.010870308620993623,8.178556033833722e-05
16.621803908665143,0.01541607349039593,0.00013997468520247843
16.79287554975626,0.013282074905185232,0.00013572406871569653
16.965707860540416,0.01582432437198544,0.00020321815375879814
17.140318961833827,0.011452309894887122,0.00011292007603634353
17.316727160952187,0.016240697305934394,0.00018500591813738
17.494950953630124,0.01504578461918983,0.00015453014352418153
17.675009025960403,0.014188151785354949,0.0001341506735689114
17.856920256353096,0.014974600589152957,0.00018435856742637642
18.040703717514916,0.012506918127270776,0.00010326308867504862
18.22637867844891,0.014528973510129594,0.00017045585367372345
18.413964606474746,0.015727924346181775,0.00022744439008253213
18.603481169269788,0.014780845396841682,0.00020221389435406628
18.794948236931177,0.019916326953913478,0.0002522564529191115
18.98838588405913,0.012771690349777336,0.00014046956004540347
19.183814391861706,0.0165298083215698,0.0002119918692994959
19.381254250281188,0.013926474206011083,0.00011908078190728916
19.580726160142387,0.010981024277046154,0.00011028571199430465
19.78225103532306,0.016247057332257498,0.00021747468288928234
19.985850004946627,0.015425995268457955,0.00015618660966596273
20.191544415597495,0.013528630525779286,0.00018070514279254303
20.39935583355916,0.016390234731697435,0.00017108875449085224
20.60930604707536,0.013585905602204067,0.00016345866749040847
20.821417068634478,0.011525721600548667,0.00010227916909904763
21.035711137277474,0.013381494769944893,0.000138032581186472
21.25221072092957,0.014030132689552574,0.00015193857826164057
21.470938518755915,0.011741706924944896,0.00010546418914088703
21.69191746354152,0.011818784520446424,0.00010532708792141982
21.915170724095667,0.013221727699811782,0.00011808451538593485
22.140721707681067,0.017127473244780044,0.0001864610906500837
22.368594062468038,0.01117495165105749,0.0001031699057234754
22.598811680013903,0.010834657555291607,7.503055720891066e-05
22.831398697767955,0.010201627845254283,6.043745306168729e-05
23.06637950160217,0.014422140563792839,0.0001193711097148542
23.303778728367956,0.011672586501938736,8.096830842593993e-05
23.543621268479257,0.008501138483949556,5.354538054627619e-05
23.78593226852221,0.013011646272779889,0.00014730783701148256
24.030737133891666,0.012015589539567334,9.150951740790884e-05
24.27806153145486,0.012826830953750201,0.00011151306132939755
24.527931392242472,0.01382824675176778,0.00016377341568722
24.78037291416741,0.011876819988738904,0.00012779102242803215
25.035412564771548,0.011547315542231778,8.398263900216051e-05
25.293077084000775,0.010248223454376508,6.599858071115803e-05
25.55339348700854,0.012157172725440257,0.00012510732100687357
25.81638906698833,0.012343383871391162,9.56004814667323e-05
26.08209139803521,0.009771918054374265,7.347232142918285e-05
26.350528338036913,0.009582576595344682,7.961272565780153e-05
26.621728031594603,0.010088491160320205,8.946499894956561e-05
26.895718912973738,0.014296755176509739,0.00011550526418035968
27.1725297090853,0.011389796268751407,7.712216339716236e-05
27.452189442497694,0.01215764810367212,0.00010030803934957553
27.734727434479723,0.011187875388570977,0.00012643506232664698
28.02017330807458,0.011590179236376112,7.899810448221354e-05
28.308556991206046,0.011187947370545969,9.448879080491663e-05
28.59990871981611,0.010676110814593102,6.811509611688413e-05
28.894259041035127,0.009822281219398718,6.923295966796264e-05
29.191638816384597,0.012435662338237908,0.00011138439140770729
29.492079225012855,0.010581950097594002,9.228366948255973e-05
29.795611766964097,0.011320098560399143,9.516387466676019e-05
30.102268266481044,0.008102686640492488,5.4364875284175146e-05
30.412080875341594,0.007500902685171345,4.8863451545452386e-05
30.725082076229803,0.008437210051485228,6.524899857299191e-05
31.041304686141583,0.01115668699918707,6.692754482672553e-05
31.360781859825444,0.01298608381181056,0.0001153640609904786
31.68354709325863,0.012978473001167347,0.00013389075055515528
32.009634227159054,0.010720017957818278,7.810500835605163e-05
32.339077450533374,0.008190031636157193,5.673594090416065e-05
32.67191130426158,0.011822859133148915,8.864178183097537e-05
33.00817068471846,0.009542201928464717,6.801060910016421e-05
33.347890847432375,0.00993560816572425,7.295263262365951e-05
33.691107410781655,0.012237846882299029,9.122774655662879e-05
34.03785635972906,0.012315642102835141,9.839556736825067e-05
34.38817404959467,0.007813454005479371,4.409776408839674e-05
34.742097209867566,0.01063186796938947,7.351127145063956e-05
35.09966294805684,0.008081372489938716,5.285612172904276e-05
35.46090875358213,0.01011037204548719,7.171333717812504e-05
35.825872501704275,0.011291201298738734,0.00010301851507873495
36.19459245749636,0.009094440662537328,5.931070049062759e-05
36.5671072798557,0.011549164901823408,7.542321898704589e-05
36.94345602555705,0.007453636167477396,3.865188454333286e-05
37.32367815334758,0.009387362875279194,5.9048876028097496e-05
37.70781352808397,0.00858125077963072,4.567713346440514e-05
38.09590242491209,0.008428282318336472,4.282704601740197e-05
38.48798553348969,0.01043449210500089,8.222306047750933e-05
38.88410396225259,0.01065725287259878,8.937746480704201e-05
39.28429924272467,0.009017268145427316,5.913816312490039e-05
39.68861333387238,0.008356858658608227,6.701351553985186e-05
40.09708862650395,0.008713962399087189,4.431651308526667e-05
40.50976794771385,0.0082627560196469,4.7010082090628415e-05
40.92669456537314,0.008927714649262881,8.817658205210132e-05
41.347912192665895,0.008193377448432274,5.0673857530603324e-05
41.77346499267236,0.007494694840297127,4.5243474917391465e-05
42.203397582999294,0.009968572362574736,7.240316484195254e-05
42.63775504045798,0.009578257169066146,5.2705125812301255e-05
43.076582905790325,0.009570012600653812,7.570191514218167e-05
43.51992718844363,0.007963384023608312,5.291132707331038e-05
43.96783437139457,0.009749041151163939,6.211645427419792e-05
44.42035141602267,0.008836890564399633,4.93249053578983e-05
44.87752576703409,0.00869093084958969,4.90593686741019e-05
45.33940535743603,0.009507701609835469,4.9840933799367065e-05
45.80603861356225,0.007883936605878734,3.995450577386272e-05
46.27747446015049,0.008323480473370809,4.6549034385649456e-05
46.75376232547197,0.007913973053624422,4.9627118318387034e-05
47.23495214651377,0.009169249200801876,5.172550946653608e-05
47.72109437421459,0.007307274629219005,4.860328997285677e-05
48.21223997875425,0.009865717585803728,5.1836697565326435e-05
48.7084404548978,0.008749953322563364,6.264666280256576e-05
49.2097478273945,0.008890532497470235,5.334939393464915e-05
49.71621465643256,0.00861177016894777,5.004497730852219e-05
50.22789404314946,0.008339073157184481,5.431679243594931e-05
50.744839635199966,0.007500748745426817,6.384324754661444e-05
51.26710563238056,0.006891627489999094,3.026059636884411e-05
51.794746792312125,0.008374204351788298,5.4047895856273935e-05
52.3278184361811,0.010690235604752895,7.510940848161784e-05
52.866376454539676,0.00671908566703237,3.2971142716011074e-05
53.41047731316575,0.009411035788833538,5.165547810599001e-05
53.96017805898312,0.006779393159346035,3.431445996280008e-05
54.51553632604262,0.008786228038294583,5.423292007434883e-05
55.076610341564894,0.00715262228367797,3.853759162187773e-05
55.64345893204524,0.008586837070202852,5.87172580291969e-05
56.216141529421385,0.007532222990876571,3.5061432960869605e-05
56.79471817730467,0.0074244076015284296,4.093508635150269e-05
57.37924953727541,0.008255359217535035,4.778526487220306e-05
57.96979689524306,0.0077226403947493385,4.835650490685473e-05
58.56642216787176,0.007710438384427497,4.786149691144276e-05
59.169187909072086,0.00821839731796832,4.325679596055549e-05
59.778157316559614,0.009681058349049651,5.9124568343265013e-05
60.39339423848093,0.007615820267205563,3.931584191263277e-05
61.01496318010789,0.007564226355452077,4.796743583293917e-05
61.642929310600735,0.009052478486371652,5.488589792618229e-05
62.277358469840834,0.006878618072177861,3.6710853182971916e-05
62.918317175333776,0.007885430659665082,3.847692982703377e-05
63.565872629183445,0.008076659248298448,6.166889779207975e-05
64.22009272513792,0.007846090339242466,4.453755658030544e-05
64.8810460557079,0.006527643679315341,2.7385738379299085e-05
65.5488019193583,0.008445836595735197,4.7709536369096057e-05
66.22343032777404,0.008012071100309404,4.405835609671641e-05
66.90500201320042,0.008241418682202867,7.3147272626806e-05
67.59358843585916,0.007834374979287654,3.778026920012094e-05
68.28926179144074,0.006921815533892371,3.02542252948367e-05
68.99209501867382,0.007240200332632606,4.266836219496249e-05
69.70216180697267,0.007639703331755748,3.3609133917750725e-05
70.41953660416308,0.007336183827553746,4.17571688298524e-05
71.1442946242881,0.008064179019577044,8.04047845541897e-05
71.87651185549379,0.008462755286232347,6.444635273179124e-05
72.61626506799647,0.00655296276853485,4.331167387943344e-05
73.36363182213161,0.0067183791336774676,2.3833170977801064e-05
74.11869047648584,0.008734642840443214,5.452378768576586e-05
74.88152019611255,0.0071736195785202655,3.6779364154117804e-05
75.65220096083199,0.006224522711024993,2.5264797707967492e-05
76.43081357361693,0.005316331538913314,2.4854247550735346e-05
77.21743966906448,0.0077423938753193805,2.9509532134309813e-05
78.01216172195518,0.007616208461436813,4.901953579475093e-05
78.81506305590025,0.0067120159613794205,2.8416363857681134e-05
79.62622785207765,0.006553274767641565,2.931848206979993e-05
80.44574115805817,0.005949929241437055,2.7147025605691473e-05
81.27368889672245,0.006189438006390618,2.6827094959436635e-05
82.11015787526955,0.00751839198269251,3.4520933759438384e-05
82.95523579431843,0.00667676632298858,3.24766256939896e-05
83.80901125710298,0.007103268236114603,6.033564194147054e-05
84.6715737787618,0.0057071617900991195,2.6919383417735472e-05
85.54301379572345,0.007593702363567212,3.784132118452593e-05
86.42342267518845,0.007193736415805959,4.352077554789645e-05
87.31289272470868,0.0067143528946847905,3.7504568063870715e-05
88.21151720186575,0.007709198103024775,4.1011940965530514e-05
89.11939032404797,0.006160423389505218,2.87003407015715e-05
90.03660727832975,0.005680800340713439,3.191747814178481e-05
90.96326423145088,0.004613297958586338,1.6314337777270455e-05
91.89945833989943,0.006620890062454787,2.72141941484572e-05
92.84528776009826,0.006419366922266017,2.8528158910661507e-05
93.80085165869636,0.0076420054149750226,3.9899697171347466e-05
94.76625022296605,0.006869462737921598,3.511151916512528e-05
95.74158467130731,0.005593811002876612,2.6399464748260237e-05
96.72695726386006,0.006038666786236131,2.4788978654639553e-05
97.72247131322582,0.00651505302763569,3.2950437307312115e-05
98.72823119529966,0.006979852294019115,2.592459058145734e-05
99.7443423602135,0.0053372476441231245,1.997746177198716e-05
100.77091134339231,0.0063030672000432145,3.109924794933516e-05
101.80804577672387,0.005816881587104697,3.4621376379899035e-05
102.85585439984357,0.006397743749713891,3.1097968068146625e-05
103.91444707153532,0.005031815224311764,1.8488119492471436e-05
104.98393478124994,0.007628072654312664,4.026670574180783e-05
106.06442966074185,0.006299837625847204,2.4652731355097137e-05
107.15604499582577,0.006710806237227768,3.221355880441789e-05
108.25889523825423,0.00619244175678371,2.86049081993994e-05
109.37309601771746,0.0064638411410938654,2.681971872891286e-05
110.49876415396669,0.006776153696163002,3.287509788483133e-05
111.63601766906231,0.006074385014113731,3.240317281575911e-05
112.78497579974798,0.007215739681538204,3.285941005570625e-05
113.94575900995217,0.005051968825085836,1.7948551378208423e-05
115.11848900341839,0.005253151166828477,2.342213861664191e-05
116.3032887364653,0.0067774533179535395,2.5353771688081226e-05
117.50028243087829,0.0041255788264123365,1.2538290347338682e-05
118.7095955869336,0.005499892696526492,2.327892941239702e-05
119.93135499655658,0.005222940695859344,2.0981546418958157e-05
121.16568875661537,0.004628439644248396,1.4847358721702986e-05
122.41272628235131,0.005525734139794042,2.851628161612549e-05
123.67259832094773,0.004690039563108901,1.8174637772243846e-05
124.94543696523819,0.005370883438676282,1.883035712462198e-05
126.23137566755601,0.006207834177848238,2.7204333516195536e-05
127.5305492537262,0.005739868763907025,2.621511134130396e-05
128.84309393720147,0.005276928059210664,1.6891948932200295e-05
130.1691473333436,0.004163782530576215,1.3847013130019371e-05
131.50884847385205,0.005328350136098851,2.934079297721436e-05
132.86233782134082,0.004654449346434892,1.752768976125206e-05
134.22975728406536,0.005730781542341641,2.1659866849529885e-05
135.6112502308012,0.005916963270421374,2.672439923482348e-05
137.00696150587572,0.005234312769268716,3.281412169887006e-05
138.4170374443543,0.005382678973547179,2.8272042494026025e-05
139.84162588738317,0.005509774153327822,2.388874751657782e-05
141.28087619768996,0.005014618218182333,1.8939338245567683e-05
142.7349392752438,0.00505324227321886,1.6835503451960816e-05
144.2039675730766,0.004600611973703394,2.0477084598165903e-05
145.68811511326726,0.004806108544689746,1.4454301362729528e-05
147.18753750309014,0.004538970585033636,1.7443658612090896e-05
148.70239195133013,0.005111738011379959,2.2483928248695067e-05
150.23283728476517,0.0065314177598850285,3.6804472790844e-05
151.77903396481875,0.004364692607569302,1.6517208529641787e-05
153.34114410438372,0.004576300361215002,1.5933314316613913e-05
154.91933148481908,0.0043007453576219415,1.5437121885063587e-05
156.513761573122,0.004092210615299056,1.1226880223753133e-05
158.12460153927665,0.005011232707718951,1.4968013316249453e-05
159.75202027378003,0.004687773281232059,1.5529393629837194e-05
161.3961884053515,0.004445784286219387,1.8866444015539392e-05
163.0572783188212,0.004377532462169537,1.3061357881918198e-05
164.73546417320432,0.005803042912237859,2.608889347286811e-05
166.43092191996104,0.0046801857295929675,1.7187423172275382e-05
168.1438293214443,0.004639114755725845,1.336939313852192e-05
169.8743659695375,0.005851608422342128,2.740040820553936e-05
171.62271330448425,0.005498316248836076,2.7951488419159115e-05
173.38905463391137,0.004157221519957178,1.2129353600148651e-05
175.17357515204827,0.0043468325374580695,1.3954933387982694e-05
176.97646195914368,0.00397610068673383,9.124399197997066e-06
178.79790408108252,0.004009585586927188,8.720005160258313e-06
180.63809248920455,0.0036998158828796153,1.2807620458218721e-05
182.49722012032694,0.0046164830020290855,1.508102417152368e-05
184.37548189697299,0.0036783117613322716,1.0382708196093635e-05
186.273074747809,0.004026489968966452,1.624505552381558e-05
188.19019762829154,0.005630677250870811,1.7738785500385187e-05
190.1270515415272,0.00512727097115201,1.7923522547148334e-05
192.0838395593469,0.004331654238948499,1.3763392927236416e-05
194.06076684359735,0.004733050570355869,1.7552313586759682e-05
196.0580406676513,0.0043296400370163085,2.0940912151178224e-05
198.0758704381397,0.0036876326739206274,9.607147547623077e-06
200.11446771690674,0.003541857426907772,6.984086785140253e-06
202.17404624319175,0.004562055505527945,1.1386749502026133e-05
204.25482195603868,0.0036903130647153648,1.0597274678965237e-05
206.35701301693658,0.004688493529107008,1.568746281997828e-05
208.48083983269305,0.004488284395898047,1.3038585283268556e-05
210.62652507854295,0.0039023812013477192,1.0345935465525174e-05
212.79429372149525,0.004209706836261984,1.3834215383866995e-05
214.9843730439197,0.004460941167540418,1.622134809855176e-05
217.19699266737683,0.003573640585136919,8.140788018380297e-06
219.4323845766926,0.003637514520892934,9.520920200033331e-06
221.69078314428148,0.004000517269393994,1.103195113707617e-05
223.97242515471916,0.004196874625694287,1.4585688726949563e-05
226.27754982956876,0.003893466409052443,1.2417173624087968e-05
228.6063988524622,0.004258768349631653,1.6449244401013592e-05
230.95921639443995,0.0032849011295642996,9.172873602272209e-06
233.33624913955123,0.004553476768473375,1.3283417843657113e-05
235.73774631071805,0.0036705894758435323,1.2490359335162432e-05
238.16395969586532,0.0038103202210321508,7.798039004705423e-06
240.6151436743197,0.0035988024122130574,8.292347079617228e-06
243.09155524348054,0.003224077156392572,8.220911773250043e-06
245.5934540457649,0.0036929664509774566,1.1383460797345006e-05
248.12110239583012,0.0033147221440999637,6.203314377644253e-06
250.67476530807662,0.0040537665441919835,1.0967351679246205e-05
253.25471052443356,0.004289587859773169,1.1132990944258665e-05
255.86120854243057,0.003967037087626687,1.04368674406848e-05
258.4945326435585,0.003577392670505119,9.344524513727743e-06
261.1549589219219,0.003176894099599146,1.0611318601052976e-05
263.8427663131862,0.004267527777245582,1.1748346918241648e-05
266.55823662382363,0.003493889913216551,9.749949075860039e-06
269.301654560659,0.004456115855949545,1.4362034827022277e-05
272.07330776072047,0.003323205984063262,6.7474285347619615e-06
274.87348682139697,0.0047817772159341135,1.3169542965662285e-05
277.70248533090654,0.0035163815015381156,9.898051067581976e-06
280.5605998990777,0.0037397487513698637,9.504243002286708e-06
283.4481301884486,0.0037281847676201452,1.0629867856821619e-05
286.36537894568295,0.00390819848830188,1.183356944503438e-05
289.3126520333157,0.003308431209161799,8.612821921852591e-06
292.29025846181906,0.002778201026971376,4.327038471105936e-06
295.2985104220015,0.0038255812292728023,1.1287925392355904e-05
298.3377233177402,0.003669862959120153,1.0053595883541473e-05
301.4082157990495,0.004180687056610281,1.1378517382304813e-05
304.5103097954905,0.00306028292739065,6.106437898822345e-06
307.64433054992395,0.0037525572002690684,1.0320130087520472e-05
310.81060665261083,0.003551508375137078,8.235852757784396e-06
314.00947007566384,0.002559129094940197,4.684573789382132e-06
317.24125620785327,0.0037135682341781187,7.101686559098381e-06
320.5063038897714,0.0027088500403322797,4.192628098199591e-06
323.8049554493587,0.0030690631823345367,5.842449407876968e-06
327.1375567377953,0.00333759146283461,9.371407686127596e-06
330.50445716576263,0.0031692868576712876,8.65466522264059e-06
333.9060097400775,0.004236452443317276,1.3654381634299973e-05
337.34257110070354,0.002995767241852926,5.704176268046944e-06
340.81450155814383,0.004066618339478973,1.1209931233530942e-05
344.3221651312178,0.0023707012934452328,4.657600661795475e-06
347.8659295852274,0.003463089961496778,8.37768826004361e-06
351.44616647051566,0.0026294343004307744,4.512525661170644e-06
355.06325116142284,0.003494848065187021,6.783145069481675e-06
358.71756289564246,0.00317330523768192,8.567859756466424e-06
362.4094848139833,0.0025907589397579757,5.51767756790434e-06
366.1394040005401,0.0037725748387508807,1.0521964180298944e-05
369.90771152327795,0.0030752172111572318,6.846313317954523e-06
373.7148024750343,0.0032682289241336496,6.40446766922947e-06
377.56107601494284,0.0027289380773756412,4.579516808193754e-06
381.44693541028397,0.002828866022983886,4.612517791664989e-06
385.37278807876584,0.002877379461048235,7.115440343026942e-06
389.33904563124037,0.0031631962692938507,9.081040442501947e-06
393.34612391485945,0.0026820575878573434,6.277204622531636e-06
397.3944430566745,0.0025995198002691333,6.091841104280208e-06
401.4844275076856,0.002699886160341175,4.6535070836689044e-06
405.61650608734345,0.003021223908467907,6.4156769621885245e-06
409.7911120285093,0.0026324831301912277,6.110434622035186e-06
414.0086830228781,0.003338819253456322,8.832368735766221e-06
418.26966126686847,0.0030677334454213504,7.004690587904881e-06
422.5744935079856,0.0030851742290647945,6.264528484812996e-06
426.9236310916611,0.002765740763556358,6.752497252904867e-06
431.31753000857447,0.0026549354509655594,6.506410553689545e-06
435.75665094246233,0.002761818265103553,3.9985767358718274e-06
440.24145931841934,0.0034821356380963977,6.916373809194745e-06
444.77242535169626,0.003067332150356394,6.726493123925907e-06
449.3500240970001,0.0026757398510435884,4.715986984990856e-06
453.9747354983019,0.00343738116568236,7.800603735731728e-06
458.6470444391573,0.0028732185599152473,5.985703314053678e-06
463.36744079354423,0.002760239371590946,4.857012937012672e-06
468.1364194772249,0.002580334747936456,5.04094893149246e-06
472.9544804996353,0.003221253968704279,7.871838787241437e-06
477.8221290163099,0.002179362016666129,2.9241883298528845e-06
482.73987538184485,0.00305153249147106,6.0405233307312145e-06
487.70823520340684,0.0025255309740921314,4.661415337736543e-06
492.72772939479273,0.0026101559415878193,4.981477410773302e-06
497.79888423104524,0.0024575753239627724,4.578818764777834e-06
502.92223140363086,0.002751596777601461,6.309891309213709e-06
508.098308076187,0.002404454224736933,4.210558354219737e-06
513.3276569408371,0.0024154245989674934,4.423120014237736e-06
518.6108262750961,0.002761324856979547,6.427411314367819e-06
523.9483699993517,0.0029855240289322718,6.3579025127089475e-06
529.3408477349408,0.002363337761663092,3.496196053698885e-06
534.7888248628248,0.0026346754396703843,3.905056381449662e-06
540.2928725828668,0.002834092589727485,5.217298305941986e-06
545.8535679737204,0.002929470709738191,7.104905390078182e-06
551.4714940533336,0.002616581656263511,4.3607227698790435e-06
557.1472398400766,0.0022799447900536058,6.142211001210458e-06
562.8814004144979,0.0024343795587667707,3.611348588336949e-06
568.6745769817161,0.0029104410308673284,5.352648027604084e-06
574.5273769344543,0.0025104452524140532,3.625301854565764e-06
580.4404139167228,0.0023097514373941522,3.0257876729188487e-06
586.4143078881574,0.002191370294334448,4.007999744816066e-06
592.4496851890195,0.002411255766684139,4.942883200837732e-06
598.5471786058663,0.0022429546959714065,3.772823024170844e-06
604.7074274378949,0.003014667371876376,6.225722627620632e-06
610.9310775639718,0.0034771604970233938,7.523527237277477e-06
617.2187815103498,0.0022032500018972535,2.963067890031125e-06
623.5711985190832,0.0022886198387115824,3.1922205622199698e-06
629.9889946171471,0.002735130468684041,5.836510547650236e-06
636.4728426862677,0.002078332591425214,2.8449298198670063e-06
643.0234225334711,0.0027977660742636275,6.5882665972838e-06
649.641420962359,0.0028844852264436976,5.8383823059334036e-06
656.3275318451172,0.0025746790350905675,5.648156237720731e-06
663.0824561952651,0.0021634603242365693,3.405606882413515e-06
669.9069022411554,0.002131046445528435,3.16030205038923e-06
676.801585500228,0.00265707955164173,5.299959875142595e-06
683.7672288540301,0.0022800771640416537,4.114167915692426e-06
690.8045626240072,0.0022041973082767576,3.0989023577356118e-06
697.9143246480745,0.002347673090596966,3.584679199215742e-06
705.0972603579769,0.002315592770538757,3.2808746896143955e-06
712.3541228574442,0.002876235746467327,5.795013958416047e-06
719.6856730011514,0.0022207069352461316,3.2171665351266887e-06
727.0926794744915,0.0017877135299560973,2.1547146328909508e-06
734.5759188741692,0.002500750693598219,4.443276919583323e-06
742.1361757896241,0.0024954067427442527,4.189669845876442e-06
749.7742428852919,0.0024173256474193665,4.086686916543494e-06
757.4909209837125,0.0027881795202470312,6.289061861496869e-06
765.287019149493,0.0018798484419120295,3.440715441171681e-06
773.163354774135,0.002384128423123448,4.1295895064137875e-06
781.1207536617355,0.0019332551736880566,2.7864193367216466e-06
789.1600501155688,0.0020904542233923405,2.5043748688576607e-06
797.2820870255604,0.002188714395266105,2.5310101703482638e-06
805.4877159566604,0.0019968008907808267,3.070998389151208e-06
813.7777972381275,0.002012089603591054,2.7511200439621233e-06
822.153200053731,0.002486537785743135,4.665171298618843e-06
830.614802532881,0.00209416137917113,2.14416952810552e-06
839.1634918426977,0.0024418428817140473,4.4963976380148645e-06
847.800164281027,0.0021560089672638576,2.6472329594310174e-06
856.5257253704144,0.0021428710763778717,3.096546972271443e-06
865.341089953045,0.0018628967351107303,4.650020259824505e-06
874.2471822866618,0.0018619934012438423,2.126756294333302e-06
883.2449361414705,0.0022289412659896855,3.837467213607958e-06
892.3352948980415,0.0023556167500096733,3.5290659759588283e-06
901.5192116462205,0.002192525152524477,3.1665129881896195e-06
910.7976492850571,0.002137513479544621,4.191029261672276e-06
920.1715806237551,0.0017721784352458636,2.1489728727675177e-06
929.6419884836777,0.0016904483870724169,2.0581607868097464e-06
939.209865801386,0.002175000963532318,2.4359408947149053e-06
948.8762157327465,0.0019810880633422613,2.8969723430056265e-06
958.6420517581076,0.0021791251918025795,2.404575159799091e-06
968.50839778856,0.0018462142661288532,2.401952176550042e-06
978.4762882732892,0.001723809332156806,2.2059160583629794e-06
988.5467683080342,0.0019603624168315747,3.0718135752807785e-06
998.7208937446612,0.001981195749592834,3.286143950217507e-06
1008.9997313018665,0.002116005191603628,2.7259042718262133e-06
1019.384358677017,0.0021827273560218186,3.5811490584674853e-06
1029.8758646591436,0.001278980488970152,1.357166293348095e-06
1040.475349243096,0.0016630988048360715,1.8299294688541292e-06
1051.183923744873,0.0017310007067767796,2.082273742484601e-06
1062.0027109181406,0.0016113019142351848,1.909989665521158e-06
1072.9328450719477,0.002252278608012215,4.009823592025296e-06
1083.9754721896538,0.0018271131434817456,3.2876762725549758e-06
1095.1317500490825,0.0020614517072910705,2.980467879879999e-06
1106.4028483439083,0.0013522865030299053,1.7516736979489396e-06
1117.789948806296,0.0020525434606276237,3.383817390390863e-06
1129.2942453308003,0.001727034128205755,2.2014563754417495e-06
1140.9169440995413,0.0016291030026847127,2.268029025670578e-06
1152.6592637086678,0.0017841178449317166,2.159783524150295e-06
1164.5224352961227,0.0016156991356988566,2.3625894840627266e-06
1176.5077026707233,0.0017162077167017257,1.9219518237302786e-06
1188.61632244257,0.0019110871631611553,3.0926406317020467e-06
1200.849564154797,0.001762057707409011,2.885568417887974e-06
1213.2087104166792,0.0017725165508051853,2.309249933097282e-06
1225.6950570381084,0.0015253564135539893,1.4829687458615651e-06
1238.309913165455,0.0018585182132293417,2.6875089098330524e-06
1251.054601418827,0.0018923160272878348,2.2856534586339965e-06
1263.9304580307403,0.001711177995118544,2.3081081411333803e-06
1276.9388329862197,0.0016006943108428046,1.4419639306580706e-06
1290.081090164338,0.0015679344011571648,1.898813895825426e-06
1303.358607481215,0.0017845127127364049,2.9010462441685264e-06
1316.7727770344852,0.0016977561346678122,2.1751531670682535e-06
1330.325005249256,0.0014707336795844385,1.5202727345074372e-06
1344.0167130255643,0.001606308776326457,2.1825837011430704e-06
1357.8493358873532,0.0015967649497583625,1.579720753711894e-06
1371.8243241329815,0.0014074543698715215,1.6033053135719286e-06
1385.9431429872818,0.0019102824498449832,3.0990975022209195e-06
1400.2072727551836,0.0016217259554957677,2.1718904530847303e-06
1414.6182089769181,0.0014095095076291275,1.5196407089159523e-06
1429.1774625848193,0.0013407861366851411,1.1817041795984943e-06
1443.8865600617405,0.0016515827945270526,2.1049864497902504e-06
1458.7470436010994,0.001603235859666388,1.7239398072505301e-06
1473.760471268572,0.0019015266724411917,2.764559404507526e-06
1488.9284171654492,0.0015117469858503098,1.843351371610399e-06
1504.2524715936759,0.00159442174235648,2.1197876674948776e-06
1519.7342412225878,0.001772092980446293,2.4681885337800654e-06
1535.375349257365,0.001279024621758078,1.3405506487057227e-06
1551.1774356092187,0.0017698050774492152,2.127657598469791e-06
1567.14215706733,0.0013320651006821491,1.404937861663555e-06
1583.2711874725571,0.0012815568560243223,1.6905658523968612e-06
1599.5662178929326,0.0013525284519076005,1.3834380331286719e-06
1616.0289568009644,0.0017330370457353137,2.421180227149899e-06
1632.6611302527667,0.001656022888377867,2.4789739552067755e-06
1649.4644820690169,0.0014099658260740844,1.0966769733083973e-06
1666.440774017808,0.0014976391968798317,1.247870910687516e-06
1683.5917859993515,0.0010828475983359388,1.0969137605075159e-06
1700.9193162325946,0.0013550048040199744,1.1606408758019232e-06
1718.425181443759,0.0014617114915316035,1.2577079869441019e-06
1736.111217056815,0.001460543540689613,1.4909198265382002e-06
1753.9792773859215,0.001470956749986679,1.4410722858387585e-06
1772.0312358298422,0.0013226349897257404,1.6442083181925356e-06
1790.268985068365,0.0010508343452202687,9.967082643231444e-07
1808.6944372607422,0.0013529009675240027,1.5286806136591508e-06
1827.309524246173,0.0015862107428193158,1.7782348421231164e-06
1846.1161977463494,0.001300802081334086,1.1551420042768985e-06
1865.116429570088,0.0015220532199837584,2.019264873955917e-06
1884.3122118200656,0.0014896037505334916,1.8569929405316195e-06
1903.705557101684,0.0012711537255585723,1.1795971537496894e-06
1923.2984987340835,0.0012918315126465906,9.440406943836085e-07
1943.09309096333,0.0013263757190185171,1.3806136111702662e-06
1963.0914091777943,0.0015761490521999455,1.953288725304708e-06
1983.2955501257482,0.0012034149277578426,9.963535942239664e-07
2003.7076321352015,0.0012483823430618553,1.6053150865065956e-06
2024.3297953360004,0.0012463229151336045,1.0400868499303465e-06
2045.1642018842117,0.0014564020313354788,1.4336770755863394e-06
2066.213036188817,0.0013374193189706373,1.2937774392284639e-06
2087.478505140741,0.0014623287276819478,1.4664585687030491e-06
2108.9628383442328,0.001122341379662008,8.143533504988215e-07
2130.6682883506337,0.0011493855296654592,1.0968116980657434e-06
2152.5971308945486,0.0012050490286358885,1.1195145760522037e-06
2174.7516651324477,0.0014447326662340614,1.2422664780349351e-06
2197.1342138837235,0.0013616448034304038,1.4391333870249671e-06
2219.7471238742323,0.001359701941482469,9.415947540209438e-07
2242.592765982337,0.0013438418735848801,1.2792017050992501e-06
2265.673535487485,0.0011091992951366711,7.309648610747712e-07
2288.991852321346,0.0012853627758244953,1.3573517156145594e-06
2312.5501613215306,0.0011175649193796713,8.956539795980919e-07
2336.350932487924,0.0011188379092317924,1.199826868524047e-06
2360.3966612416557,0.0012826363320096357,9.673531509116725e-07
2384.6898686867335,0.001340751105085285,1.0064673938797987e-06
2409.233101874374,0.001685845674594886,1.9096748284720793e-06
2434.02893407005,0.0014046428267326127,1.4354269268169636e-06
2459.0799650232884,0.001567657645199901,1.6466217647938738e-06
2484.388821240243,0.0014699181453542336,1.447510778412713e-06
2509.9581562590756,0.001408337652420131,1.7333680391791898e-06
2535.7906509281675,0.0011087506239782063,8.357024462901571e-07
2561.889013687197,0.000986511338632851,8.019487582479608e-07
2588.2559808511096,0.0013730834248917947,1.0847988410063253e-06
2614.8943168970113,0.001111746172305221,1.3648012026905918e-06
2641.8068147540107,0.0009451347133065931,7.208060289473476e-07
2668.996296096049,0.0009753316244468648,6.766991195675023e-07
2696.465611637742,0.0009945078019643707,7.873216065399122e-07
2724.2176414332657,0.0010400867621599699,8.461727393514267e-07
2752.2552951783214,0.001238015452019186,1.0653362825047303e-06
2780.581512515203,0.0009712151999846347,8.599093557943518e-07
2809.1992633410096,0.001044322136655773,7.481033756850834e-07
2838.111548119028,0.001198591842534829,1.1450366046604647e-06
2867.3213981933195,0.0009875323898416786,9.695650721876874e-07
2896.831876106544,0.0009643909322758397,7.36416607441804e-07
2926.646075921064,0.0011065152973620666,6.765694716349616e-07
2956.7671235433195,0.001004962038205703,6.307857363847737e-07
2987.1981770516054,0.0011001256498158606,8.293972924829053e-07
3017.942427027158,0.0012209403622408504,1.3947616724551932e-06
3049.0030968886826,0.001034057479212537,8.269598104043079e-07
3080.383443230317,0.0012236176570558607,1.105381009739721e-06
3112.0867561630735,0.0012140731078401816,7.966025552192686e-07
3144.116359659792,0.0011609550533787775,6.991791565352969e-07
3176.4756119036497,0.001284443130497117,8.406207172380033e-07
3209.167905640251,0.0011268447029873202,9.523972394186156e-07
3242.1966685333464,0.001159585346496059,1.0723258549891046e-06
3275.565363524208,0.0010359132187479645,7.994989867941184e-07
3309.277489194707,0.0010070834991589021,8.744087248481357e-07
3343.336580134127,0.0009750489754361748,7.210601342186688e-07
3377.746207309752,0.0010015538085984268,8.413811511851559e-07
3412.5099784412682,0.001276352005903673,1.0183657543990954e-06
3447.6315383790215,0.0007772781388216294,5.044392521261651e-07
3483.114569486165,0.0008870524336392255,6.213567066701882e-07
3518.96279202474,0.0012972515969086051,1.3425964114870104e-06
3555.1799645457336,0.001047236718126664,6.075040659534545e-07
3591.7698842831483,0.0010242152515500605,5.821955024086099e-07
3628.736387552126,0.0008458158784610659,5.86349560163874e-07
3666.0833501511725,0.0010029795538040898,7.42955545657602e-07
3703.8146877685194,0.0007991810405957395,5.738408261670195e-07
3741.9343563926714,0.0008934490106391011,5.448152419336679e-07
3780.446352727174,0.0011166418809893386,1.1713660142643728e-06
3819.3547146096544,0.0008428032958381656,5.930063223257417e-07
3858.6635214351736,0.001116935874340233,8.232101815043088e-07
3898.3768945839342,0.0009599450462425418,7.538417102502138e-07
3938.498997853394,0.0009161193775674807,6.393880746304259e-07
3979.0340378948217,0.0010756452098073964,8.723264581232722e-07
4019.986264654351,0.0009009065951832589,6.158538897487029e-07
4061.3599718185696,0.001189620740872568,1.2295664535490123e-06
4103.159497264697,0.0009286946660125125,6.931292732595735e-07
4145.389223515393,0.0006650052423850762,3.471561122898689e-07
4188.053578198252,0.0010097805757863809,8.507810773286196e-07
4231.157034510019,0.0010642251102596302,8.6859608113894e-07
4274.70411168559,0.001073901492469229,8.651006627261864e-07
4318.699375471838,0.0008526224885586342,5.986114001045429e-07
4363.147438606309,0.001028482153604011,7.312160019598594e-07
4408.0529613008575,0.0010031767094318418,7.801942020531497e-07
4453.4206517302455,0.0008636506417750254,5.921836809595702e-07
4499.255266525779,0.0008081006803428206,5.989834299531786e-07
4545.561611274027,0.000728999692930545,3.9572762772878146e-07
4592.344541020663,0.0009082236046800779,7.934139883468253e-07
4639.608960779501,0.001096256145760418,9.033437805335519e-07
4687.359826046769,0.0009215063584313981,6.032377535978684e-07
4735.60214332067,0.0010938655814931677,8.318663262985544e-07
4784.340970626301,0.0008730147179735549,5.669551265551569e-07
4833.58141804596,0.0008943841068071955,5.113862600042164e-07
4883.3286482549265,0.000887856831943489,5.453057732190805e-07
4933.587877062741,0.0008874056984622643,5.484143750517856e-07
4984.364373960072,0.0010093989563510328,7.837085955264191e-07
5035.663462671192,0.0010020887990099213,7.48616236860008e-07
5087.490521712158,0.0009346408089827954,4.83504642177649e-07
5139.8509849547245,0.0007609374166828534,4.0627545815370837e-07
5192.750342196066,0.0008878518631724555,6.926271712884898e-07
5246.194139734373,0.001022692636280418,6.615130787676341e-07
5300.1879809503125,0.0007312377519550571,3.2060497447512735e-07
5354.737526894596,0.0005888317515738889,2.650840187537288e-07
5409.848496881465,0.0007053183473232058,3.4610512563574314e-07
5465.526669088355,0.000827545174941318,4.92305347130095e-07
5521.777881161721,0.0007455124036500293,4.1182771947851897e-07
5578.608030829082,0.0008910767521036661,5.025660360205544e-07
5636.023076517386,0.0008860485898304881,6.541710915561288e-07
5694.029037977719,0.0008152105882839133,4.0859324390462255e-07
5752.631996916461,0.0006934547334073559,4.4306803979648037e-07
5811.838097632927,0.0008699955435846209,5.079374682896926e-07
5871.653547663573,0.0006721398101057693,3.078250395336151e-07
5932.084618432832,0.0007582796958713698,4.4777247708973115e-07
5993.137645910653,0.0007623012953262701,3.5016102230973666e-07
6054.819031276799,0.0007099854517943296,4.15883258413629e-07
6117.135241591992,0.000740716074944735,4.5228961697403264e-07
6180.092810475951,0.0008996687761671431,6.900470920841817e-07
6243.698338792429,0.000829407008230033,4.7421192304818844e-07
6307.95849534128,0.0006047908888778182,3.7982488507795997e-07
6372.880017557658,0.0009549662269860934,6.053365112118745e-07
6438.469712218419,0.0007512628710092368,4.6404350542488695e-07
6504.734456155777,0.0008109633341029795,4.2972147126789296e-07
6571.681196978318,0.0006076044231891647,2.712071787682043e-07
6639.316953799433,0.0008051416575662758,6.57884987519435e-07
6707.64881797324,0.0006777615059402765,2.76286082795556e-07
6776.683953838089,0.0007954065670855333,4.606487612734627e-07
6846.429599467717,0.0005380939899387074,2.315563968120948e-07
6916.893067430131,0.0007786407876105657,3.779656324906311e-07
6988.081745554302,0.0009174610094180012,5.795906638230992e-07
7060.003097704754,0.000563655571851937,3.4257617826824977e-07
7132.664664564119,0.0007671456849653806,4.742312169860878e-07
7206.074064423752,0.0007627161636434097,3.95358993486572e-07
7280.238993982479,0.0006129419600745019,2.658508479649648e-07
7355.167229153565,0.0007720825176466446,3.9532407834747604e-07
7430.866625879992,0.0006180203592493259,2.8337833481483064e-07
7507.3451209581235,0.0005683085995188755,2.3689538072844863e-07
7584.610732869848,0.0007021412634754518,4.877133357526714e-07
7662.671562623287,0.000740754294295664,3.262292908541977e-07
7741.535794602154,0.0005487252990443351,2.4015104199957316e-07
7821.211697423859,0.0007671779155754795,4.474831514210002e-07
7901.707624806436,0.000690498290731871,3.6497046180967715e-07
7983.0320164444065,0.0006578496675371797,3.558746271856295e-07
8065.193398893645,0.000669387572323903,2.769522414365724e-07
8148.200386465357,0.0006231719573775181,2.9127343987650643e-07
8232.061682129255,0.0007623178393149491,4.296579629084121e-07
8316.78607842604,0.0006168074493422416,2.967514258261251e-07
8402.382458389251,0.0005969927315198796,2.5612533851806105e-07
8488.859796476638,0.000752549707382869,4.295191010805392e-07
8576.227159511081,0.000683016047328756,2.878581196775167e-07
8664.493707631224,0.000717066176646543,2.7118805214566543e-07
8753.668695251878,0.0005357595174734476,1.806745844583796e-07
8843.761472034308,0.0006930708830730258,3.1113507873692635e-07
8934.781483866514,0.0006688603708221174,2.888769311941735e-07
9026.738273853596,0.0006447699353327801,3.7680987039657654e-07
9119.641483318312,0.0007522874029907192,4.099090933724165e-07
9213.500852811932,0.00045734877155866543,1.7519673898759262e-07
9308.326223135522,0.0006796453939396332,3.0862024096201057e-07
9404.127536371636,0.0005615825393720752,2.2548292018803076e-07
9500.914836926819,0.0006173897495793456,3.661558338630773e-07
9598.698272584648,0.0005012691573710696,2.02955904240302e-07
9697.488095569715,0.0006201582273776168,2.750452903532059e-07
9797.29466362253,0.0005363259973849793,3.311033547022594e-07
9898.12844108548,0.0005225367833642937,3.384220839345855e-07
10000.0,0.0006457045201636107,3.0711186840167674e-07
