a,Mean Deviation,Variance
0.0001,0.0006206732721646427,4.561991063188957e-07
0.00010102920021214988,0.0006543292466562582,3.1374679291081413e-07
0.00010206899295506665,0.0006681842887947576,3.924248469434523e-07
0.00010311948724709944,0.0006169664765585392,3.8380104180378715e-07
0.00010418079322861446,0.0005978796221066626,4.7321397679685647e-07
0.00010525302217354278,0.0006097924055242519,3.4525044131316694e-07
0.00010633628650104704,0.0005835419614414398,2.953752044464622e-07
0.00010743069978730812,0.0007686138916211453,5.984399806880355e-07
0.00010853637677743319,0.0007383919032441152,4.949078600805082e-07
0.00010965343339748633,0.000575633031762078,3.0107150934921453e-07
0.00011078198676664289,0.0007616402381326122,6.102817677303869e-07
0.00011192215520946903,0.0006053074650965959,2.962152514079276e-07
0.0001130740582683276,0.0005364312469069884,2.8268350879624015e-07
0.00011423781671591171,0.0007484070318554967,3.920734779073154e-07
0.00011541355256790726,0.0007120171355601904,4.887098941735038e-07
0.00011660138909578599,0.0006002778294291672,3.8645665036907873e-07
0.00011780145083972953,0.0007652904699799811,5.049700060372212e-07
0.00011901386362168765,0.0005910501806442206,3.1812790157641594e-07
0.00012023875455856984,0.0006360246194481276,3.9978422102412483e-07
0.00012147625207557301,0.0005840612100894882,3.223816657886174e-07
0.0001227264859196465,0.0006650630008603671,3.587978510168268e-07
0.00012398958717309562,0.000597009171887891,3.881948204963917e-07
0.0001252656882673249,0.000694287012350638,4.994759497829572e-07
0.00012655492299672318,0.0006465896338355727,3.6985164975702245e-07
0.0001278574265326916,0.0006531445533207198,3.916546125588286e-07
0.00012917333543781541,0.0008689101331599617,8.586803165542513e-07
0.00013050278768018248,0.0006870928508116802,4.4348778627517816e-07
0.00013184592264784843,0.0007067610256645066,4.775829964297961e-07
0.00013320288116345106,0.000640147568796576,3.4952559369091983e-07
0.00013457380549897503,0.0006465609790699924,2.899234193801521e-07
0.00013595883939066867,0.0007734427274395752,5.040306227369136e-07
0.00013735812805411394,0.0008503223612522022,6.224687256322049e-07
0.00013877181819945197,0.0006721934997035206,3.911620934780311e-07
0.00014020005804676498,0.0007538716715640457,4.593825845034235e-07
0.00014164299734161653,0.0007060777154389316,4.816683604007199e-07
0.0001431007873707519,0.0006400829298402373,3.925617869359289e-07
0.00014457358097795983,0.0008607607630729944,5.763440116532427e-07
0.00014606153258009765,0.0008373031378199611,7.708547902046453e-07
0.0001475647981832814,0.0006029835485718302,2.880090434520484e-07
0.00014908353539924227,0.0007653141241831438,5.314176645955091e-07
0.0001506179034618518,0.000635430177729154,3.944722874732194e-07
0.0001521680632438169,0.0008305021261945134,5.645891502709891e-07
0.00015373417727354677,0.0006601398623736413,4.1695559512421675e-07
0.000155316409752193,0.0007102172095558989,4.56431783599575e-07
0.00015691492657086612,0.0006491747282725055,5.078836013941235e-07
0.00015852989532802832,0.0008047307997610199,5.430566316388102e-07
0.00016016148534706535,0.0008225942952014606,4.604504548593232e-07
0.00016180986769403976,0.000983395541978098,8.647188835286362e-07
0.00016347521519562624,0.0008159756587069874,4.849151236160176e-07
0.00016515770245723212,0.0007338519145398544,5.20297489984187e-07
0.0001668575058813038,0.0007755307079708171,5.542248092747654e-07
0.0001685748036858222,0.0008008228916925763,5.721867174762103e-07
0.0001703097759229879,0.0008871799147090801,6.313134192275076e-07
0.00017206260449809926,0.0008308322187567965,6.584751149076076e-07
0.00017383347318862432,0.0007528397952538081,5.074096727086686e-07
0.00017562256766346913,0.0008411817260536777,6.095380571877789e-07
0.00017743007550244464,0.0009119865589189224,7.049181154505388e-07
0.0001792561862159335,0.0008183351422689931,7.22341031239726e-07
0.00018110109126475967,0.0009395883717611761,8.106272074887687e-07
0.0001829649840802623,0.0009365956273393184,7.6384351432701e-07
0.00018484806008457636,0.0009324164919059096,7.456479099774823e-07
0.00018675051671112174,0.0006528116346930002,3.502784307305641e-07
0.0001886725534253036,0.0010550799504050986,1.0282603186528085e-06
0.00019061437174542543,0.0008310389986518508,8.52043365497028e-07
0.0001925761752638175,0.0011701678028875858,1.1973243299552658e-06
0.00019455816966818283,0.001144062541080562,1.1547845186179282e-06
0.0001965605627631627,0.0008733979607544257,6.724645463260146e-07
0.00019858356449212417,0.0007774168733039871,6.965453872712001e-07
0.0002006273869591719,0.0008305275819666695,5.691643989459133e-07
0.00020269224445138646,0.0008679282555029881,7.357861039518849e-07
0.00020477835346129148,0.0008489772867533421,5.95849876084414e-07
0.0002068859327095521,0.000908991525350892,6.000972696397214e-07
0.0002090152031679071,0.0008859617437007448,7.376884065485581e-07
0.0002111663880823369,0.0008776562205112644,7.630645816903762e-07
0.00021333971299646953,0.0008670936634380408,9.540835778924557e-07
0.00021553540577522913,0.0008280215131021598,7.134070560291612e-07
0.0002177536966287259,0.0009306869138984715,8.964007357214625e-07
0.00021999481813639296,0.0008749458245573434,7.991542214555725e-07
0.00022225900527137146,0.0008488701512438178,6.505497637787335e-07
0.00022454649542514663,0.0008497741689368439,7.81663484168045e-07
0.00022685752843243733,0.0007376837499850533,5.945332116755425e-07
0.00022919234659634196,0.0008639395563513201,7.729168407980677e-07
0.0002315511947137428,0.001173384183065997,1.2277858626230904e-06
0.00023393432010097222,0.0009620777854191945,9.274846168588185e-07
0.0002363419726197428,0.001020087273416883,9.393414314576101e-07
0.0002387744047033444,0.0010010790442034727,7.709477545269891e-07
0.00024123187138311083,0.0010031246129828867,1.1192331634773784e-06
0.00024371463031515894,0.0009199068554006506,9.150841577723222e-07
0.00024622294180740283,0.0009583840741008764,7.543008430258832e-07
0.0002487570688468463,0.0008909386931849323,6.980469829791425e-07
0.0002513172771271559,0.0009982722820811444,8.868624648147751e-07
0.00025390383507651785,0.0008726918080764339,5.936742184334507e-07
0.00025651701388578206,0.0010587172471459442,1.181794338608925e-06
0.00025915708753689504,0.001125859571812291,1.1200576832896459e-06
0.0002618243328316262,0.0011289020745447113,1.2202476424239192e-06
0.00026451902942058934,0.000853234009748906,7.587613317462719e-07
0.00026724145983256285,0.0009626454778755987,8.985305366106672e-07
0.000269991909504112,0.001187257480794424,1.1775031330717113e-06
0.0002727706668095161,0.0007830382460032675,6.972874445006285e-07
0.0002755780230910023,0.0009637499339302472,1.106998453333063e-06
0.00027841427268929334,0.0008695434105101971,6.435952617320484e-07
0.00028127971297446706,0.0008974876880596092,9.084169532688291e-07
0.00028417464437713487,0.0008721917625883509,6.332320055628657e-07
0.0002870993704199405,0.000893102795107533,6.600305646957917e-07
0.0002900541977493835,0.0011923400552233997,1.124580580474834e-06
0.0002930394361679698,0.0010076267535198463,1.0985707263247176e-06
0.00029605539866669334,0.001068523035095719,9.329339716025238e-07
0.00029910240145785213,0.0009394768185754631,6.241420563945262e-07
0.0003021807640082017,0.0010972309361324984,1.09830682758039e-06
0.00030529080907245026,0.0009265357506417249,7.249449974005514e-07
0.00030843286272709796,0.0011978462912778025,1.3891044996387548e-06
0.00031160725440462523,0.000996836271703625,9.994577495568724e-07
0.000314814316928032,0.0009560665096906097,7.661175115452762e-07
0.00031805438654573353,0.0010651783422101766,1.055282276402329e-06
0.00032132780296681424,0.0010682680797002506,1.0812221130686816e-06
0.0003246349093966452,0.0011095692693479959,8.907487973912361e-07
0.00032797605257286805,0.0010941770285005212,1.0881405431153428e-06
0.00033135158280174883,0.001121653804457283,1.0542027468835164e-06
0.0003347618539949064,0.0011384159518574813,1.2230552787619919e-06
0.0003382072237064188,0.0010134466599356904,7.588457340484947e-07
0.0003416880531703115,0.0011466348303806621,1.0925206673917905e-06
0.00034520470733843115,0.0008987518710548707,7.463091797072044e-07
0.00034875755491870967,0.0011759351794408902,1.4217005706178822e-06
0.00035234696841382175,0.0012352119851860098,1.6979459293396313e-06
0.00035597332416024047,0.0011076919867951337,1.3295408190418806e-06
0.00035963700236769464,0.0011866182280913901,1.1469532010608516e-06
0.0003633383871590324,0.0010011189605146668,9.240407670444006e-07
0.0003670778666104951,0.0009235309069489974,7.606055750717458e-07
0.0003708558327924056,0.001263272371733443,1.8849021517504246e-06
0.0003746726818102752,0.0012564102569015635,1.4653603397096393e-06
0.00037852881384633423,0.0010938854857086193,1.1502914277479495e-06
0.0003824246332014891,0.0010931647826515844,1.256825803864203e-06
0.0003863605483377126,0.0011252137721243195,1.2575716014556561e-06
0.00039033697192086776,0.0011093337566915383,9.443872954837975e-07
0.00039435432086397674,0.001046355770042325,1.0566721230396295e-06
0.00039841301637093105,0.0012073282284870844,1.298456041660649e-06
0.00040251348398065336,0.0010519765730785074,1.0211268550672529e-06
0.00040665615361171415,0.0014316758263011949,1.8430539115148037e-06
0.00041084145960740645,0.0013251932185423029,1.6639197272462705e-06
0.00041506984078128553,0.0016852573308676851,2.4366850192104765e-06
0.00041934174046317666,0.0014594707190764683,2.4099920477027988e-06
0.00042365760654565666,0.0009322214288806332,9.62608418385717e-07
0.00042801789153101366,0.0014144540352804573,1.8511175651892962e-06
0.0004324230525786903,0.0009986361849211624,9.84406029552808e-07
0.00043687355155321516,0.00120699174274967,1.2319442452608913e-06
0.00044136985507262755,0.0012927080114267413,1.7757503530496412e-06
0.00044591243455740067,0.0012413922128949625,1.3458411560621996e-06
0.00045050176627986813,0.0012834997281713457,1.7669744663723613e-06
0.00045513833141415947,0.0014851252907006427,1.812114166436401e-06
0.00045982261608664945,0.0014533570107518772,1.8415421702436786e-06
0.00046455511142692635,0.0013517288828524489,1.8572828406544661e-06
0.0004693363136192854,0.001499659754042517,1.9796028377128745e-06
0.0004741667239547515,0.0013559422824562194,1.3369969392333676e-06
0.0004790468488836384,0.001371702336425773,1.8538986206968796e-06
0.00048397720006864613,0.0015252364125608925,2.291886034204607e-06
0.0004889582944385097,0.0015581957708933514,2.10788306565841e-06
0.0004939906542421953,0.0014650712701165173,1.571608045589242e-06
0.0004990748071036564,0.0015229480580943853,2.0625081321943826e-06
0.0005042112860771539,0.0011455986303179357,1.001491318649826e-06
0.0005094006297031436,0.0012979879425044922,1.6029869415897227e-06
0.0005146433820647412,0.0013623954955282267,2.1218756926073416e-06
0.0005199400928447668,0.001204925897681386,1.4259752726733796e-06
0.0005252913173833774,0.0012915962345313107,1.3535830700183188e-06
0.000530697616736292,0.0012391265365276057,1.6692976568110438e-06
0.0005361595577336164,0.0013074390579803125,1.2244202845920523e-06
0.0005416777130392725,0.0010974068633992568,1.0710179033384922e-06
0.0005472526612110413,0.0012147630032983108,1.2671385480491467e-06
0.0005528849867612213,0.00143601798267974,2.076538046170298e-06
0.0005585752802179125,0.0014647837586196435,2.2359371352095955e-06
0.0005643241381869321,0.0015764564448723028,1.908306177240226e-06
0.0005701321634143649,0.0012610247514065036,1.95843956500408e-06
0.0005759999648497603,0.0016677542846190224,2.43969792759879e-06
0.0005819281577099772,0.0016329694277127484,2.5931959450944844e-06
0.0005879173635436883,0.0018201259362562747,3.2926656643484734e-06
0.0005939682102965459,0.0013773654142524502,1.6373434830137576e-06
0.0006000813323770208,0.001438538638171737,1.9521539502112066e-06
0.0006062573707229169,0.0014398143989494026,2.050429461094816e-06
0.0006124969728685714,0.0015909932774541414,2.0127648677366922e-06
0.0006188007930127464,0.0017702263423124821,3.004748084330097e-06
0.0006251694920872186,0.0013474990244435223,1.8998898525289122e-06
0.0006316037378260766,0.0014658114817021587,2.1081291241532905e-06
0.0006381042048357291,0.001500630880716405,2.8445960903222946e-06
0.0006446715746656358,0.0015039167460842847,1.69611806186077e-06
0.0006513065358797644,0.001734194610854846,2.6656966822566097e-06
0.000658009784128785,0.0015725107552114926,2.3049781148183537e-06
0.0006647820222230055,0.0014115449640932423,2.1434998522037726e-06
0.0006716239602060589,0.0013345094458138424,1.4409290337266122e-06
0.0006785363154293491,0.0016091897612996449,2.288952312420571e-06
0.0006855198126272619,0.0016629750044902748,2.7700200299344292e-06
0.0006925751839931518,0.001500634151389436,1.994157800439823e-06
0.0006997031692561067,0.0017799474632241709,2.9793004772559144e-06
0.0007069045157585101,0.00178420227787669,2.7090365173462603e-06
0.0007141799785343937,0.001844093523907987,3.2009991339115964e-06
0.0007215303203886017,0.0015015728662371483,2.1305540727619555e-06
0.0007289563119767668,0.0017358600315604557,3.212438132517723e-06
0.0007364587318861117,0.0018614444792575686,3.2283887854128745e-06
0.0007440383667170798,0.00171883354927718,3.1239061896792063e-06
0.0007516960111658085,0.0016738850731817683,2.4167175975137126e-06
0.0007594324681074492,0.001787065702105465,3.4466800205478303e-06
0.0007672485486803461,0.0014718951592250396,2.186572628776169e-06
0.0007751450723710811,0.0017343096025745084,2.331761972840458e-06
0.0007831228671003936,0.0016750747478613743,2.3253930528281945e-06
0.000791182769309985,0.0017557401037904283,3.2134919204306376e-06
0.0007993256240502167,0.0016249119963475133,1.9459543675376176e-06
0.0008075522850687099,0.0016421043696587454,2.6570949865552294e-06
0.0008158636148998582,0.0019074583525045825,3.6693911057213496e-06
0.0008242604849552612,0.0018736317457573347,2.9637974447175245e-06
0.0008327437756150884,0.002207936797876912,5.144276947631095e-06
0.0008413143763203838,0.0015889542029910858,2.6358342048706523e-06
0.0008499731856663206,0.0021246264395918986,4.087986850431862e-06
0.0008587211114964164,0.0018650153052483826,3.527984595950255e-06
0.0008675590709977132,0.002152752899400265,4.327804254004021e-06
0.0008764879907969472,0.0015214844972242733,2.144925300607272e-06
0.0008855088070576976,0.0016938166864568403,2.7550490192193234e-06
0.0008946224655785413,0.0017443620597081286,3.699544423142413e-06
0.0009038299218922161,0.001960649800641293,3.3314201913516737e-06
0.0009131321413658049,0.0017314370409337698,2.633232325686483e-06
0.0009225300993019505,0.001960411896692648,3.913075721390899e-06
0.0009320247810411127,0.002152435973821448,4.5947079701877924e-06
0.0009416171820648772,0.0017076168457922304,2.7605465204733142e-06
0.0009513083081003287,0.0018454904227946988,3.510540269394129e-06
0.0009610991752254966,0.0023713844811965013,5.994813188841344e-06
0.0009709908099758883,0.001947182942030775,3.1809711834595923e-06
0.000980984249452116,0.0020631754669132685,3.1148347350946963e-06
0.000991080541428634,0.002222869391074128,4.180049856920607e-06
0.0010012807444635936,0.0016787240145834975,2.7810441060797615e-06
0.0010115859280098289,0.0020000086133148045,3.3142445693918008e-06
0.0010219971725269842,0.0019041041501950348,3.6572226920307795e-06
0.0010325155695947977,0.001902928159649642,3.2622061773902807e-06
0.001043142222027548,0.0020006964280771832,3.5783855857633105e-06
0.0010538782439896805,0.0019413691295636526,2.942849352382546e-06
0.0010647247611126236,0.0019310510661557081,3.0449009125061807e-06
0.001075682910612807,0.002010788436042604,3.966744178025445e-06
0.001086753841410894,0.0021675540718987564,4.591040187574372e-06
0.001097938714252242,0.0021719454106505767,3.472805741140197e-06
0.0011092387018286018,0.002047582807031433,3.843719864520258e-06
0.0011206549889010702,0.0021295747695011785,3.677124174142796e-06
0.0011321887724243082,0.002414979640142175,5.581559905295602e-06
0.0011438412616720363,0.002177683407673853,3.998764481253677e-06
0.0011556136783638228,0.002195185495790552,5.608903708162918e-06
0.0011675072567931763,0.0018254361717817476,3.1368238620926427e-06
0.0011795232439569569,0.002153129754284011,4.48127671266829e-06
0.001191662899686119,0.0021826987603353405,4.074327927864821e-06
0.0012039274967778,0.0022383383372114674,3.835204158954099e-06
0.0012163183211287678,0.001703503650845396,1.8989187808944288e-06
0.001228836671870243,0.0022270999923997897,4.149932334537664e-06
0.0012414838615041068,0.0023047473846830365,4.558382040736521e-06
0.0012542612160405136,0.002204125995905986,6.103770918797579e-06
0.0012671700751369162,0.002285758037884631,3.7154030542152856e-06
0.0012802117922385266,0.0020516435893086554,4.081202146666368e-06
0.0012933877347202133,0.002232899687725381,4.5675947833478065e-06
0.0013066992840298742,0.002433686929700705,4.393327969478868e-06
0.0013201478358332705,0.0019943521046937637,3.852267501818919e-06
0.0013337348001603586,0.0022583883261194614,5.8428586820057575e-06
0.0013474616015531258,0.0023208865954627207,5.489444586927926e-06
0.0013613296792149487,0.0023882250075567147,6.716398991551471e-06
0.0013753404871614883,0.0024377366865848456,5.749564592310806e-06
0.0013894954943731374,0.0020961314608138803,4.9960497796089264e-06
0.0014037961849490388,0.0022577757209937843,4.707369166421456e-06
0.0014182440582626863,0.001837833587392003,3.2791253230181474e-06
0.0014328406291191289,0.0024429972252988773,5.46249640912123e-06
0.0014475874279137925,0.0027201875989870125,7.134930912413931e-06
0.0014624860007929363,0.002651950413269915,6.835570348920634e-06
0.0014775379098157595,0.0024337492450990632,4.967964722303109e-06
0.0014927447331181797,0.002531095913431948,4.885763033969739e-06
0.001508108065078288,0.0023530654563460405,4.466331635658188e-06
0.0015236295164835234,0.002219880586739217,4.789701172672674e-06
0.0015393107146995499,0.0019666022834710726,3.837984240690106e-06
0.0015551533038408835,0.0018290857714315057,3.1995180689193072e-06
0.0015711589449432697,0.0022468925310797734,5.941948749393705e-06
0.0015873293161378376,0.00248521029721545,6.31531160323764e-06
0.0016036661128270454,0.002952986842355187,1.0338446305684026e-05
0.001620171047862437,0.0026684735012173317,6.904007259817611e-06
0.0016368458517242283,0.002732091537038847,6.943829251634288e-06
0.0016536922727027404,0.0021778287972536075,4.379575539151787e-06
0.0016707120770817032,0.002747259107992645,6.6942368365800494e-06
0.0016879070493234418,0.002237471221154169,4.756716559213743e-06
0.0017052789922559714,0.0022936229190821528,5.702596756633645e-06
0.001722829727262017,0.002595008758483122,6.020142403167308e-06
0.001740561094469979,0.0023725146224353607,5.3919299922923165e-06
0.0017584749529468624,0.0032851273095342863,9.012213958248367e-06
0.001776573180893194,0.0029696571113217393,9.973771591631351e-06
0.0017948576758399445,0.003101963571511827,1.1348130541232331e-05
0.0018133303548474775,0.0031317184806113627,7.769850669959642e-06
0.001831993154706546,0.0028267909314037484,6.938685984034349e-06
0.001850848032141357,0.0029906048737616893,8.264823367622823e-06
0.0018698969640147277,0.003292993164616666,1.044854362605527e-05
0.0018891419475353514,0.003120993498308346,1.0167115349832707e-05
0.0019085850004671976,0.0027255656572576907,8.318498371153137e-06
0.0019282281613410667,0.002822625360314287,6.497024466334866e-06
0.0019480734896683226,0.002823789471463379,7.817145350678943e-06
0.001968123066156825,0.002593530217701741,5.918274529760672e-06
0.0019883789929290813,0.0025310030294611397,7.247965388989924e-06
0.002008843393742651,0.0025526974897549376,6.820577385973285e-06
0.002029518414212809,0.0030660958513414756,8.422313290537523e-06
0.0020504062220375084,0.0020914508869947822,4.393036751578303e-06
0.0020715090072246528,0.003146203243527113,1.0594316990882147e-05
0.002092828982321713,0.003079088221616553,8.149274982722854e-06
0.002114368382647702,0.0027915802701876267,7.154583398463974e-06
0.002136129466527542,0.0027526889475113043,7.385826577597465e-06
0.0021581145155288397,0.0031142049005251815,6.834512757731524e-06
0.0021803258347011,0.002708473774617056,7.871778570958268e-06
0.002202765752817402,0.0031622595546780493,7.039316698977967e-06
0.002225436622618564,0.002133002228158707,4.532700088376858e-06
0.002248340821059815,0.003137755394631869,7.480419987150573e-06
0.002271480749560015,0.002959861153531968,1.0009797790947188e-05
0.0022948588342534327,0.0030079759611327953,9.944876325474034e-06
0.0023184775262441093,0.0028995080109053594,7.074191272216084e-06
0.002342339301862861,0.002650160586676311,6.3939001628268035e-06
0.0023664466629269034,0.0026915428554824725,6.513520199868379e-06
0.002390802137002161,0.002844717587229201,6.203783662724236e-06
0.0024154082776682707,0.0030897649985827417,8.389331660231677e-06
0.0024402676647863183,0.002658535665964282,6.070551274245576e-06
0.002465382904769324,0.0026211150047627508,7.071492456627843e-06
0.002490756630855517,0.0023606755407232388,4.957502822129549e-06
0.002516391503384419,0.0036333861914854652,1.2340718864053081e-05
0.0025422902100757728,0.0034559368187297365,1.0612030608591e-05
0.0025684554663113384,0.003483258038879666,9.075794237585604e-06
0.00259489001541959,0.0027810202670048353,8.050577821935541e-06
0.0026215966289633444,0.002802407897184013,6.3306295640658e-06
0.002648578107030349,0.0035077870215256476,1.1267094936815588e-05
0.0026758372785268634,0.00314454376226468,8.047509997490698e-06
0.0027033770014742472,0.0030429647224274516,1.0135204727659376e-05
0.0027312001633086314,0.0031732990953365803,8.202573934452873e-06
0.0027593096811836418,0.003553758874368327,1.2804912859923094e-05
0.002787708502276256,0.003056987155213539,9.045403182849075e-06
0.002816399604095803,0.0031191916858788965,1.2067562017906087e-05
0.002845385994796146,0.002852298541234109,7.074458196355783e-06
0.0028746707134910707,0.003626838557422577,1.2243494004323582e-05
0.002904256830572931,0.0035619494938228602,1.0814619450442208e-05
0.002934147448034565,0.003684061065303373,1.4023977179604575e-05
0.002964345699794527,0.003343709933814347,9.426060350157825e-06
0.0029948547520256682,0.00332535825416878,9.39805779835936e-06
0.003025677803487097,0.0036024346140151172,1.2069241256733222e-05
0.003056818085859558,0.003103902627633452,9.125431676497472e-06
0.0030882788640842606,0.0027438635841721096,7.477872951906657e-06
0.0031200634367051956,0.0039717035015726515,1.1198058268747608e-05
0.003152175136214976,0.00296709922430238,7.739491732849407e-06
0.0031846173294042364,0.0038477419792434077,1.3622869704137208e-05
0.0032173934177146266,0.003930103136349587,1.4358721229424115e-05
0.0032505068375954416,0.0035435602802667276,1.0148987670989707e-05
0.0032839610608639204,0.003574941376143296,1.1751457078961502e-05
0.0033177595950692512,0.003687834859905889,9.989353702304093e-06
0.003351905983860327,0.004132833492501425,1.5763516643846544e-05
0.003386403807357282,0.004020746707091791,1.6238329565065297e-05
0.0034212566825268546,0.004917009956958851,2.3640887977649402e-05
0.003456468263561613,0.0032474810376116204,9.886506962667565e-06
0.0034920422422630823,0.0035595509997179767,9.634531572180865e-06
0.0035279823484288173,0.00391064516309382,1.292286777092325e-05
0.003564292350243457,0.003270432897401437,9.077998855861343e-06
0.0036009760546738046,0.0035553970383093454,1.1562428860841898e-05
0.0036380373078679735,0.00308074283491586,9.428738567936734e-06
0.0036754799955586426,0.0037173160488848753,1.2364311342895139e-05
0.0037133080434704584,0.003782353963007623,1.18239325860885e-05
0.003751525417731635,0.0037652982799463858,1.2156621282054574e-05
0.0037901361252897854,0.0033232307961925164,9.188265758118854e-06
0.0038291442143320374,0.004156266938776564,1.834237416592543e-05
0.0038685537747094674,0.004226236791961682,1.9341847987774238e-05
0.003908368938365909,0.0048137276002879325,1.97831310046396e-05
0.003948593879771171,0.0036293939876848023,1.1127928797318316e-05
0.003989232816358713,0.003643535391332459,1.5122778275924384e-05
0.00403029000896783,0.0034946061238627962,1.1100495746970219e-05
0.004071769762290382,0.0034266834840274924,1.0867685799885067e-05
0.0041136764253221336,0.0038247630563329016,1.3571510642446187e-05
0.004156014391818708,0.003835650019430833,1.0903720813102918e-05
0.004198788100756286,0.004369364214611737,1.995586672843108e-05
0.004242002036796993,0.00489906964952745,1.990444452126174e-05
0.0042856607307591105,0.004323433528160114,2.5710636756011596e-05
0.004329768760092108,0.0035245298999665507,1.038172271877774e-05
0.004374330749356574,0.004034148945966566,2.245245880425555e-05
0.0044193513707090895,0.004048663043996308,1.5764750461116905e-05
0.004464835344392076,0.0045207344867734586,1.556871976876562e-05
0.0045107874392287025,0.0038565205098660066,9.54147959645781e-06
0.004557212473122874,0.004097905148406821,1.2917807909827483e-05
0.004604115313564376,0.004064073483898843,1.908046164352852e-05
0.004651500878139205,0.004431251983674329,1.8822031182136558e-05
0.004699374135045167,0.0039880356213808955,1.6376236782253242e-05
0.004747740103612773,0.004172237461193588,1.7033667794556863e-05
0.004796603854831481,0.003602551146493212,1.1397797841180822e-05
0.004845970511881396,0.004365963096756604,1.7078782905533997e-05
0.0048958452506704,0.004904407341343886,2.1610949444832797e-05
0.004946233300376829,0.004589359159959659,1.9970500756487102e-05
0.004997139943997735,0.004608263139309001,1.8525417531354027e-05
0.005048570518902787,0.004304444853456264,1.7892949184943857e-05
0.00510053041739387,0.004740251236785235,1.8696817939997375e-05
0.005153025087270457,0.004265901760197388,1.8548834418262485e-05
0.005206060032400781,0.0047546114670405145,1.8509054429083055e-05
0.0052596408132989,0.004495813245635753,1.833003960561738e-05
0.005313773047707694,0.004175640362116847,1.5478335783816394e-05
0.005368462411187864,0.004333173392169727,1.6444093134695418e-05
0.005423714637712997,0.005058469294816826,2.1055838080400672e-05
0.005479535520270743,0.00455118686306361,2.1526258794175465e-05
0.005535930911470197,0.004579414810564506,1.954360949911094e-05
0.005592906724155519,0.004055936791897026,1.4908114616791834e-05
0.005650468932025873,0.004620111924933845,2.26265357748886e-05
0.005708623570261746,0.004538745346097417,1.837610691761877e-05
0.0057673767361577175,0.004901891768240835,2.2399449748322287e-05
0.005826734589761736,0.004482624279838265,1.7424339025247425e-05
0.005886703354520973,0.004929241935881948,2.342319049151144e-05
0.005947289317934337,0.0043521939694693345,1.6709190611143753e-05
0.006008498832211685,0.006286428956867124,2.9830710616487343e-05
0.006070338314939831,0.004289913059583388,1.542060953035757e-05
0.006132814249755407,0.004471025877503189,2.1234354182189715e-05
0.006195933187024647,0.0038088971689349918,1.3272976530151234e-05
0.00625970174453017,0.004330132804537539,1.9853024881244164e-05
0.006324126608164824,0.004666074821973341,1.931998351143952e-05
0.0063892145326326834,0.005542105529389055,2.497250797758936e-05
0.006454972342157249,0.004610385921733203,2.4696159183036353e-05
0.006521406931196948,0.0059621914029584855,2.7172937723545037e-05
0.006588525265167984,0.0043732697405070835,1.882349597392709e-05
0.006656334381174641,0.006381708973245052,3.976230144375185e-05
0.006724841388747096,0.004787818816466896,2.2495649224038218e-05
0.006794053470586824,0.005597616073817862,2.758703409830509e-05
0.00686397788331968,0.00421639969600715,1.1761158414666782e-05
0.006934621958256727,0.003992880255637608,1.40412847296424e-05
0.007005993102162897,0.006822285364012987,4.913213362992324e-05
0.007078098798033563,0.004528095115202306,2.397330829676517e-05
0.007150946605879103,0.005133824705060123,2.5786887366512796e-05
0.007224544163517535,0.005488456053176094,2.8235414122755998e-05
0.0072988991873753194,0.004644699686212433,1.894912054189563e-05
0.007374019473296399,0.004988168491088933,1.690639566641111e-05
0.0074499128973595395,0.004848461665020292,2.2143192318706832e-05
0.007526587416704145,0.005030546707458673,2.3878348906200065e-05
0.00760405107036451,0.005538012484341238,3.0476314758605902e-05
0.007682311980112687,0.005457822802713488,3.4223598954916725e-05
0.007761378351310022,0.005084094010027344,2.3934878481510258e-05
0.00784125847376746,0.005478733165569761,2.961984370331666e-05
0.007921960722614694,0.0046552793950937945,1.922833896708613e-05
0.008003493559178275,0.005169247771296049,2.294738090261413e-05
0.00808586553186874,0.00597784624879437,3.418587272806876e-05
0.008169085277076887,0.004664199639141963,2.6791762901401972e-05
0.008253161520079266,0.005576410653299491,2.4242570402645807e-05
0.008338103075952995,0.004441031949667255,1.8192715594741847e-05
0.008423918850499978,0.004580376439826202,2.5608703811262674e-05
0.008510617841180667,0.00553551996932458,2.7852101905973294e-05
0.008598209138057363,0.00443122123294935,1.3267854117995094e-05
0.00868670192474734,0.00517695431084803,2.0911833260500537e-05
0.008776105479385668,0.005504123770561303,2.8334431476811698e-05
0.008866429175598002,0.0059422734064215645,3.1709965745317196e-05
0.008957682483483375,0.005122903502578491,2.370545727054337e-05
0.009049874970607098,0.005292926046444026,2.3659438499478493e-05
0.009143016303003886,0.005861605694444506,2.7093406048577797e-05
0.0092371162461913,0.0064541417567488225,3.7758061154885545e-05
0.009332184666193632,0.0051131054881143395,2.4266519268604574e-05
0.009428231530576314,0.004830831974613442,1.842480291488321e-05
0.009525266909490987,0.005302756588642755,3.222171820705262e-05
0.009623300976731312,0.006437086577432864,3.6081731539525146e-05
0.00972234401079965,0.0055655722592820416,2.696129819760484e-05
0.009822406395984742,0.006924404688710774,3.557660930175844e-05
0.00992349862345044,0.004924588078438006,2.1770113971275454e-05
0.010025631292335682,0.006597584405262819,4.4747321669261604e-05
0.010128815110865766,0.005565172991227345,2.5438753743842124e-05
0.010233060897475065,0.005997253194228403,2.7852849281115306e-05
0.010338379581941306,0.007013814769621716,4.25413471099222e-05
0.010444782206531505,0.005917787980457352,3.645847898496691e-05
0.01055227992715972,0.005787705280155616,3.182741117515792e-05
0.010660884014556697,0.006154388967601482,3.9619293029884274e-05
0.010770605855451566,0.005658896350902189,2.7926409164108082e-05
0.010881456953765701,0.005357194476941476,2.2875606717206166e-05
0.010993448931818856,0.007224985705295115,4.12914413024731e-05
0.011106593531547724,0.006605236314977499,3.17066918014304e-05
0.011220902615737037,0.0066506789107475895,3.890665151159422e-05
0.011336388169263335,0.005890750615274501,2.4655657912853117e-05
0.011453062300351527,0.006274408217997661,3.1887760336344946e-05
0.011570937241844402,0.006600079719142007,3.568818935693084e-05
0.011690025352485195,0.0055282505896270505,2.8752747135884226e-05
0.011810339118213347,0.007264185033693791,4.5445447044791765e-05
0.01193189115347362,0.007525475628475305,4.583718227239534e-05
0.012054694202538662,0.007254908843721019,5.8076399734660145e-05
0.012178761140845209,0.006074905153978615,4.235753896537959e-05
0.012304104976344028,0.006752699657748724,3.5348505558338324e-05
0.012430738850863704,0.0071246843566041855,3.4296166143613385e-05
0.01255867604148859,0.006643257812363299,3.878223724085997e-05
0.012687929961950808,0.0053854806386063265,2.825097864057716e-05
0.012818514164036633,0.007194726242042893,4.338121082697377e-05
0.01295044233900736,0.005192728746055883,2.840959006336307e-05
0.013083728319034772,0.006817023909671364,3.731677986060551e-05
0.013218386078651391,0.006224840724392205,2.7086446667572745e-05
0.01335442973621566,0.008374131145999329,6.245531663092467e-05
0.013491873555392199,0.006820864952707783,4.45291099591407e-05
0.013630731946647288,0.006957219014200832,4.085896242166315e-05
0.013771019468759764,0.00795927200455549,4.812630498224105e-05
0.013912750830347442,0.008642151181378567,4.9484274924188425e-05
0.01405594089140926,0.008784645720832325,6.467210647853573e-05
0.014200604664883307,0.007443198361173969,4.25293984875819e-05
0.01434675731822085,0.0075776222229106795,4.5494087338539695e-05
0.014494414174976608,0.008546273612143112,7.61048206242974e-05
0.01464359071641535,0.00650908931949988,4.30798957910319e-05
0.014794302583135056,0.006956081933763487,4.2025766102324426e-05
0.014946565576706778,0.0071571492530984535,3.907812115598677e-05
0.015100395661331364,0.007870426022118864,5.191563009252924e-05
0.015255808965513257,0.0075418100630100324,5.493868106086753e-05
0.015412821783751501,0.007730063501917552,6.582250457908786e-05
0.015571450578248153,0.008198074015387245,8.198854590141236e-05
0.0157317119806343,0.007287354023420523,4.6984363964334274e-05
0.015893622793713792,0.00721520690072901,3.8508585017950686e-05
0.016057199993224996,0.006952450851876176,4.181677900004561e-05
0.016222460729620598,0.008092145735838283,6.0533799208335726e-05
0.016389422329865802,0.006356408284239455,3.9254543992553024e-05
0.01655810229925492,0.007580652765469712,5.051856667926502e-05
0.016728518323246847,0.006906431844651529,4.593939089343602e-05
0.016900688269319234,0.007469842598557864,5.3101971838847006e-05
0.017074630188841856,0.007600810862221852,5.162489429287167e-05
0.017250362318969224,0.007504461462897689,4.616336326097132e-05
0.01742790308455268,0.008495919294576071,6.332212256287002e-05
0.01760727110007217,0.008114220299319543,8.260808435546069e-05
0.017788485171587917,0.007655729358730969,5.240300102685226e-05
0.01797156429871215,0.008263170098404193,6.236734159693156e-05
0.018156527676601145,0.008832497944371178,5.88895780777469e-05
0.018343394697967776,0.007847857003253396,4.2151410776656746e-05
0.01853218495511475,0.008682862340093495,6.455708171703478e-05
0.018722918241988802,0.00738111349500188,5.5544143517774286e-05
0.018915614556255997,0.008630650113030559,7.102705402061576e-05
0.019110294101398438,0.00797447689008354,6.450014771022934e-05
0.019306977288832496,0.008309629205620912,6.929093941944376e-05
0.01950568474004889,0.007867658717502534,6.499633259418029e-05
0.019706437288774758,0.006997180193822399,4.8309192691150275e-05
0.01990925598315801,0.007281786492837373,4.413764899784521e-05
0.020114162087974136,0.007157078494769236,4.307242731062967e-05
0.020321177086855737,0.00822710425785494,5.562381730746534e-05
0.020530322684545008,0.009067758665014958,6.576274386540784e-05
0.0207416208091694,0.006878609534417872,4.5443364792909115e-05
0.020955093614540694,0.007861651621122713,5.162232423785358e-05
0.021170763482477754,0.008929103050397435,6.026414545932677e-05
0.021388653025153165,0.008889822522651364,6.740199696178877e-05
0.02160878508746404,0.009354733316633796,7.396023461864487e-05
0.021831182749427233,0.008007076053440509,5.8729899639661825e-05
0.02205586932859919,0.009046821673324332,8.342828878396658e-05
0.02228286838252063,0.008999974039916194,7.346531682358172e-05
0.02251220371118661,0.007558238480535496,5.140900142942627e-05
0.022743899359541755,0.00821047237876024,5.1313512847051096e-05
0.022977979620001317,0.007376936468061071,4.880809190024707e-05
0.023214469034998124,0.007477525634325592,4.086058772013123e-05
0.023453392399555795,0.00902726273659464,6.34832828656503e-05
0.023694774763888364,0.010227901157009724,9.150536488215468e-05
0.02393864143602674,0.008944735910657723,6.815069911686447e-05
0.024185017984472125,0.00893087814307508,6.619434916810447e-05
0.0244339302408768,0.010020171115094106,8.208331239714836e-05
0.024685404302752456,0.007790166226153221,5.503575757496849e-05
0.02493946653620644,0.008672422555085005,6.536129267242191e-05
0.025196143578706125,0.009471067500447735,7.99090706978181e-05
0.025455462341871758,0.008130708661527694,7.066690552580723e-05
0.025717450014298034,0.009545428314587672,8.349314515410919e-05
0.02598213406440473,0.009140386049110548,7.175904870036304e-05
0.02624954224331665,0.008584597212164985,6.223627689596912e-05
0.026519702587773235,0.010145571149916365,8.882360046625689e-05
0.026792643423068113,0.00930357807228126,8.175838402290466e-05
0.027068393366018892,0.008925934192577232,6.936832040159193e-05
0.02734698132796752,0.008221778077870046,7.186899012396762e-05
0.02762843651781155,0.008577516507708417,7.650607916239419e-05
0.02791278844506656,0.01147602776737026,0.0001214548041273449
0.028200066922960135,0.009502559578172226,8.339345557353344e-05
0.028490302071557647,0.01000545858918604,9.580072855345487e-05
0.02878352432092026,0.009037812453149385,6.733875467381434e-05
0.029079764414295384,0.01062360207823621,9.531923292250524e-05
0.029379053411340027,0.009052466322993297,6.09239699456094e-05
0.029681422691377163,0.0093720063877853,9.175832629974594e-05
0.02998690395668592,0.008969145755302648,7.778010659240532e-05
0.030295529235825312,0.008472007948018261,6.547585932430348e-05
0.030607330886992353,0.009292093613699768,7.32126894836078e-05
0.030922341601414695,0.009840426629094711,9.733116174150895e-05
0.031240594406778167,0.009800728936758275,8.733795109080234e-05
0.031562122670689606,0.008756972066542487,5.595024875586044e-05
0.031886960104175355,0.009080231499101423,6.284233171975256e-05
0.03221514076521567,0.009549221936668184,8.067884081535835e-05
0.03254669906231565,0.008585394910245762,7.133708062266954e-05
0.03288166975811279,0.009728769624571339,8.373083247682889e-05
0.03322008797302171,0.00978676456106311,8.709379076409804e-05
0.033561989188916425,0.011240484925917928,0.00010946717683297979
0.03390740925285047,0.010786848722956948,0.00011176732013979018
0.03425638438081534,0.009887746772948751,9.145224025369762e-05
0.03460895116153757,0.00804656466849061,6.200800075141757e-05
0.03496514656031496,0.010180315127183226,8.272321314082193e-05
0.03532500792289223,0.010592436947635288,9.319028259824006e-05
0.0356885729793766,0.012071712875116051,0.00013731929830653893
0.03605587984819361,0.007992919758064798,5.147325378111254e-05
0.036426967040083726,0.009979055024934808,0.00010865138121621205
0.03680187346214003,0.00886395881873138,6.933172915009155e-05
0.037180638421887506,0.009556537404889539,6.652828194379291e-05
0.037563301631404256,0.010306410142164357,8.694373228078149e-05
0.03794990321148516,0.010368389136022244,9.797713926856744e-05
0.03834048369584844,0.011670948900320234,0.00010031405955629889
0.038735084035385406,0.012257858544975542,0.00012945306576166453
0.03913374560245403,0.009859210131802647,0.00010783578875886316
0.03953651019521672,0.010212965245758803,7.561160146885659e-05
0.039943420042022545,0.009799727121938608,0.00010828822074594095
0.04035451780583496,0.010997167686444537,9.262851097907617e-05
0.040769846588704674,0.010415169452711301,0.0001037718917823746
0.041189449936288806,0.010523192616639759,9.382573446947652e-05
0.04161337184241645,0.011335575085783775,0.0001359652891547095
0.04204165675370132,0.012142697387224389,0.000135005330353106
0.04247434957420174,0.00922250707963351,8.784366230830654e-05
0.04291149567012871,0.01095456380131152,8.373691975751555e-05
0.04335314087460236,0.010545274444594514,8.189761825806527e-05
0.0437993314924574,0.012382560217357298,0.00015371213769231143
0.044250114305098,0.013474374929795599,0.0001426625412213474
0.04470553657540263,0.011052865916047677,0.00010662449982313751
0.04516564605267942,0.013376728643837417,0.00018881369738672774
0.04563049097767246,0.011121834164418523,0.00010225172021678517
0.0461001200876197,0.014281595091195065,0.00017829845071751755
0.046574582621362826,0.011233197083398774,0.00010920748587200195
0.04705392832450981,0.010986817786074476,0.00011011460650866658
0.04753820745465052,0.011009342121752433,0.00011436578836210155
0.04802747078662603,0.012317775417915504,0.00014102577608923452
0.048521769617852206,0.012309370443137312,0.0001486663205531862
0.04902115577369802,0.012703776088425822,0.00014659971429575527
0.04952568161291924,0.013826100085415228,0.00020544735286132578
0.05003540003314808,0.01111300814742783,0.00012751362847169723
0.05055036447643928,0.009564457891626809,8.103412173384837e-05
0.05107062893487333,0.010900591181908982,9.282468967189513e-05
0.051596247956217325,0.011322184892157973,0.00011183163753345843
0.05212727664964409,0.01043289629194475,8.735257062992965e-05
0.05266377069151024,0.012711979475777076,0.00010449522509204493
0.05320578633119338,0.011427675926996513,0.0001027920223796135
0.053753380396990035,0.01384591696391353,0.0001306402648266506
0.054306610302073594,0.011542373183970573,0.00012492761487397467
0.05486553405051394,0.014462033078147122,0.00013411616507915584
0.05543021024335899,0.011596665791086112,0.00012510185739260412
0.05600069808477877,0.010072658086180462,0.00010580282077243297
0.056577057388272727,0.012020647073261724,0.00011549714493815417
0.057159348582940986,0.012860168150205862,0.0001759980217473913
0.0577476327198201,0.013592527948911852,0.00017592469389229333
0.05834197147828402,0.013870011215769614,0.00015756374933705217
0.05894242717251094,0.009937174054654644,8.028909495560096e-05
0.05954906275801672,0.01315054028100883,0.00017959066755135166
0.06016194183825549,0.011765959148576153,0.00011269196702989393
0.0607811286712883,0.01089123280992987,0.00010469164342036479
0.06140668817652029,0.01211117053375539,0.00011507519879664597
0.06203868594150725,0.012630388377420056,0.0001347536728978278
0.06267718822883224,0.011409142840133273,0.0001161364076013764
0.06332226198305296,0.012729782396759167,0.0001409948560646734
0.06397397483772065,0.012546091603791913,0.00012340449623468767
0.06463239512247118,0.011181819773668819,0.00010947524920231635
0.0652975918701892,0.01271754244009541,0.00013856735104485898
0.06596963482424595,0.013501472675800862,0.00015023375818203608
0.06664859444581159,0.011542879363018115,0.00012716564671162755
0.06733454192124279,0.012358082107557239,0.0001333593947289339
0.06802754916954637,0.014145792423282594,0.00014902922974849
0.0687276888499197,0.012974127296415115,0.00011781398579360382
0.06943503436936879,0.01499240686081416,0.00023743051953540738
0.07014965989040467,0.013967635663411717,0.0001519911306018254
0.07087164033881921,0.012623747810943435,0.00020282719826163282
0.07160105141154044,0.017361816566091655,0.0002225389305040847
0.07233796958456955,0.01041572055173664,8.4693953787999e-05
0.07308247212099886,0.012641877630811309,0.0001295483383008921
0.07383463707911256,0.012122256755713377,0.0001284183638995586
0.07459454332057087,0.012983801450844932,0.00012013293116487023
0.07536227051867841,0.013610273103548006,0.00017299542060660768
0.07613789916673762,0.013200100000065638,0.00015458729531086482
0.07692151058648815,0.013216703093342427,0.00014139071685751492
0.07771318693663318,0.012702420046678051,0.00013854304040591397
0.07851301122145343,0.012151085790133364,0.00014965083386018504
0.0793210672995099,0.012878343818485835,0.00013534878107253923
0.08013743989243599,0.015002954484726482,0.00017582695715347184
0.08096221459382043,0.012786405048400968,0.00011207170431485518
0.08179547787818127,0.013872520863797215,0.0001548024375173306
0.08263731711003251,0.014108117462388407,0.00016366276718830192
0.08348782055304395,0.015513405355488737,0.00021653731618413464
0.08434707737929519,0.010686817591765423,0.00010497242835819699
0.0852151776786251,0.012943814549737307,0.00012696181830842366
0.08609221246807741,0.0134199232925377,0.00014418065225262896
0.0869782737014434,0.015462055612934116,0.00018750802809424727
0.08787345427890295,0.015011778045533062,0.0001684579260167012
0.08877784805676485,0.013280491509212036,0.00017117950867538118
0.08969154985730717,0.012109448770986771,0.00012948771163077513
0.09061465547871908,0.015342645795236236,0.00018751548299901003
0.09154726170514495,0.01401443558611739,0.000186096130395596
0.0924894663168317,0.011933314837171792,0.00012734155299548968
0.09344136810038083,0.013536331142927904,0.0001723807829350279
0.0944030668591058,0.015403192943965294,0.00020786762795877245
0.0953746634234957,0.016653123722865915,0.0002039380046147744
0.09635625966178754,0.014238008976954371,0.0001649574947025591
0.09734795849064636,0.013494097659595848,0.00014622957069557698
0.09834986388595567,0.012573281057244869,0.00013480313859160444
0.09936208089371903,0.01234234920512247,0.00012081315199555237
0.10038471564107372,0.012533601758801294,0.0001724415284104201
0.10141787534741771,0.01409663046850768,0.00017924913111490854
0.10246166833565123,0.0145530915535065,0.00017027330967304513
0.10351620404353405,0.014786831733173845,0.00020983371560200483
0.10458159303515961,0.013713832106733255,0.00014484203790968194
0.1056579470125472,0.013668844805231579,0.00015483003236432214
0.10674537882735353,0.015305793679932119,0.0001997421099403331
0.10784400249270486,0.01946335837795919,0.00027745431539339885
0.10895393319515069,0.014907134399375568,0.0001900068516744453
0.11007528730674082,0.011762632315649217,0.00011891346340443885
0.11120818239722638,0.014237081794810941,0.0001486052722428409
0.11235273724638667,0.017153999309034974,0.00028705804187099937
0.11350907185648267,0.014778220532738,0.00017367333982761202
0.11467730746483895,0.015948070385244626,0.00024264866965902852
0.11585756655655484,0.014555834318609814,0.00020613641120834019
0.11704997287734659,0.015543314778965573,0.000210794773522072
0.11825465144652161,0.014335499187222068,0.00018466293887041868
0.11947172857008631,0.01418058009841129,0.0002055233466614327
0.12070133185398878,0.012071399547335432,0.00013641062109830455
0.12194359021749775,0.013734680943187092,0.0001626363732503989
0.12319863390671942,0.013317040316394961,0.00013860829030328358
0.12446659450825313,0.014662670021758277,0.0001688982268384605
0.12574760496298792,0.015557688095505928,0.00018188511867237662
0.1270417995800404,0.012419680717560857,0.00013160252882411452
0.1283493140508372,0.014458824211824796,0.00018653828576833484
0.12967028546334133,0.01282337219733517,0.00014388827732101842
0.1310048523164254,0.01499653640410898,0.00027288314823144906
0.13235315453439267,0.01724897309503603,0.00025991442312338066
0.13371533348164769,0.014097327729754737,0.00015845792700620412
0.13509153197751772,0.01444006878931336,0.00015661160299122932
0.13648189431122687,0.012224818721554257,0.00012856943461141438
0.1378865662570242,0.0144360322207759,0.0001892479682466848
0.13930569508946766,0.016054944911566577,0.00023597811235397483
0.14073942959886532,0.015705718014871785,0.00022776141580593427
0.14218792010687537,0.014975646436396105,0.00017869869379543555
0.14365131848226684,0.017420790846468772,0.00021657373146165222
0.14512977815684242,0.01639301041393722,0.00018258747024270768
0.1466234541415253,0.017023321764344217,0.00020096871327305237
0.14813250304261136,0.01460606718899367,0.00017471974989667668
0.14965708307818884,0.01503102471894037,0.00018460210245024744
0.15119735409472687,0.015242669223962385,0.0001720393518494901
0.1527534775838348,0.012778101344354866,0.0001370316784240903
0.15432561669919395,0.016661212614307634,0.00020537449478096243
0.15591393627366368,0.015073399713441092,0.00020677291519716974
0.15751860283656344,0.01565904100575986,0.0001779468151564816
0.15913978463113287,0.015079372574046174,0.00019243431107525034
0.16077765163217136,0.014586501058911698,0.00017783028902260261
0.16243237556385925,0.014702355852011151,0.00014146695674221405
0.16410412991776258,0.01597129589237617,0.00017546392517230205
0.1657930899710229,0.01427199483598786,0.00014484603156643657
0.1674994328047345,0.01595764048833404,0.0001904284467483721
0.16922333732251085,0.013267317595102515,0.00014880493854301126
0.17096498426924125,0.0140360764031518,0.00017241468775634959
0.1727245562500423,0.015685746069400784,0.0002323489205894087
0.17450223774940266,0.016156139021111647,0.00021413251346402517
0.1762982151505258,0.017686309157898913,0.00020753921133761708
0.17811267675487147,0.012739116957096073,0.0001376457163265394
0.17994581280189842,0.014503796648905627,0.00019278642988043032
0.1817978154890104,0.018763418532779377,0.000316824902532888
0.1836688789917071,0.015609677595734412,0.0002132397461311108
0.1855591994839431,0.015552012123658768,0.00022673136721496217
0.18746897515869543,0.012842454405248876,0.0001354587628561359
0.18939840624874393,0.01674108775163647,0.00029728437458124523
0.1913476950476645,0.015563009499464306,0.0001766759865398328
0.19331704593103896,0.016773791236852867,0.00017766344673061007
0.1953066653778831,0.01648897548026676,0.00020570580027158818
0.19731676199229511,0.013910352386635634,0.00014979485971376626
0.1993475465253271,0.01573623003635354,0.00018323523511156305
0.20139923189708134,0.014387922120661579,0.0001838422557243021
0.20347203321903432,0.01851370528409254,0.00029198956011388034
0.2055661678165903,0.017998046604726606,0.00027750472467381795
0.20768185525186703,0.014860166159799671,0.00018806214502450677
0.20981931734671605,0.016313748424819842,0.0002711297626064575
0.21197877820597988,0.0183809978968258,0.0002838870749375349
0.21416046424098853,0.018298782320963543,0.0002948546813328735
0.21636460419329795,0.015578784375704745,0.00018896330578302897
0.2185914291586726,0.01617992390124559,0.00020401546236394795
0.22084117261131514,0.014719437039975731,0.00018935820820436096
0.22311407042834505,0.014869664073699253,0.00018545858132059217
0.22541036091453004,0.01701707830192589,0.00020119891517703212
0.2277302848272702,0.017309286042063013,0.00025857946551677627
0.230074085401842,0.01860474266963228,0.00027501885956348026
0.23244200837689966,0.015451523385411463,0.00020420915740999228
0.23483430202024014,0.014850045830943084,0.00018617131031313462
0.23725121715483313,0.01739336040111671,0.00022132918796266072
0.23969300718511885,0.013150735031860284,0.0001260342512096309
0.2421599281235765,0.01697200808479756,0.00025143396246035313
0.24465223861756635,0.01627907620260815,0.00022396535631580354
0.24717019997644776,0.01794607532159426,0.00024557353106095196
0.24971407619897665,0.01587925460939437,0.0001548510069966363
0.25228413400098465,0.015401671751461676,0.00017997099097902746
0.2548806428433433,0.01695171793866122,0.00020195973014416825
0.25750387496021593,0.015722662908981683,0.00016882354885935333
0.2601541053876006,0.017834955687963686,0.00022663573504464797
0.2628316119921664,0.016474005213474915,0.00019762134079033967
0.26553667550038673,0.015798069519314735,0.00017301751709971507
0.2682695795279725,0.015113485993361455,0.0001626711753799752
0.2710306106096079,0.01793214167200562,0.00021916113112671165
0.27382005822899314,0.01719024952113872,0.00021380017715550863
0.2766382148491949,0.01798365854790154,0.0002607042749149619
0.2794853759433104,0.015524841739091945,0.00021036920469937154
0.28236184002544684,0.01782312329615134,0.0002099825077707401
0.28526790868201907,0.014947811880435917,0.00017135747970631598
0.28820388660336993,0.018718506893929968,0.0002496384509374886
0.291170081615716,0.01703655948988192,0.0002765957478894705
0.2941668047134219,0.016556774825436618,0.00021803788585238138
0.297194370091607,0.016953424866713872,0.0002184481642723229
0.30025309517908727,0.01757857229107146,0.00023308592323948476
0.3033433006716573,0.01541945035709642,0.000167579830378717
0.30646531056571247,0.01951650081859324,0.00030221746655282976
0.3096194521922206,0.01899577385899722,0.00027905993115807844
0.3128060562510402,0.016149382435392413,0.0001827166486214096
0.3160254568455936,0.015193805906824091,0.00016872090311238796
0.31927799151789604,0.014813936041064657,0.00015976986903247547
0.3225640012839461,0.018348001883114713,0.00024379826674820283
0.3258838306694796,0.016641613336607252,0.00024097842399751568
0.32923782774609206,0.01632625809540528,0.00021479276037387953
0.33262634416773246,0.017515615845616693,0.00024813556128288835
0.3360497352075732,0.018277999741047213,0.00030872157487337533
0.3395083597952586,0.01598064038691132,0.00022854990348089067
0.343002580554538,0.015686351722456242,0.00022030627984421386
0.34653276384128484,0.016688272934487686,0.00017721049129316183
0.3500992797819082,0.018533468755630986,0.00022557238268986932
0.3537025023121588,0.01882696250006208,0.00022992140518568563
0.357342809216335,0.01654893776538788,0.00021573842227651339
0.3610205821668918,0.016747047551008448,0.00021326957476875834
0.3647362067644582,0.01857202880955231,0.00025115297209003047
0.36849007257826544,0.016841583159941335,0.00019712646132705587
0.37228257318699215,0.01772617662350459,0.00022307065184941593
0.3761141062200297,0.016312234016991663,0.00016811276519059914
0.37998507339917187,0.01493482271554655,0.00018498891122929615
0.38389588058073404,0.016136217383499223,0.00019720664795720098
0.3878469377981056,0.01757840166929516,0.00022530371546469936
0.3918386593047405,0.016567872882381564,0.0002078049386013012
0.3958714636175901,0.015122137252337754,0.00015870363553988927
0.3999457735609832,0.014567902524669926,0.0001931198114506387
0.40406201631095773,0.018231239703222126,0.0002360166308644056
0.40822062344004717,0.017934539758117398,0.00023207304243298422
0.4124220309625317,0.016316462302641332,0.00022473502600418014
0.41666667938015095,0.01662053160815956,0.00017993612203843893
0.4209550137282893,0.017470753623990094,0.00021615859421503404
0.4252874836226364,0.017272384372403922,0.00021063401859109407
0.4296645433063275,0.01581738005459909,0.00022210638690710067
0.434086651697569,0.01656303446638537,0.0002356235435399667
0.4385542724377547,0.01745710038283381,0.0002481443197899837
0.4430678739400764,0.013325262975884588,0.00015553247929217978
0.4476279294386356,0.01899409266299101,0.0002531424068003616
0.4522349170380602,0.017535048973850366,0.00020646114327481737
0.45688931976363173,0.01757579409982256,0.0002730125642571356
0.4615916256119291,0.01655792716481262,0.00021885630751752758
0.4663423276019932,0.014266764673414615,0.00013978560347416448
0.4711419238270176,0.014748672613435982,0.00015764835392230344
0.4759909175065723,0.015936258891352396,0.00020496249311148198
0.48088981703936406,0.016893646206067172,0.00019544138415076738
0.4858391360565404,0.01639388493995311,0.00019512968639879592
0.49083939347554145,0.016302419778595152,0.0002696370163862248
0.4958911135545069,0.018398955048084014,0.00026153323036490954
0.5009948259472422,0.015731818328726627,0.00020929139989743386
0.5061510657587512,0.015913017391473674,0.0001857465116492247
0.5113603736013391,0.017270806386671913,0.00020366998546969366
0.5166232956512945,0.016860481274147035,0.00019774194295107608
0.5219403837061534,0.016712108376956115,0.00018656033648567738
0.527312195242553,0.01616476128474893,0.0002103231787957285
0.5327392934746815,0.015240074048510273,0.00016182419051399016
0.5382222474133287,0.015088967842925571,0.00020888457185637362
0.543761631925545,0.0162457606785649,0.00022776443054888142
0.5493580277949124,0.01904412405336276,0.00031262924219934075
0.55501202178244,0.018164518438930334,0.0002690362364969423
0.5607242066880822,0.016118801242750367,0.00019103667735833327
0.5664951814128917,0.017027043755535026,0.00024211866385326526
0.572325551021812,0.016229194081386605,0.00019573084441121827
0.5782159268071165,0.01651487301329807,0.00019561716857592197
0.5841669263524998,0.017585771960984826,0.00024190814916579483
0.5901791735978291,0.016497863801532568,0.00021752189904788744
0.5962532989045624,0.015738653252280358,0.0001769931098030279
0.6023899391218388,0.01785367785609728,0.00023846723969822933
0.6085897376532502,0.016353540252559376,0.00022218910920878082
0.6148533445242998,0.015240639092466278,0.00018285510055780218
0.6211814164505546,0.01726603809756032,0.00022671217586565532
0.6275746169064993,0.016902215921588526,0.0002106857166315099
0.6340336161950998,0.016259873278493264,0.00019350058482248773
0.6405590915180813,0.018090422850469037,0.0002314288320807424
0.6471517270469308,0.016490519471431708,0.00023528420300914925
0.6538122139946294,0.017423522961229784,0.0002212730702133877
0.6605412506881239,0.018621172833621833,0.000241844980026219
0.6673395426415435,0.016288472031278634,0.0002101437012826165
0.6742078026301703,0.017570733135832118,0.00023769878225850233
0.6811467507651711,0.01724674841786813,0.00022814643620132325
0.6881571145690982,0.01501643356221975,0.0001570316643252646
0.6952396290521679,0.016703264354246124,0.00021883302586724848
0.7023950367893228,0.015802456852605458,0.00018679455419441844
0.7096240879980887,0.014660382483025806,0.00017321068306611967
0.7169275406172317,0.017409187192341333,0.00020312309810582938
0.724306160386226,0.017057784023346456,0.0002247053234745359
0.7317607209255356,0.014878772106410613,0.0001757385779219164
0.7392920038177307,0.016268859820398707,0.0001701613581964521
0.7469007986894298,0.017227716496301046,0.00021195384573285324
0.7545879032940906,0.014142529856618714,0.00016679536011310401
0.7623541235956507,0.016943198887288957,0.00018080789649211568
0.7702002738530305,0.015267673226043662,0.00017243329449859166
0.7781271767055048,0.017324990339231284,0.00023208121189269222
0.7861356632589538,0.017119908149813814,0.00017717568244728776
0.7942265731730008,0.015257819741334059,0.00018599328432237393
0.802400754749048,0.015417606895604051,0.00016404820114093653
0.8106590650192175,0.016538029131429356,0.00019214405189517793
0.8190023698362074,0.01540939723853532,0.00015564006638804946
0.8274315439640743,0.015704814689314398,0.00018461267979790234
0.8359474711699475,0.0152592026650019,0.0001926654739811803
0.8445510443166901,0.016723883042646288,0.0001889401959493259
0.8532431654565116,0.01551450544735959,0.0001504072510588664
0.8620247459255443,0.01597511233590707,0.00019037770312759395
0.8708967064393944,0.01715581494392582,0.00021399751890816059
0.879859977189675,0.015813366729250603,0.0001791522040888435
0.888915497941533,0.016440389713389365,0.00017644334692742904
0.8980642181321804,0.016026045029415143,0.00016133433769950428
0.907307096970439,0.014013459401894598,0.00014334624515701145
0.9166451035373097,0.0158420411981318,0.00019090818249618938
0.9260792168875771,0.013834564020781996,0.00013917964019086128
0.93561042615246,0.014242377222026306,0.00016279941908176363
0.9452397306433175,0.014869647041474702,0.00017125543052041311
0.9549681399564235,0.015486475547243856,0.00013633038871929288
0.9647966740788197,0.014314235457721909,0.00015741908059127089
0.9747263634952539,0.01760122574233796,0.00022953709997111448
0.9847582492962278,0.014537450212154268,0.00015871177817425194
0.994893383287148,0.014512993977984398,0.00014939217383907905
1.0051328280986045,0.016961248346713836,0.00021228700350677025
1.0154776572977835,0.015162983541837274,0.00012459612285382633
1.0259289555010267,0.014222284168875284,0.00015625585450494011
1.0364878184875503,0.014273756857062586,0.00012599700779268922
1.0471553533143318,0.014384100354353066,0.00013884234827130155
1.0579326784321819,0.014990653639223177,0.00013001197332120887
1.0688209238030089,0.01392151597324864,0.0001293310307617893
1.0798212310182915,0.015050346717399167,0.00016249972431981341
1.0909347534187712,0.01498435904209942,0.00015849820144143612
1.1021626562153741,0.015413214711146438,0.00015142412571095932
1.1135061166113793,0.012730872871057038,0.00011687939034655067
1.1249663239258456,0.014781766891519745,0.00014700354556438725
1.136544479718305,0.01410872792740329,0.00014892770123676758
1.1482417979147437,0.01395145316532014,0.00014290190970630455
1.1600595049348759,0.015753533867446174,0.00015285697245524907
1.1719988398207304,0.01454053690397307,0.00013775947450734083
1.1840610543665595,0.01669721378244261,0.00017271769990170118
1.1962474132500842,0.013840604570829335,0.00013756751737791696
1.2085591941650915,0.015448709168351863,0.00016982005127599172
1.2209976879553954,0.014458831010403895,0.00015506885851030146
1.2335641987501775,0.016487968672522148,0.00018376009072076292
1.2462600441007192,0.014080366725657857,0.0001224361531273432
1.259086555118543,0.012935151713787906,0.00011819106033699551
1.2720450766149736,0.013464119731149233,0.00012634414176973164
1.285136967242137,0.012480784533189735,9.883836441633461e-05
1.2983635996354097,0.0160734706697866,0.00017659730047772047
1.3117263605573342,0.014749637819025576,0.00018476831991366558
1.325226651043016,0.015100129739892597,0.0001669521065408789
1.3388658865470175,0.015254264907551189,0.000141792196268102
1.3526454970917619,0.013606343900491773,0.00012391208451115453
1.3665669274174659,0.013675622063222237,0.00012257325061512352
1.3806316371336167,0.012698529424895088,0.0001038246828011015
1.394841100872004,0.013124870587049602,0.00012841238611755186
1.4091968084413324,0.013006722643938538,0.000109863025945928
1.42370026498342,0.013585563395265244,0.0001386022550202511
1.4383529911310078,0.015310406599059252,0.00014573030777520666
1.4531565231671921,0.012785442194645925,0.00010396681510728916
1.4681124131864987,0.013323186744781477,0.00012907637871352261
1.483222229257613,0.0143478836772027,0.0001576926957734348
1.4984875555877895,0.012610916820476503,0.00011634297240786478
1.5139099926889386,0.014059618862532307,0.00013570115360312437
1.5294911575454513,0.014054505060807933,0.0001286847899453026
1.5452326837837227,0.012899836748319203,0.00010585099385769037
1.5611362218434341,0.013888953258174548,0.0001274367464889733
1.5772034391505954,0.01355625381362576,0.0001441336874201704
1.5934360202923685,0.012804775104503266,0.00010006259052710548
1.60983566719369,0.015284409978883785,0.00014142940576593828
1.6264040992957118,0.013366314376851247,0.00011839307468095673
1.6431430537360778,0.013295881065797018,0.00010732589537811173
1.6600542855310554,0.01263972970802761,0.0001165661688717504
1.6771395677595442,0.01369046039319542,0.00012541050504289914
1.694400691748975,0.011780190888420475,9.141951000075511e-05
1.7118394672631245,0.011651049682985718,0.0001238836869688237
1.729457722691862,0.013976082656645858,0.00011579105712727778
1.747257305242849,0.012982472839870847,0.00011434675972879683
1.7652400811352127,0.013727841494508676,0.00013959486933035615
1.783407935795211,0.013646521897894054,0.00010438570989656812
1.801762774053913,0.012838974304536704,0.00011381121073374893
1.8203065203469135,0.01206702852721441,9.683888193224105e-05
1.839041118916102,0.01311736607316502,0.00010644925136090005
1.85796853401351,0.012424531488075787,9.390440802900093e-05
1.8770907501072551,0.01376352615475692,0.00013414666562677456
1.8964097720896047,0.013255170687307615,0.00011044511205505946
1.915927625487182,0.01176030228773685,8.594371361076193e-05
1.9356463566733342,0.012779538944211475,9.503720773912304e-05
1.9555680330826875,0.01136905411808617,9.265791473348119e-05
1.9756947434279097,0.011839159449892358,0.0001060322680865498
1.9960285979187038,0.012874323923640515,9.71383629617369e-05
2.016571728483055,0.012888919688807572,0.00011748475898171193
2.0373262889907573,0.01253805462585165,9.98097619943649e-05
2.0582944554792353,0.011557552214003487,8.823271910596875e-05
2.079478426381697,0.013698464658243082,0.00011679272091580777
2.1008804227576285,0.013676778872873616,0.00010558249780593065
2.1225026885256653,0.012462970481272657,0.00010816213190451316
2.144347490698858,0.011412615436149702,8.752920900386517e-05
2.1664171196223614,0.011142704502941579,9.056349063224517e-05
2.1887138892135662,0.013588240168829679,0.00010248263387306321
2.211240137204706,0.00981057723606247,7.227126267231254e-05
2.23399822538796,0.012060451352957724,9.396520169119914e-05
2.2569905398630774,0.010564647620501853,7.71543212130817e-05
2.280219491287551,0.011137035982089469,8.779739792387094e-05
2.3036875151293654,0.011988854153582558,0.00010757870733300786
2.327397071922347,0.01020287458949253,7.249297033310339e-05
2.351350647524142,0.011247646915103156,9.190692782385632e-05
2.375550753376848,0.011556406246923397,8.720483954712934e-05
2.3999999267703305,0.010627342994787386,8.674831217392383e-05
2.424700731108248,0.01142139128133224,9.840232905137055e-05
2.4496557561768135,0.011234245329629062,8.576021982105642e-05
2.4748676184163267,0.011449363295204067,9.819258017191605e-05
2.5003389611954963,0.010650474942683485,6.651847081967017e-05
2.5260724550885865,0.011147494648187048,7.717898465574608e-05
2.552070798155418,0.011001878882813804,8.32741202215489e-05
2.5783367162242485,0.010336179049315948,7.835698391245998e-05
2.604872963177567,0.009199023823522156,6.585689778508907e-05
2.631682321240825,0.010853550036862449,9.778000977078282e-05
2.6587676012741466,0.011954139711769495,8.278309250050707e-05
2.686131643067038,0.011174133222216989,7.485628046433637e-05
2.7137773156361087,0.011554863137646833,8.882920876911396e-05
2.741707517525911,0.011650841959987602,7.622826832166446e-05
2.7699251771128166,0.011839754044848676,9.301866582210068e-05
2.7984332529120546,0.010688429587256536,6.477247047565522e-05
2.8272347338878983,0.010849230169629185,9.002066410943278e-05
2.8563326397670474,0.010324886615932293,6.879809330998653e-05
2.8857300213552364,0.010467999131758268,7.77467563878051e-05
2.915429960857097,0.011472137062554493,8.931689631518975e-05
2.9454355721993193,0.010889259382723624,7.046332276035449e-05
2.9757500013571327,0.01150953733365316,8.497696770037906e-05
3.0063764266841506,0.010688730131640508,7.073536269603868e-05
3.0373180592456075,0.009261074100476283,5.335858440047796e-05
3.06857814315503,0.010363804523872736,7.462964576287627e-05
3.1001599559143664,0.010844866788976898,8.570788075211584e-05
3.1320668087576227,0.010931170049535423,9.384055603015891e-05
3.1643020469980323,0.00971328522104334,6.229661570229529e-05
3.196869050378799,0.009325446919643198,4.656073435166352e-05
3.229771233427451,0.009046068703659782,5.6737584232225216e-05
3.2630120458138423,0.011678508936929491,0.00010199856372758789
3.2965949727118344,0.009893767320339005,6.469353367607874e-05
3.330523535164707,0.010227513123341315,7.429311129156634e-05
3.3648012904543236,0.009496438420422816,5.4868960242453156e-05
3.3994318324741015,0.009302367660193734,4.750733862796382e-05
3.4344187921058156,0.011449106073206204,7.74491613550381e-05
3.4697658376002836,0.009588974587385213,6.661707498779396e-05
3.50547667496197,0.009452319117561095,5.289164998307186e-05
3.541555048337543,0.009867459911009326,6.155587510406551e-05
3.5780047404084376,0.00874739811933889,4.830874815171857e-05
3.614829572787454,0.009439524803744657,5.215766653986549e-05
3.6520334064194393,0.009437442824260275,5.63812420277799e-05
3.6896201419860923,0.009240448877742715,5.0327219700177086e-05
3.727593720314938,0.00925730452801513,6.680542501156512e-05
3.765958122792505,0.009316027481951778,6.996910919731999e-05
3.804717371781761,0.009195793555831833,5.358050124314195e-05
3.843875531043842,0.00967358686981636,6.5155398376957e-05
3.8834367061641224,0.008753412108943344,4.4876572808251686e-05
3.92340504498267,0.009246764319580162,4.969363478202627e-05
3.9637847380291307,0.008754674028344855,5.7126467638350374e-05
4.004580018962091,0.009029308022426833,5.629602647786767e-05
4.045795165012961,0.009003469548790865,6.224589200087723e-05
4.087434497434423,0.0090059676145098,5.114144142655967e-05
4.129502381953506,0.009028381887598361,5.52627003688314e-05
4.172003229229306,0.008898216238217155,5.225417593941556e-05
4.214941495315434,0.008730192819969227,5.010455419047115e-05
4.258321682127213,0.009709106117128025,6.0820329333191554e-05
4.302148337913691,0.008475106400603245,4.6397377504311634e-05
4.346426057734501,0.009509266580853309,5.9013469739290175e-05
4.391159483941642,0.008080113787333094,4.195577243274541e-05
4.436353306666209,0.008593242408265544,4.63834899316101e-05
4.482012264310136,0.008248094145155167,4.1587735103847226e-05
4.5281411440429995,0.009376737716102503,5.8119298637003897e-05
4.574744782303935,0.009325860360712786,7.817025684334396e-05
4.621828065308724,0.009123462771377096,5.515176842467986e-05
4.669395929562083,0.008779728866357434,5.527873809430473e-05
4.717453362375254,0.008912893229965455,4.492907343422199e-05
4.766005402388892,0.007928877850534996,3.573020247552903e-05
4.815057140101363,0.008460823961527577,4.408921666855756e-05
4.864613718402424,0.007637070126408335,3.336713330679018e-05
4.914680333112494,0.007217318906545109,4.071448382119518e-05
4.965262233527376,0.007359652170351565,3.7476763702670634e-05
5.016364722968637,0.00806266917266327,4.0405820187977163e-05
5.067993159339642,0.007954426357902418,3.9699686596317236e-05
5.120152955687307,0.008900399855093864,4.877226729275778e-05
5.17284958076964,0.009218666754780386,6.505323255140912e-05
5.2260885596291144,0.008077645354616124,5.1246058225622136e-05
5.279875474171958,0.007880670625518539,4.183402967713836e-05
5.334215963753385,0.008493221668299506,4.117483414685144e-05
5.3891157257688675,0.007731941630258943,4.302194626195695e-05
5.4445805162514835,0.0069856643018919775,3.355452061241726e-05
5.500616150475414,0.007261408591445271,3.392551921957078e-05
5.557228503565658,0.007000993380261501,3.203575214595288e-05
5.614423511114009,0.007931098256414169,4.348757440725635e-05
5.672207169801387,0.00720678380843641,3.544559147103596e-05
5.730585538026564,0.008091550304485889,4.161255277574504e-05
5.789564736541363,0.008239915643504188,4.0773141985261504e-05
5.849150949092402,0.0068310322604271485,3.216190213209683e-05
5.909350423069427,0.008080737977213027,4.78942793600244e-05
5.970169470160338,0.007247958483401155,3.370619171146715e-05
6.031614467012935,0.006225446474751441,2.4192693978488284e-05
6.093691855903495,0.008651699786644108,4.577445859018984e-05
6.156408145412214,0.006528679451979422,2.7309383811452163e-05
6.219769911105609,0.007834308400583743,4.1090511803800595e-05
6.283783796225942,0.007213938292439014,3.3677885025946446e-05
6.348456512387739,0.0078693658885475,3.928442259461613e-05
6.413794840281477,0.00689003717432016,2.8354745899433757e-05
6.4798056303845115,0.00715743283109013,3.317200253133994e-05
6.546495803679329,0.007381155819109632,3.706654009282635e-05
6.613872352379179,0.007225094493096527,2.9977967115590425e-05
6.681942340661188,0.006989522366582811,3.572077742902861e-05
6.750712905407005,0.007206410131198261,3.248402093618687e-05
6.820191256951084,0.007218658028709368,3.721860196169313e-05
6.890384679836652,0.006746454907396873,2.615287356992129e-05
6.9613005335794735,0.006179866354888882,2.639009184141396e-05
7.032946253439464,0.007114463697790839,3.46859364888897e-05
7.1053293512002496,0.007275658281548194,3.5802726454831505e-05
7.178457415956751,0.00664248941837901,2.6618685131581075e-05
7.252338114910866,0.007491452291613128,3.487672101477026e-05
7.3269791941753555,0.006536791935658402,3.186289304764638e-05
7.402388479585985,0.007537120527823441,3.727761435967221e-05
7.4785738775220425,0.0068789420219982685,3.314778005672524e-05
7.555543375735285,0.006212287520977703,2.1285539603923458e-05
7.633305044187428,0.006914920343110441,2.6595625917235948e-05
7.711867035896253,0.0065837987254680486,2.7534540953240323e-05
7.791237587790413,0.006907035062707387,3.349074585073836e-05
7.871425021573054,0.006159409746230477,2.4216043339177102e-05
7.952437744594302,0.006172598728583397,2.3398721577786084e-05
8.034284250732753,0.006128990224544368,2.6551360910246185e-05
8.11697312128602,0.006350907738716462,2.7515544295239078e-05
8.200513025870444,0.006836539122452755,2.9538646010910192e-05
8.28491272333008,0.006460874358368347,2.3171431611575445e-05
8.370181062655027,0.0064613405186890885,2.8710086779674234e-05
8.4563269839092,0.00678544431556536,2.645701250088508e-05
8.543359519167682,0.006672280251869763,2.844766047395343e-05
8.6312877934637,0.005989649926810268,2.023213685775451e-05
8.720121025745295,0.00598097323969722,2.1850446845657334e-05
8.809868529841992,0.006598524001554939,2.8943797493043578e-05
8.900539715441251,0.0062602630866859035,2.680890739745524e-05
8.992144089075056,0.005521333186879025,1.818902251249114e-05
9.08469125511664,0.006280757436682089,2.5067566827073826e-05
9.178190916787463,0.006148335145652298,2.7722946733688085e-05
9.27265287717456,0.0057317453642165275,1.7733890599005955e-05
9.368087040258361,0.00560984138695602,1.9785239954603213e-05
9.464503411951085,0.00570170031062248,2.4368682671787245e-05
9.561912101145818,0.005678628457893737,1.7580448031136074e-05
9.660323320776397,0.006380038955424418,2.516829094038554e-05
9.759747388888192,0.005276719884311211,1.7160852065284108e-05
9.860194729719922,0.005899699158509191,2.1208187884551603e-05
9.96167587479659,0.0064840275867268865,2.389283736998258e-05
10.06420146403368,0.006329582630130479,2.2591400921834524e-05
10.167782246852706,0.006158570591307292,2.378398434186822e-05
10.272429083308252,0.005975540024437348,2.4183141108495286e-05
10.378152945226606,0.005795098311963003,2.0010954584312603e-05
10.484964917356116,0.005744936116804129,2.4066032576712632e-05
10.592876198529385,0.00579065173359299,2.3953182393800678e-05
10.701898102837424,0.005809306805930473,2.310169559742563e-05
10.812042060815891,0.005550275802602863,1.825803962578298e-05
10.923319620643543,0.005381062363026009,1.898317021433296e-05
11.035742449353016,0.0058085383791793115,1.9424509822792553e-05
11.149322334054071,0.005939257620713412,2.2517620270509923e-05
11.26407118316943,0.006432418483250868,1.9848911407300288e-05
11.380001027683322,0.0048131347101237,1.4376320388193402e-05
11.497124022402897,0.0049583462437686856,1.7565096577793775e-05
11.615452447232602,0.005993822878547039,2.1229067400805595e-05
11.734998708461688,0.0053366336283304314,1.763733495152648e-05
11.855775340064962,0.004968370757692819,1.4934933863762199e-05
11.977795005016924,0.00500948887396318,1.70653842720507e-05
12.101070496619435,0.005151264879837566,1.775675371942826e-05
12.22561473984305,0.004798537124035184,1.6685655311476423e-05
12.35144079268214,0.005725330934612303,2.1765318497954192e-05
12.478561847523991,0.00563212284664234,1.9069095097171406e-05
12.606991232531962,0.00456683137640548,1.2716425521805486e-05
12.736742413042897,0.005809558478260141,2.1636520387693475e-05
12.86782899297892,0.005288640405588209,1.576889999764357e-05
13.000264716273742,0.004748862993414755,1.4558100387190868e-05
13.134063468313677,0.0054109212590031696,1.8722726319680714e-05
13.269239277393462,0.005348051500431363,1.960946762296515e-05
13.40580631618707,0.0054349462929367655,1.7256288476006465e-05
13.543778903233669,0.005027262372215574,1.6469566681224187e-05
13.68317150443886,0.004992959270989655,1.7296459850018207e-05
13.823998734591378,0.005008971090778346,1.5197347274754096e-05
13.966275358895388,0.005145776793505939,1.63962338042376e-05
14.110016294518575,0.004923796486376002,1.831165585804881e-05
14.255236612156143,0.005076985348168225,1.7685284632510294e-05
14.401951537610922,0.0050217705573135825,1.614943264484947e-05
14.550176453389735,0.004887368750985208,1.3574198359821962e-05
14.699926900316205,0.004817476038040487,1.2752924789574874e-05
14.851218579160136,0.005187347840031698,1.5143685651476348e-05
15.004067352283695,0.0049213480802025806,1.5475799996011032e-05
15.158489245304509,0.004463200867787005,1.3822471965755734e-05
15.314500448775899,0.005007854882515463,1.6097689395229246e-05
15.472117319884427,0.00479824948755287,1.5079379492655635e-05
15.631356384164755,0.004961996204653457,1.460670172488923e-05
15.792234337232482,0.004713149361578969,1.727178573063669e-05
15.954768046534484,0.0042674991373728224,1.1044929993042988e-05
16.11897455311744,0.004418041799141381,1.2505822457768343e-05
16.284871073414507,0.004355610290651841,1.1450276297202295e-05
16.452475001050423,0.005100434353750105,1.55145210919814e-05
16.621803908665143,0.003987694624689502,1.1356500986503362e-05
16.79287554975626,0.004753097039634139,1.2891168158155646e-05
16.965707860540416,0.0046035359686950605,1.3013116541796242e-05
17.140318961833827,0.004694197139233808,1.3697535988520353e-05
17.316727160952187,0.004340372168536573,1.3682186047118746e-05
17.494950953630124,0.004365778077404265,1.121380489721169e-05
17.675009025960403,0.004111989922580805,1.141302990531539e-05
17.856920256353096,0.0046626241608236415,1.3598334714909233e-05
18.040703717514916,0.004617450872745669,1.4767613737156616e-05
18.22637867844891,0.004524855577366675,1.1590301722731183e-05
18.413964606474746,0.004074729818995718,1.1167235537501687e-05
18.603481169269788,0.004224643449474543,1.193674003557457e-05
18.794948236931177,0.0043255012568662364,1.1129579421757395e-05
18.98838588405913,0.004335827618913929,1.2623041047125528e-05
19.183814391861706,0.003995322492148127,1.0683915874323917e-05
19.381254250281188,0.004469734304972356,1.180028894769113e-05
19.580726160142387,0.0042881442697070464,1.392423858577884e-05
19.78225103532306,0.004444071811794255,1.2554022348691056e-05
19.985850004946627,0.004156032935621881,1.0152752857116211e-05
20.191544415597495,0.003966812857634842,9.684009671209133e-06
20.39935583355916,0.0043850787695010615,1.0359630655605938e-05
20.60930604707536,0.0042370349367223115,9.930120675842848e-06
20.821417068634478,0.004247943922761192,1.1361041705092666e-05
21.035711137277474,0.0037625062733042136,9.005679414801403e-06
21.25221072092957,0.0038007621127250407,7.291147247297568e-06
21.470938518755915,0.00414886630886916,1.047252120410588e-05
21.69191746354152,0.004000901222064522,1.0479430771580837e-05
21.915170724095667,0.0035873375289885274,8.321090844330478e-06
22.140721707681067,0.0035939103179670278,9.627343285860885e-06
22.368594062468038,0.0038247482500537566,9.12463298438256e-06
22.598811680013903,0.003985209744319152,9.577949515904355e-06
22.831398697767955,0.004114033200526214,1.1231177998046923e-05
23.06637950160217,0.004358511445039914,1.2314713668430685e-05
23.303778728367956,0.004169217526048213,1.054656896468449e-05
23.543621268479257,0.003648134919045758,8.73732272403816e-06
23.78593226852221,0.00393122431717429,1.0168155577446272e-05
24.030737133891666,0.0038662484620055493,8.678892189962167e-06
24.27806153145486,0.0038441939881745536,9.935769294611565e-06
24.527931392242472,0.004281844646626174,9.891437072714966e-06
24.78037291416741,0.0040179226386201005,1.1526890605376764e-05
25.035412564771548,0.0031856956318424712,7.226608088718476e-06
25.293077084000775,0.003768470174958613,9.182608658475664e-06
25.55339348700854,0.0039030812958148805,9.948551733930541e-06
25.81638906698833,0.0036830691230692004,8.022951473026561e-06
26.08209139803521,0.0034853353739632735,8.44109422695601e-06
26.350528338036913,0.003955183894839003,9.683650784254924e-06
26.621728031594603,0.0035496947114454632,8.435148966264447e-06
26.895718912973738,0.003450361682674359,7.768406361763995e-06
27.1725297090853,0.0032240893055312278,5.83945408275687e-06
27.452189442497694,0.0038101478562245516,8.836779976750421e-06
27.734727434479723,0.003933035031961528,9.238737687089947e-06
28.02017330807458,0.0032419309098812546,6.806500875081398e-06
28.308556991206046,0.0034818087576874244,6.748995626864939e-06
28.59990871981611,0.0030458649571547527,5.226252219008368e-06
28.894259041035127,0.0032961561767072814,7.772243749509254e-06
29.191638816384597,0.0032221030029110607,6.744624975523124e-06
29.492079225012855,0.003537002936501519,8.403565290833224e-06
29.795611766964097,0.00357411080512951,7.953560463205568e-06
30.102268266481044,0.003577887078488247,8.850507043770324e-06
30.412080875341594,0.0030081347642527457,6.316025986066491e-06
30.725082076229803,0.0034639898980392916,7.570032603789699e-06
31.041304686141583,0.0031945046868205548,6.2532887640810715e-06
31.360781859825444,0.003301044793300847,7.4887099865763835e-06
31.68354709325863,0.0030999590794519496,5.685455078316333e-06
32.009634227159054,0.0029406674585803335,5.647418987948669e-06
32.339077450533374,0.0033157647098890036,6.700375179104486e-06
32.67191130426158,0.0035789973548570487,8.413265000487395e-06
33.00817068471846,0.0030202176109086192,5.8365464082240814e-06
33.347890847432375,0.003227761825038252,6.4562212958154504e-06
33.691107410781655,0.0031075855432991014,5.7734828608845725e-06
34.03785635972906,0.0029934661995330543,5.653373400879049e-06
34.38817404959467,0.003455487884297277,6.3961126780266105e-06
34.742097209867566,0.0035954620426664405,8.151775790566104e-06
35.09966294805684,0.003005026991895802,5.894701689872624e-06
35.46090875358213,0.002974678280090697,5.7073395187494556e-06
35.825872501704275,0.003428333664611185,6.851517796419602e-06
36.19459245749636,0.003248070162994183,6.485457755776026e-06
36.5671072798557,0.003211435368209294,7.323634560208423e-06
36.94345602555705,0.0031556200526454896,5.474643068427578e-06
37.32367815334758,0.003045038446056842,6.499242677339243e-06
37.70781352808397,0.003510262508651795,7.608363576475586e-06
38.09590242491209,0.00319457131990352,7.3253368493646554e-06
38.48798553348969,0.0031955568494875988,5.5801036637297566e-06
38.88410396225259,0.002893646774462226,5.145883882309262e-06
39.28429924272467,0.0027546377516330114,5.716165904853018e-06
39.68861333387238,0.0028581561944987146,4.769195901483752e-06
40.09708862650395,0.002869187256511515,5.467478249785193e-06
40.50976794771385,0.00300233248694493,5.843471920884323e-06
40.92669456537314,0.003064136380548442,6.21849068039297e-06
41.347912192665895,0.0025484852692899043,4.065556288929953e-06
41.77346499267236,0.002962283177184589,6.245498561607511e-06
42.203397582999294,0.0026829042910691695,4.917703985591176e-06
42.63775504045798,0.002913912640281508,5.658463396315902e-06
43.076582905790325,0.0027097530047150626,5.442101224401932e-06
43.51992718844363,0.0028053435395283383,5.278250454423427e-06
43.96783437139457,0.0027559796016047556,5.253113817365155e-06
44.42035141602267,0.002777504347400298,4.7900686136955865e-06
44.87752576703409,0.002754169898593835,4.821628431218403e-06
45.33940535743603,0.0027266096959273466,4.420847971494903e-06
45.80603861356225,0.0029739790133352395,5.633530912708285e-06
46.27747446015049,0.002954001065224982,5.396939274417236e-06
46.75376232547197,0.0026648204720229507,4.120902630855315e-06
47.23495214651377,0.0025814759607797177,4.449346156555877e-06
47.72109437421459,0.002836451987096292,5.718053928953231e-06
48.21223997875425,0.0029572054940977697,5.270186704260009e-06
48.7084404548978,0.003129819790654086,6.863714284952148e-06
49.2097478273945,0.002733316389087844,4.283436549350969e-06
49.71621465643256,0.002567178523050208,3.849908840855608e-06
50.22789404314946,0.0028962214865585457,5.526541350278348e-06
50.744839635199966,0.002415452597997648,3.7593955661892705e-06
51.26710563238056,0.002652102405796949,4.024877270174437e-06
51.794746792312125,0.0025648922630040617,4.39737265188169e-06
52.3278184361811,0.002474088638349769,3.587368790900125e-06
52.866376454539676,0.0025853767800539064,4.35537023862768e-06
53.41047731316575,0.00278092439420016,4.093496264821981e-06
53.96017805898312,0.002632027499323985,4.0382471140916695e-06
54.51553632604262,0.0028297345572629263,5.768364947930049e-06
55.076610341564894,0.002441733120771254,3.7637036337947473e-06
55.64345893204524,0.0025526961929242795,4.5984847146555395e-06
56.216141529421385,0.0023025436214148365,3.6791667098976962e-06
56.79471817730467,0.0022275907887452278,3.19481010017194e-06
57.37924953727541,0.0026375210339229216,3.885922492549336e-06
57.96979689524306,0.0026603896707266743,4.870309301533633e-06
58.56642216787176,0.002179800586667319,2.7738129425158365e-06
59.169187909072086,0.0023858905073240707,3.5962831302405186e-06
59.778157316559614,0.0024771733195036337,4.3390067964686845e-06
60.39339423848093,0.0024212077377142073,3.4325920028713703e-06
61.01496318010789,0.0025396167999197916,4.103486644827544e-06
61.642929310600735,0.0025430579041101796,3.992278195056517e-06
62.277358469840834,0.0023960727275873753,3.630668257823987e-06
62.918317175333776,0.002283720269641471,3.2877902201090205e-06
63.565872629183445,0.00224190288330775,2.86890201457813e-06
64.22009272513792,0.002279987506935816,3.308795202039984e-06
64.8810460557079,0.002430742759832696,3.3140260312618154e-06
65.5488019193583,0.0024350809912458563,3.7070976224758992e-06
66.22343032777404,0.0023372225193134645,3.401777271479045e-06
66.90500201320042,0.0022586217364155723,2.9836421457130853e-06
67.59358843585916,0.002210402959909994,2.9820987235901833e-06
68.28926179144074,0.0019403443779769868,2.3968522035109966e-06
68.99209501867382,0.0023632863840070393,3.786599197488289e-06
69.70216180697267,0.0023378741214769004,3.3313849974169533e-06
70.41953660416308,0.00211898761574787,2.6865142550377474e-06
71.1442946242881,0.0023218966808860307,3.8046963462338974e-06
71.87651185549379,0.0020017402317584324,2.639513057632288e-06
72.61626506799647,0.0023390554537449674,3.5497784508997665e-06
73.36363182213161,0.0024473020411918556,3.2310380642553975e-06
74.11869047648584,0.002186989763904368,3.012669682466427e-06
74.88152019611255,0.002247292018949864,3.0275687274842794e-06
75.65220096083199,0.0019197974527605777,2.2199829500220026e-06
76.43081357361693,0.0023007891014634346,3.3024303908605654e-06
77.21743966906448,0.002146190973681418,3.3329449980295494e-06
78.01216172195518,0.0020475681231115557,2.617755679122916e-06
78.81506305590025,0.0023602048457275217,3.4618217167477218e-06
79.62622785207765,0.00215429344911603,2.5926254244611293e-06
80.44574115805817,0.0022806693169524815,2.915366525939793e-06
81.27368889672245,0.0021526358850176364,3.55090484553147e-06
82.11015787526955,0.0020194340386535488,2.6164771015849534e-06
82.95523579431843,0.0019462685153079516,2.1902453493105213e-06
83.80901125710298,0.002088848689301031,2.8564646973430194e-06
84.6715737787618,0.001975461726929351,2.453146173809682e-06
85.54301379572345,0.0022105085021705342,2.766280652841084e-06
86.42342267518845,0.0019839510061084665,2.1665061181637923e-06
87.31289272470868,0.001998771822301977,2.8963396367119023e-06
88.21151720186575,0.0023694545612507082,3.2202950886605615e-06
89.11939032404797,0.00199883696911143,2.8225581408024715e-06
90.03660727832975,0.002004627418488602,2.5440493468319716e-06
90.96326423145088,0.002016028763043645,2.4958491136383635e-06
91.89945833989943,0.0019330161041435803,2.3877397590601338e-06
92.84528776009826,0.002238728780709114,3.0080571424432344e-06
93.80085165869636,0.0019504137913783318,2.583064225946697e-06
94.76625022296605,0.0020107481788199295,2.6673656649632637e-06
95.74158467130731,0.0019603657339749623,2.3603108707924518e-06
96.72695726386006,0.0018808180638725013,2.41876083613462e-06
97.72247131322582,0.0016388159091341916,1.7081570891379377e-06
98.72823119529966,0.0019107884656391386,2.1985939529477923e-06
99.7443423602135,0.0018790240892299253,2.308680568632202e-06
100.77091134339231,0.0019704642816826537,2.37637121718061e-06
101.80804577672387,0.001977135591818968,2.0367589316576465e-06
102.85585439984357,0.0019500138185620406,2.3870907437102002e-06
103.91444707153532,0.0018601813916456107,2.0437590439962484e-06
104.98393478124994,0.0017917458027930004,2.288653187195976e-06
106.06442966074185,0.0020221231101805416,2.5870678019173093e-06
107.15604499582577,0.0017910320943327095,2.1042904161358182e-06
108.25889523825423,0.001868527190699322,2.1500935762060123e-06
109.37309601771746,0.0017353111312567412,1.886532080037944e-06
110.49876415396669,0.0018407250509897084,2.3510090872026247e-06
111.63601766906231,0.0017543066682783443,2.161699726656325e-06
112.78497579974798,0.0017930202634383133,1.7867992478615586e-06
113.94575900995217,0.0016803264828964316,1.7955264476962491e-06
115.11848900341839,0.0018335209318653765,2.0130568676144836e-06
116.3032887364653,0.0018155512212999427,2.2111840160919972e-06
117.50028243087829,0.0016497863761654788,1.7102468527311274e-06
118.7095955869336,0.0015737163643254858,1.640006390140782e-06
119.93135499655658,0.0017207361957543897,1.9203118555937925e-06
121.16568875661537,0.0018177781821493465,1.9672043774119812e-06
122.41272628235131,0.0016899463375527478,1.7079306711272326e-06
123.67259832094773,0.0017048440782586147,1.6986599035751539e-06
124.94543696523819,0.001634475277903276,1.678749565806908e-06
126.23137566755601,0.0018732394179630186,2.396297712625345e-06
127.5305492537262,0.0015449132751919534,1.5270779205766369e-06
128.84309393720147,0.0015816341494289093,1.636108018096898e-06
130.1691473333436,0.0015955377121914937,1.6622231829684979e-06
131.50884847385205,0.0016291496884739709,1.5796756775352995e-06
132.86233782134082,0.0016838895713518361,1.8344197048463639e-06
134.22975728406536,0.0016517188313710264,1.973360762942628e-06
135.6112502308012,0.0016276901466740078,1.6657428987629331e-06
137.00696150587572,0.0016662984859567992,1.770778998792315e-06
138.4170374443543,0.0015450117038958546,1.558615321954514e-06
139.84162588738317,0.0017481390546002324,1.874429535994794e-06
141.28087619768996,0.0015204215980971793,1.4206299565801687e-06
142.7349392752438,0.0016508826243938125,1.7269441254597938e-06
144.2039675730766,0.0016048291677751274,1.6285346017054236e-06
145.68811511326726,0.00159324300357435,1.634717411829805e-06
147.18753750309014,0.0014817660648840851,1.4857046252026244e-06
148.70239195133013,0.0015107569261730955,1.4697039510225795e-06
150.23283728476517,0.0016185276743155622,1.6340478982312267e-06
151.77903396481875,0.0015175659570660488,1.2716779064399825e-06
153.34114410438372,0.0014904298637117151,1.451783913256483e-06
154.91933148481908,0.001552473827103693,1.6339436751783744e-06
156.513761573122,0.0015467981214083092,1.1658124685595295e-06
158.12460153927665,0.0014339260970775748,1.447476509299014e-06
159.75202027378003,0.001361156623315126,1.121618932961556e-06
161.3961884053515,0.0013503428645382186,1.2072296959366165e-06
163.0572783188212,0.0015805183267762577,1.3879823886037458e-06
164.73546417320432,0.0014027508930272014,1.1727348020333253e-06
166.43092191996104,0.001485100685661218,1.3465545509685056e-06
168.1438293214443,0.0014863392929282994,1.6019692354725698e-06
169.8743659695375,0.001566191826011156,1.453946930729962e-06
171.62271330448425,0.0015812671811367895,1.5856148314919112e-06
173.38905463391137,0.0013790110023329312,1.167415269159935e-06
175.17357515204827,0.001283132092392061,1.0185629243657658e-06
176.97646195914368,0.0012188935425954813,9.861479701916492e-07
178.79790408108252,0.0013898759262211363,1.2257030567781476e-06
180.63809248920455,0.0012589544813988004,1.0137897313689259e-06
182.49722012032694,0.0012635731832342056,1.0525625907161536e-06
184.37548189697299,0.0013446966334275485,1.0020023367421467e-06
186.273074747809,0.0012915568099004906,1.1408808223116004e-06
188.19019762829154,0.0013476227817327906,1.053932037915833e-06
190.1270515415272,0.0014434859739305822,1.3541373054615597e-06
192.0838395593469,0.0013981941670284485,1.2885991811343053e-06
194.06076684359735,0.001363528534787562,1.3636547190997874e-06
196.0580406676513,0.0012350648369784073,8.644460676417395e-07
198.0758704381397,0.0011600084247927428,1.024212957479083e-06
200.11446771690674,0.0012266790036332658,9.614918860385983e-07
202.17404624319175,0.0012191769702373189,8.64365887769202e-07
204.25482195603868,0.001341256639769222,1.0477431821419912e-06
206.35701301693658,0.0012488193337868107,9.326255591502751e-07
208.48083983269305,0.0013522189566194404,1.3790379774204344e-06
210.62652507854295,0.0012490542451844035,1.0574328507235321e-06
212.79429372149525,0.0013718721049176517,1.0842534705584248e-06
214.9843730439197,0.0011663819512645617,9.019596015534895e-07
217.19699266737683,0.001265393810924297,9.590313544641206e-07
219.4323845766926,0.0014103108040482584,1.4022715324369976e-06
221.69078314428148,0.0011449874058990395,8.945102275541514e-07
223.97242515471916,0.0011591127124044422,9.077137130285307e-07
226.27754982956876,0.0012163360415028608,1.029944713969263e-06
228.6063988524622,0.0012226883593406852,1.050705382226646e-06
230.95921639443995,0.0013274379304270443,1.0902945400853992e-06
233.33624913955123,0.0012105045134883426,8.276106931951446e-07
235.73774631071805,0.0012629277243052539,9.370268042655013e-07
238.16395969586532,0.0011980670827877772,8.203994460234178e-07
240.6151436743197,0.001302491556579666,1.0688611337121802e-06
243.09155524348054,0.001134047802101926,7.802649192228049e-07
245.5934540457649,0.001146665303438761,7.099548853478226e-07
248.12110239583012,0.0012512430259141614,1.1323696253320183e-06
250.67476530807662,0.0011255781076213796,7.067145723950728e-07
253.25471052443356,0.0010392285532377457,6.646963936755555e-07
255.86120854243057,0.0012648597276412317,9.383551765749395e-07
258.4945326435585,0.0011921824966543235,8.79754218576249e-07
261.1549589219219,0.0011929279684415163,9.649479764911438e-07
263.8427663131862,0.0010961489839937787,7.61569932430765e-07
266.55823662382363,0.0013199988007122417,1.1860992112568386e-06
269.301654560659,0.0009490657359029379,5.808186181348029e-07
272.07330776072047,0.0010758862713021965,7.782640599952222e-07
274.87348682139697,0.0011785020153713657,8.273900072339155e-07
277.70248533090654,0.0010836477430788086,6.893247787033122e-07
280.5605998990777,0.0012006205993497698,9.83257946695881e-07
283.4481301884486,0.0012192074609054101,1.0456628613984873e-06
286.36537894568295,0.001100470222622777,7.55678898785129e-07
289.3126520333157,0.0010172246624836397,6.232801999822153e-07
292.29025846181906,0.0010299495559614267,7.682883330874435e-07
295.2985104220015,0.0012091841250464954,8.988668358615725e-07
298.3377233177402,0.0010105581080080421,6.066941160444924e-07
301.4082157990495,0.001008350516064334,6.299587330004468e-07
304.5103097954905,0.0010894321464760012,6.761248868752068e-07
307.64433054992395,0.0008818078426183018,4.5501428671765865e-07
310.81060665261083,0.0010997432758506065,8.066698205350989e-07
314.00947007566384,0.0010798421536210268,7.857973347532592e-07
317.24125620785327,0.0010594707756341104,7.51064779298646e-07
320.5063038897714,0.000992791181081779,6.007781295288122e-07
323.8049554493587,0.00103087409376083,6.440206110361912e-07
327.1375567377953,0.0009209558879131962,5.660639388333099e-07
330.50445716576263,0.001092293212957304,8.426701980047291e-07
333.9060097400775,0.0010654895641143763,7.050013649493618e-07
337.34257110070354,0.0010030169507230997,6.217424052540151e-07
340.81450155814383,0.0010512366796751802,7.19826244580614e-07
344.3221651312178,0.001040366501425756,7.781258657268584e-07
347.8659295852274,0.001012009364834018,5.571481823337041e-07
351.44616647051566,0.0010024535262309379,6.761651786291829e-07
355.06325116142284,0.0009804944820569087,6.047263086927182e-07
358.71756289564246,0.000904850045899926,5.629059317886307e-07
362.4094848139833,0.0010291834897424724,6.87349558777332e-07
366.1394040005401,0.0010458861427426601,8.166205814363342e-07
369.90771152327795,0.0008606089984424692,4.608791373993657e-07
373.7148024750343,0.0009195805053387819,4.5266266110331716e-07
377.56107601494284,0.00090316077041672,5.381754321469321e-07
381.44693541028397,0.00101233463243604,6.009385734811743e-07
385.37278807876584,0.0009797728456214182,6.249518565691835e-07
389.33904563124037,0.0009942985342739946,6.588020221547761e-07
393.34612391485945,0.0010036293789534776,5.624445010368471e-07
397.3944430566745,0.0009078018230860464,5.305940721049034e-07
401.4844275076856,0.0008979295757029361,5.265034785486522e-07
405.61650608734345,0.000945046495470759,5.513806768015934e-07
409.7911120285093,0.0008932607329411878,4.870265716660108e-07
414.0086830228781,0.0009392388501448946,5.14949376641274e-07
418.26966126686847,0.0008687117430113809,4.870555071469191e-07
422.5744935079856,0.0008268095962439551,4.985320290436197e-07
426.9236310916611,0.0009975078323742812,5.941168830004827e-07
431.31753000857447,0.0008192081091947347,4.3748058019602366e-07
435.75665094246233,0.0009192513282791099,5.521666341416348e-07
440.24145931841934,0.0008801429050673955,5.037325030265878e-07
444.77242535169626,0.0009334480096771795,5.543108379606431e-07
449.3500240970001,0.000900705196765429,5.755016694106194e-07
453.9747354983019,0.000857076236837818,4.2495732475991545e-07
458.6470444391573,0.0007955697168135444,3.9814244695258974e-07
463.36744079354423,0.0008059981322439544,3.663132846991606e-07
468.1364194772249,0.0007960822211992975,3.701527846568205e-07
472.9544804996353,0.0009348150906219354,5.927778240092524e-07
477.8221290163099,0.0009443457039725504,5.655850408045222e-07
482.73987538184485,0.0009165684040051966,6.08111476782091e-07
487.70823520340684,0.0007758732477476836,3.776365909573712e-07
492.72772939479273,0.0009295263398300683,4.738925190547308e-07
497.79888423104524,0.0008265325018586884,3.918520932478074e-07
502.92223140363086,0.0008269843102913196,4.1979919448782515e-07
508.098308076187,0.0007659293261826753,3.571005225173744e-07
513.3276569408371,0.0007508064033484547,3.542942461932093e-07
518.6108262750961,0.0007440970697752995,3.3786693620799105e-07
523.9483699993517,0.0008847825273351825,5.279444031024692e-07
529.3408477349408,0.0008420150832619858,4.328286688641546e-07
534.7888248628248,0.0007894775255982936,3.524058503719304e-07
540.2928725828668,0.0007994999941356328,4.0983889447186335e-07
545.8535679737204,0.0008314260331902533,4.630134141465363e-07
551.4714940533336,0.0009184674924059488,6.069278058914963e-07
557.1472398400766,0.0007776287135611853,3.4335033881477817e-07
562.8814004144979,0.0008458539003129284,3.9579564874495073e-07
568.6745769817161,0.0008416447606130095,4.514454969508706e-07
574.5273769344543,0.0008189060724661745,4.2265503650426714e-07
580.4404139167228,0.0007127818142302919,3.3005942265439097e-07
586.4143078881574,0.0008167649577192342,3.906739928376649e-07
592.4496851890195,0.0007279527882482423,3.4934372503241636e-07
598.5471786058663,0.0006817123385910471,3.239028345439283e-07
604.7074274378949,0.0008227539337210485,4.945300677675571e-07
610.9310775639718,0.0007811471703541374,3.947342871433336e-07
617.2187815103498,0.000730532055441749,3.7896388163092514e-07
623.5711985190832,0.0006705190259853466,2.9132625909841674e-07
629.9889946171471,0.0007687086576531956,4.5596283133909547e-07
636.4728426862677,0.000709567343424346,3.1060426455947654e-07
643.0234225334711,0.0006608835030813921,2.501815737610979e-07
649.641420962359,0.0008001603824776282,4.15591403999682e-07
656.3275318451172,0.0008007829686141366,4.2615727637560423e-07
663.0824561952651,0.0007810028336392823,3.8337652458787334e-07
669.9069022411554,0.0007413825608524382,3.812733860946091e-07
676.801585500228,0.0007145206659101649,3.7597142091762495e-07
683.7672288540301,0.0007176595739172158,2.9150203557079587e-07
690.8045626240072,0.0007279309929130895,3.4223603197133453e-07
697.9143246480745,0.0007159029447636252,3.5581365491179563e-07
705.0972603579769,0.0007270060136456876,3.6642748876634244e-07
712.3541228574442,0.0006810428978300057,3.270634672780923e-07
719.6856730011514,0.0008278968293998483,4.0993892687775986e-07
727.0926794744915,0.0006575418500872498,2.6354091264430854e-07
734.5759188741692,0.0006632534836965098,2.894768794446346e-07
742.1361757896241,0.0007215717446014335,3.539366763547018e-07
749.7742428852919,0.0006226380626901866,2.3394122374017305e-07
757.4909209837125,0.0007602376959966978,3.6329498213761944e-07
765.287019149493,0.0006597587300428495,2.525787445891256e-07
773.163354774135,0.0006870182149404507,3.248807052648443e-07
781.1207536617355,0.0006598038465534219,2.592799102877782e-07
789.1600501155688,0.0006066392639797369,2.366822308833746e-07
797.2820870255604,0.0006121944315400305,2.3550324192267915e-07
805.4877159566604,0.0006402159766900913,2.51740260760744e-07
813.7777972381275,0.0007251877047147304,3.084279450032463e-07
822.153200053731,0.0006934854923537827,3.147317746410111e-07
830.614802532881,0.000740909986523455,3.362622972627168e-07
839.1634918426977,0.000584825530587206,1.9371163720034554e-07
847.800164281027,0.0006264382185106167,2.7268797738369963e-07
856.5257253704144,0.0006079993171431462,2.1924830392390197e-07
865.341089953045,0.0006677875089418288,3.0137774502710213e-07
874.2471822866618,0.0006414624420856391,2.46219809139817e-07
883.2449361414705,0.0005785131654218764,2.0316384955756543e-07
892.3352948980415,0.0006964615492021469,3.3693312513007164e-07
901.5192116462205,0.0005884928615164806,2.2819257715373766e-07
910.7976492850571,0.0005607539367923727,2.2355909849585286e-07
920.1715806237551,0.0005591568119221095,2.2783489813252654e-07
929.6419884836777,0.0005503448698059403,2.0139349795049645e-07
939.209865801386,0.000648289049878421,2.7700488555831106e-07
948.8762157327465,0.0006341399735022658,2.4701769422411724e-07
958.6420517581076,0.0006244192523710226,2.429610539539462e-07
968.50839778856,0.0006250748424991623,2.479767761349927e-07
978.4762882732892,0.0006587513411184188,2.3253482763633474e-07
988.5467683080342,0.0005766347638752069,1.892433218684551e-07
998.7208937446612,0.0004977121538658903,1.5841107412700717e-07
1008.9997313018665,0.0005661658716523198,1.9234138917813118e-07
1019.384358677017,0.0005079688539050273,1.409588390982026e-07
1029.8758646591436,0.0005594279867417281,1.8975821161250773e-07
1040.475349243096,0.0006344174265699057,3.084724169920896e-07
1051.183923744873,0.0006130347787395184,2.4853335260589887e-07
1062.0027109181406,0.0006416518848995259,2.590160198532198e-07
1072.9328450719477,0.0005698134101680335,2.3103921727549736e-07
1083.9754721896538,0.0005749350004524322,1.7545355062149239e-07
1095.1317500490825,0.0006050453145374596,1.876993791444855e-07
1106.4028483439083,0.0005399923934025926,1.7733819118721273e-07
1117.789948806296,0.0005826579684938616,2.0298644061790307e-07
1129.2942453308003,0.0005517645919243848,2.250159120739755e-07
1140.9169440995413,0.000560901519880005,1.9799980161187724e-07
1152.6592637086678,0.0005489571837612448,2.0265786064757666e-07
1164.5224352961227,0.0005135576098649688,1.7307330332078362e-07
1176.5077026707233,0.0006118635834513542,2.3655204607656574e-07
1188.61632244257,0.0006578633632779036,3.4073927758980025e-07
1200.849564154797,0.0005416144416241398,1.8554839329639696e-07
1213.2087104166792,0.0005172273694943167,1.7533549671781384e-07
1225.6950570381084,0.00046511059691623695,1.2360162674831175e-07
1238.309913165455,0.0005796301511336541,1.8274237706166654e-07
1251.054601418827,0.0004964122647293362,1.6584526448774925e-07
1263.9304580307403,0.0005069624900315289,1.4839960745764437e-07
1276.9388329862197,0.0004832220198844697,1.4845796372454972e-07
1290.081090164338,0.0005578765480652487,1.9798691258105005e-07
1303.358607481215,0.0006050677964687712,2.434850667852293e-07
1316.7727770344852,0.0005089555069011392,1.784029396899241e-07
1330.325005249256,0.0004900109739617911,1.5535204147134844e-07
1344.0167130255643,0.0005159319476628075,1.7377669224242276e-07
1357.8493358873532,0.0005220946982227639,1.6557180345491503e-07
1371.8243241329815,0.0004979278304727466,1.8173122240713212e-07
1385.9431429872818,0.000499179705125513,1.6246729508532823e-07
1400.2072727551836,0.0005261820554795096,1.6935026467766423e-07
1414.6182089769181,0.0005268376069311072,1.8447269935458065e-07
1429.1774625848193,0.00047596846531562236,1.3531541652066527e-07
1443.8865600617405,0.0005131560981837794,1.485809594673946e-07
1458.7470436010994,0.00045789425592791046,1.2872730619633068e-07
1473.760471268572,0.00046479984871287055,1.4255201711451968e-07
1488.9284171654492,0.0004488566750282605,1.3495800962542815e-07
1504.2524715936759,0.0004707890004722895,1.3064514580816132e-07
1519.7342412225878,0.00045871057273540606,1.2076568613892877e-07
1535.375349257365,0.0005006087841974774,1.8559564836815155e-07
1551.1774356092187,0.00047491273446076946,1.2876865082851853e-07
1567.14215706733,0.00047646281157090096,1.5955485756001862e-07
1583.2711874725571,0.00042529236158293045,1.2592502582410617e-07
1599.5662178929326,0.00046122348056922946,1.4104065155927847e-07
1616.0289568009644,0.0005104637970379307,1.4792092647106958e-07
1632.6611302527667,0.00047146112640015624,1.4931382890317966e-07
1649.4644820690169,0.0004846475204867585,1.4494898917213596e-07
1666.440774017808,0.00044006185774071596,1.3116345942757815e-07
1683.5917859993515,0.00044335253502940115,1.242686459293469e-07
1700.9193162325946,0.00048059497606554316,1.3619503913123798e-07
1718.425181443759,0.00044186506599941833,1.2019135520904414e-07
1736.111217056815,0.00044828610750550824,1.387557011677589e-07
1753.9792773859215,0.0004139958787090927,1.076022903831269e-07
1772.0312358298422,0.00043084490054301505,1.2049148961159023e-07
1790.268985068365,0.0004494282887604427,1.3530749049473303e-07
1808.6944372607422,0.0004389658753971621,1.115373300212508e-07
1827.309524246173,0.000443494496244887,1.3996621486049993e-07
1846.1161977463494,0.0004795637885749949,1.2597719337411463e-07
1865.116429570088,0.0004890151832498012,1.319667792051627e-07
1884.3122118200656,0.00045907623964935526,1.205752828745282e-07
1903.705557101684,0.00042763149577513686,1.2042617183139397e-07
1923.2984987340835,0.0004946545483756056,1.2431384430175252e-07
1943.09309096333,0.00043712258594548584,1.2226489634214828e-07
1963.0914091777943,0.00039477725440405866,1.0249551463793681e-07
1983.2955501257482,0.0004376499115679684,1.1463821008108931e-07
2003.7076321352015,0.00042088975605666495,9.64946407844436e-08
2024.3297953360004,0.0004108583547490276,9.780560312123795e-08
2045.1642018842117,0.00040234250295440065,1.2347730916940828e-07
2066.213036188817,0.00042040744564890133,1.1448515770777882e-07
2087.478505140741,0.0004020217688594211,1.1021425443604457e-07
2108.9628383442328,0.0004027867531194392,1.0827171878025291e-07
2130.6682883506337,0.0004169443321539396,1.0262143620483538e-07
2152.5971308945486,0.0004012978006444708,9.921272307816264e-08
2174.7516651324477,0.0004148408068891817,1.035136511073404e-07
2197.1342138837235,0.00044578508064616344,1.1886627613414389e-07
2219.7471238742323,0.00040508089153527257,1.022623464099252e-07
2242.592765982337,0.00041166660568487794,1.0181553842111888e-07
2265.673535487485,0.00041086153983009783,1.0381854425170391e-07
2288.991852321346,0.00040620869925459257,9.870722632686542e-08
2312.5501613215306,0.0004204811339519988,9.9456291566325e-08
2336.350932487924,0.000368942006441788,8.880913460701334e-08
2360.3966612416557,0.00038373013361703393,8.308742945704577e-08
2384.6898686867335,0.00034496310194580856,7.173121829369547e-08
2409.233101874374,0.0003870221393938488,1.1564856976393423e-07
2434.02893407005,0.0004239938201345356,1.0283459449394056e-07
2459.0799650232884,0.0003462241081856464,8.548513669522566e-08
2484.388821240243,0.0003460726775377119,6.685022097934235e-08
2509.9581562590756,0.00036885123889624443,7.930537962836261e-08
2535.7906509281675,0.00039460824291085285,9.021665234961944e-08
2561.889013687197,0.0003817505264298868,8.973084803619324e-08
2588.2559808511096,0.0004038063104080937,1.150439093304739e-07
2614.8943168970113,0.00038893602309659234,8.552819678297734e-08
2641.8068147540107,0.0003448855658297532,7.318202839377643e-08
2668.996296096049,0.000344600217740485,7.256410457008431e-08
2696.465611637742,0.00037938185728124337,9.976694155713806e-08
2724.2176414332657,0.0003869837195824962,8.17058188884495e-08
2752.2552951783214,0.0003660729834644749,8.79979266000669e-08
2780.581512515203,0.0003155420582505246,6.052962949188597e-08
2809.1992633410096,0.00035474841336883244,7.844693751777419e-08
2838.111548119028,0.00033530974615387805,7.685114041166654e-08
2867.3213981933195,0.000326436413356069,6.703304913498264e-08
2896.831876106544,0.0003543872226685661,8.208420897946456e-08
2926.646075921064,0.00044200862610434234,1.0559531499683386e-07
2956.7671235433195,0.0003237630916582726,6.673109194652762e-08
2987.1981770516054,0.0003374364078735639,6.896423750738419e-08
3017.942427027158,0.0003613207422585687,8.835046876820991e-08
3049.0030968886826,0.0003691957621977457,9.317732716846406e-08
3080.383443230317,0.00032190446116657257,6.037155723368026e-08
3112.0867561630735,0.0003454284626862209,8.022827117937021e-08
3144.116359659792,0.000310405398167551,6.353559120016134e-08
3176.4756119036497,0.0003368183702607475,6.682817867414589e-08
3209.167905640251,0.0003335289562226368,6.383446314209146e-08
3242.1966685333464,0.00030273186498409497,5.519606911021398e-08
3275.565363524208,0.0003027242817073961,5.386298841665762e-08
3309.277489194707,0.00036539487576426027,8.081794145596784e-08
3343.336580134127,0.0003775996591294551,9.25180271843785e-08
3377.746207309752,0.0003184377162690959,6.492499010982813e-08
3412.5099784412682,0.0003279029776777649,5.933385021271743e-08
3447.6315383790215,0.00031854762071365433,6.603050495954238e-08
3483.114569486165,0.00033362453158035686,7.715465055989405e-08
3518.96279202474,0.00035161756592901646,7.099931638868772e-08
3555.1799645457336,0.00034265795163708566,7.94418600852711e-08
3591.7698842831483,0.00033765870293369255,7.54011632981974e-08
3628.736387552126,0.0003093161790390408,6.611158530120108e-08
3666.0833501511725,0.0002890039108118003,4.973508191342224e-08
3703.8146877685194,0.0003186015922805633,5.969405592895123e-08
3741.9343563926714,0.00031051077173691803,6.52591279444177e-08
3780.446352727174,0.00032013153452450157,6.176555211632869e-08
3819.3547146096544,0.00030060440547289766,6.068505150831725e-08
3858.6635214351736,0.00029931485890421914,5.2729852527922524e-08
3898.3768945839342,0.0002779239402243559,4.563695385502979e-08
3938.498997853394,0.00031613742952935173,6.067214296731126e-08
3979.0340378948217,0.0003266652638212342,5.861673443061918e-08
4019.986264654351,0.000307245750963835,6.956384470377244e-08
4061.3599718185696,0.00027229515173145935,4.572900057735272e-08
4103.159497264697,0.00029156536365904556,6.028042711578293e-08
4145.389223515393,0.00030869559827332964,6.060221451871198e-08
4188.053578198252,0.00030691387764352634,5.9602529465167644e-08
4231.157034510019,0.0002833903527049464,5.684328759451919e-08
4274.70411168559,0.0003020173363932018,5.856350421877716e-08
4318.699375471838,0.0003282646387032134,6.863626829022698e-08
4363.147438606309,0.00028363055661346755,5.058941633176771e-08
4408.0529613008575,0.00027020016551434345,4.808430223428098e-08
4453.4206517302455,0.00029041994127910304,4.825998040534112e-08
4499.255266525779,0.0002837854332899421,4.888636460928402e-08
4545.561611274027,0.00028741278470384814,5.3843066481337076e-08
4592.344541020663,0.0002779551916652573,5.103547956170578e-08
4639.608960779501,0.0002595697259793294,3.7482187427472774e-08
4687.359826046769,0.00026176563079261016,4.8659903726470426e-08
4735.60214332067,0.0002620219055922682,4.5785319166296326e-08
4784.340970626301,0.00029260767496128355,5.66626166906707e-08
4833.58141804596,0.0003032519675018965,5.620640925240914e-08
4883.3286482549265,0.00029449679465267975,5.224930089478567e-08
4933.587877062741,0.00026860768353645067,4.855931214631247e-08
4984.364373960072,0.00025446071659656667,4.5767492942224456e-08
5035.663462671192,0.00024355545622746998,3.8704669548865695e-08
5087.490521712158,0.0002452764884483297,3.325552926460472e-08
5139.8509849547245,0.0002820893815052323,5.3001833812436777e-08
5192.750342196066,0.0002672741845978132,4.319298341247803e-08
5246.194139734373,0.00025852613375434345,4.5732731903315024e-08
5300.1879809503125,0.00023975302817282136,3.5949314622994176e-08
5354.737526894596,0.0002403833758290684,3.707516312722312e-08
5409.848496881465,0.0002730429608542163,5.745528220606345e-08
5465.526669088355,0.00025842668718597205,3.900085480097605e-08
5521.777881161721,0.00024023760435349224,4.3117642000951795e-08
5578.608030829082,0.00025458511896472,4.0787225933894484e-08
5636.023076517386,0.00023973191089097297,3.182729337298882e-08
5694.029037977719,0.0002246170494361264,3.6890514640138036e-08
5752.631996916461,0.00022741987070826138,3.1411562932611965e-08
5811.838097632927,0.0002410139751569182,3.719746326431126e-08
5871.653547663573,0.0002677540176825388,4.021420381619669e-08
5932.084618432832,0.00023909630521983807,4.144999877072641e-08
5993.137645910653,0.00023116001165234852,3.668547320697143e-08
6054.819031276799,0.00023051674491697936,3.382939695811093e-08
6117.135241591992,0.0002536761502028292,3.922384110160769e-08
6180.092810475951,0.0002552184526468724,3.812715071234024e-08
6243.698338792429,0.00022509772962794956,2.8750652378059576e-08
6307.95849534128,0.00025389875363458346,3.944515074678556e-08
6372.880017557658,0.0002462986002077357,3.636219638989566e-08
6438.469712218419,0.00025535854538914776,4.3230253730336704e-08
6504.734456155777,0.0002574213346439329,4.020688588387387e-08
6571.681196978318,0.00020554565729130625,2.786688104163693e-08
6639.316953799433,0.00023402003427459915,3.770282007949226e-08
6707.64881797324,0.00022431177841706514,3.216887563555545e-08
6776.683953838089,0.00022860256669572656,2.9751433789240467e-08
6846.429599467717,0.00027322739645201517,4.711561348744349e-08
6916.893067430131,0.00022240388120664897,3.059040432635841e-08
6988.081745554302,0.00022001757056037632,3.125980225160661e-08
7060.003097704754,0.000235340356283579,3.4393571919599586e-08
7132.664664564119,0.00022194271753576272,2.7440170335836772e-08
7206.074064423752,0.00023030444943283738,3.303642943294153e-08
7280.238993982479,0.0002132981066553586,3.025105055279923e-08
7355.167229153565,0.00021536520294063237,3.2041673087914815e-08
7430.866625879992,0.0002294822331430978,3.3634849541924154e-08
7507.3451209581235,0.0002204644287307745,2.7022369699503813e-08
7584.610732869848,0.00020404653008065254,2.6460480399080904e-08
7662.671562623287,0.0002305501394013869,3.4713351259077386e-08
7741.535794602154,0.00019759958771672917,2.443525376478706e-08
7821.211697423859,0.00021612014471896954,2.9539380466596463e-08
7901.707624806436,0.00021612599177114013,3.0909852827985296e-08
7983.0320164444065,0.00021120374882331987,2.8352537609534283e-08
8065.193398893645,0.00022004117394879873,3.282440566055049e-08
8148.200386465357,0.0002095628151194779,2.7678212537572715e-08
8232.061682129255,0.00024029900618230548,3.548757034657425e-08
8316.78607842604,0.00021517360947223975,2.664223352985404e-08
8402.382458389251,0.00020936856282556003,2.4014763399173793e-08
8488.859796476638,0.00020370017852323018,2.5355431068373114e-08
8576.227159511081,0.00020304942831417787,2.7331283649352586e-08
8664.493707631224,0.00022147712829556835,3.04321703308957e-08
8753.668695251878,0.00020902269388196798,3.124559215875416e-08
8843.761472034308,0.0001830573806426484,2.1125081434609186e-08
8934.781483866514,0.00018605862727710562,2.0534394535916538e-08
9026.738273853596,0.00017315000237241464,2.1212128564519288e-08
9119.641483318312,0.00020205853186148527,2.183142149414589e-08
9213.500852811932,0.0002103178314951017,3.0015426608433624e-08
9308.326223135522,0.00021096663329720093,2.774957028371652e-08
9404.127536371636,0.00017579701075851113,2.0465872506116233e-08
9500.914836926819,0.00019007741208084425,2.1399430968589345e-08
9598.698272584648,0.0002023960341816262,2.311606394105509e-08
9697.488095569715,0.00018453040882899434,2.2873895554977264e-08
9797.29466362253,0.0001890646874504356,2.4754475853810025e-08
9898.12844108548,0.0001874096519040679,2.1054758842042416e-08
10000.0,0.00021047020537254783,2.403543223678713e-08
