a,Mean Deviation,Variance
0.0001,0.0032334276495928774,9.247496921602973e-06
0.00010102920021214988,0.0032524489030937515,1.0790256954823321e-05
0.00010206899295506665,0.0032595042452932678,8.974382440586365e-06
0.00010311948724709944,0.002229267729146859,5.321867997681706e-06
0.00010418079322861446,0.00268097985895727,5.815141512225213e-06
0.00010525302217354278,0.003998284912219911,1.3455481607259389e-05
0.00010633628650104704,0.003668960838167927,1.030299973371133e-05
0.00010743069978730812,0.0035259584099578026,1.1155683794285454e-05
0.00010853637677743319,0.0032553007107729995,7.970127821200235e-06
0.00010965343339748633,0.003553397958996052,1.0681824692604862e-05
0.00011078198676664289,0.003664372920375617,1.170776610536847e-05
0.00011192215520946903,0.003602506803050204,1.1768537251517344e-05
0.0001130740582683276,0.0029029088609834773,8.217289435785632e-06
0.00011423781671591171,0.0032633260857526983,8.159501353369226e-06
0.00011541355256790726,0.003702988252817781,1.2644036863490958e-05
0.00011660138909578599,0.0036685794928259787,1.2658509671224593e-05
0.00011780145083972953,0.0029023570508680857,6.4455375222123926e-06
0.00011901386362168765,0.003949687078397395,1.7754747781422842e-05
0.00012023875455856984,0.0032282607891864503,7.885900148837365e-06
0.00012147625207557301,0.003035349733357423,5.76549516056177e-06
0.0001227264859196465,0.003724703369081242,8.561562749200568e-06
0.00012398958717309562,0.003292972680222594,8.958838523104592e-06
0.0001252656882673249,0.003547870612679025,1.1486518832590638e-05
0.00012655492299672318,0.0029658123018104963,7.214139037215898e-06
0.0001278574265326916,0.0035204907592168164,9.863941465150443e-06
0.00012917333543781541,0.003363175585944958,9.437425239874722e-06
0.00013050278768018248,0.003660494867844483,1.2587007781049258e-05
0.00013184592264784843,0.0046134374313800105,1.837915609531237e-05
0.00013320288116345106,0.002954580272838511,7.124354237715719e-06
0.00013457380549897503,0.0033541976263408717,1.0322154145516947e-05
0.00013595883939066867,0.003652389316774853,9.350775912689036e-06
0.00013735812805411394,0.0034244489200178758,9.242436562132314e-06
0.00013877181819945197,0.0041520286725907785,1.565299673531202e-05
0.00014020005804676498,0.003764055025410669,1.0879229131569872e-05
0.00014164299734161653,0.0034313147086103848,9.819057536709194e-06
0.0001431007873707519,0.004126337353105304,1.2226181784150007e-05
0.00014457358097795983,0.0034476928086700446,1.1281275920909262e-05
0.00014606153258009765,0.003151622099695245,9.231608911323993e-06
0.0001475647981832814,0.004597391997698618,1.6475363511064454e-05
0.00014908353539924227,0.003767188434887644,1.5079707048607395e-05
0.0001506179034618518,0.0041061706598600626,1.7273531397908538e-05
0.0001521680632438169,0.0038403001601456225,1.302450617652808e-05
0.00015373417727354677,0.004145196327171921,1.4699126879115127e-05
0.000155316409752193,0.004087527393277347,1.6815011336164403e-05
0.00015691492657086612,0.0038849239464972653,1.291820322465304e-05
0.00015852989532802832,0.003997265930998555,1.394356326209824e-05
0.00016016148534706535,0.004013579132779678,1.15795252204406e-05
0.00016180986769403976,0.004600868364590318,1.7202148827401902e-05
0.00016347521519562624,0.003970358147790186,1.1681489030105851e-05
0.00016515770245723212,0.0044681079342006255,1.3757588541750993e-05
0.0001668575058813038,0.0045239012471084954,1.565395373535882e-05
0.0001685748036858222,0.00452180642042664,1.6964321872501683e-05
0.0001703097759229879,0.003767737758196771,1.353187330931655e-05
0.00017206260449809926,0.003397965425696003,9.352300210213191e-06
0.00017383347318862432,0.003370785342949697,1.1194930095219782e-05
0.00017562256766346913,0.004037049503473662,1.3988944042412642e-05
0.00017743007550244464,0.0031393682754278047,9.559308849265582e-06
0.0001792561862159335,0.00519613514100274,2.1958444797544356e-05
0.00018110109126475967,0.00490477429319491,2.301476404789234e-05
0.0001829649840802623,0.004439152332855783,1.3543745201126696e-05
0.00018484806008457636,0.004639439263059163,1.5378543335343037e-05
0.00018675051671112174,0.00428881050248116,1.8060253341111252e-05
0.0001886725534253036,0.0044025748897772035,1.683913034417508e-05
0.00019061437174542543,0.0037054498549059837,1.1821204096269869e-05
0.0001925761752638175,0.004546669667239501,2.278650195336464e-05
0.00019455816966818283,0.004116730259155738,1.5987171307276196e-05
0.0001965605627631627,0.004657487827351228,1.8938211344451228e-05
0.00019858356449212417,0.00449651262953456,1.4522124704524465e-05
0.0002006273869591719,0.0043914385642933864,1.7407301400379496e-05
0.00020269224445138646,0.004927319910614289,2.016252064984207e-05
0.00020477835346129148,0.004549217874394106,1.8314581274040553e-05
0.0002068859327095521,0.004932106980014671,2.173433927654822e-05
0.0002090152031679071,0.0037619148782771406,9.081984787633512e-06
0.0002111663880823369,0.004693405411633159,1.7831930182713396e-05
0.00021333971299646953,0.0038848195909710307,1.4309890815148658e-05
0.00021553540577522913,0.0051309197358201586,2.8109779370744307e-05
0.0002177536966287259,0.00477993659465128,1.987295090971254e-05
0.00021999481813639296,0.004513573920749569,1.4681274545709223e-05
0.00022225900527137146,0.005054159080994229,2.149470196594097e-05
0.00022454649542514663,0.004726864270443826,1.9263687468287902e-05
0.00022685752843243733,0.004095243862671528,1.3503194927462805e-05
0.00022919234659634196,0.005864549870156733,3.4731066412695456e-05
0.0002315511947137428,0.005266295976073291,2.140862210924796e-05
0.00023393432010097222,0.004690526556859573,2.378616150606444e-05
0.0002363419726197428,0.004570122672393088,1.892810178419749e-05
0.0002387744047033444,0.0041750905448875485,1.4784797986643753e-05
0.00024123187138311083,0.0048467988576743155,1.9557790899107574e-05
0.00024371463031515894,0.00531841432331648,2.1989867846190926e-05
0.00024622294180740283,0.006104415724383739,3.212234309297825e-05
0.0002487570688468463,0.005071301704480846,2.6767009856069055e-05
0.0002513172771271559,0.005566367681465216,2.5676905596168485e-05
0.00025390383507651785,0.004686286226909452,1.8445420032669305e-05
0.00025651701388578206,0.00440250850515322,1.715538102854553e-05
0.00025915708753689504,0.004693432867299569,1.8113892099181098e-05
0.0002618243328316262,0.004351691923746545,1.4118289153567324e-05
0.00026451902942058934,0.004153902892186081,1.1036764499650716e-05
0.00026724145983256285,0.00548324461803432,3.054704291794893e-05
0.000269991909504112,0.004999062556586117,2.5251089450476983e-05
0.0002727706668095161,0.006204343338667719,3.681012773411878e-05
0.0002755780230910023,0.004902542203462541,1.9215639638002793e-05
0.00027841427268929334,0.005614332308529707,2.6644246826177557e-05
0.00028127971297446706,0.005887080521317257,2.2601674208073135e-05
0.00028417464437713487,0.004801742950435163,2.065999868392882e-05
0.0002870993704199405,0.004969627459260171,1.6998221143023736e-05
0.0002900541977493835,0.006467990739168168,3.211552001805129e-05
0.0002930394361679698,0.0056012882662515315,2.1714332862880755e-05
0.00029605539866669334,0.005737243450298395,2.968475600248461e-05
0.00029910240145785213,0.005479233628282057,2.294670749690276e-05
0.0003021807640082017,0.005555446402248227,2.0380252111640807e-05
0.00030529080907245026,0.005340985125197659,2.7223147072887536e-05
0.00030843286272709796,0.006064115199148826,2.9268661264814178e-05
0.00031160725440462523,0.004429255946847452,1.7633959168318232e-05
0.000314814316928032,0.0061151712280751265,3.347174401427984e-05
0.00031805438654573353,0.0046642197013757,1.831204257650486e-05
0.00032132780296681424,0.005502356345270259,2.734932976341964e-05
0.0003246349093966452,0.00577537518570952,2.867778909174265e-05
0.00032797605257286805,0.00485650910205327,2.3135831403464372e-05
0.00033135158280174883,0.006306252258007075,3.684635304604895e-05
0.0003347618539949064,0.006557204176360723,3.608947794024399e-05
0.0003382072237064188,0.005890921286538749,2.646382858667904e-05
0.0003416880531703115,0.005946784130884714,3.3259567132945615e-05
0.00034520470733843115,0.007112544879034942,5.852985059785723e-05
0.00034875755491870967,0.005407522980030441,2.357166545702292e-05
0.00035234696841382175,0.008006877163184968,4.513332480271447e-05
0.00035597332416024047,0.005741117379674833,2.1854226076677545e-05
0.00035963700236769464,0.006739909617461883,5.160853051829829e-05
0.0003633383871590324,0.006681853893222363,2.8554399937217754e-05
0.0003670778666104951,0.005205355677183596,2.1592304105498232e-05
0.0003708558327924056,0.006306129298134141,3.297839569746498e-05
0.0003746726818102752,0.00653406847313115,3.512655411169739e-05
0.00037852881384633423,0.0057742269391910525,2.558083825501966e-05
0.0003824246332014891,0.00574797573163324,3.037251259800793e-05
0.0003863605483377126,0.0062124490885527624,2.980725436557308e-05
0.00039033697192086776,0.006536268104681941,3.709076482516164e-05
0.00039435432086397674,0.006168572861265687,2.8299349946620884e-05
0.00039841301637093105,0.0060439183615233925,2.7032926722701603e-05
0.00040251348398065336,0.0061758962219110565,3.344363516970317e-05
0.00040665615361171415,0.006853415930466876,4.381004150456127e-05
0.00041084145960740645,0.005750017738631189,2.6638620412525707e-05
0.00041506984078128553,0.005605939813546345,2.7742707351343948e-05
0.00041934174046317666,0.006991746330479554,3.2450939665554835e-05
0.00042365760654565666,0.00706775032869139,3.5787126795788524e-05
0.00042801789153101366,0.006158011400487621,3.6710413326904535e-05
0.0004324230525786903,0.007692836051271165,7.102938850992371e-05
0.00043687355155321516,0.00744910369233598,5.0948158496306826e-05
0.00044136985507262755,0.0078106115124521175,6.001855173948545e-05
0.00044591243455740067,0.007240151448005624,3.958711577347204e-05
0.00045050176627986813,0.006235766449384344,2.8517064063277068e-05
0.00045513833141415947,0.006204032765861507,2.812972469066791e-05
0.00045982261608664945,0.006675146099790211,3.5293354374788034e-05
0.00046455511142692635,0.0066577509048143845,4.0385427620034895e-05
0.0004693363136192854,0.007354273301316543,4.9703933031835266e-05
0.0004741667239547515,0.006745652895612365,4.555103662599676e-05
0.0004790468488836384,0.00707533529038748,4.397910235417777e-05
0.00048397720006864613,0.006145463567613485,3.510877723985541e-05
0.0004889582944385097,0.008103622601311134,4.515512186455283e-05
0.0004939906542421953,0.00771289614345881,5.922348212901329e-05
0.0004990748071036564,0.007079239397583783,4.100313939629071e-05
0.0005042112860771539,0.006944289987367407,3.737322785118323e-05
0.0005094006297031436,0.007930591952961818,5.629717513692514e-05
0.0005146433820647412,0.007359849635252722,4.5483620489089937e-05
0.0005199400928447668,0.00778844291265825,4.545222978872243e-05
0.0005252913173833774,0.006814094566780617,4.409739121045938e-05
0.000530697616736292,0.009420050091899659,6.40219218242962e-05
0.0005361595577336164,0.005983351101384352,3.0184999501325984e-05
0.0005416777130392725,0.0068695361937173485,4.406284314564405e-05
0.0005472526612110413,0.008442935420249651,5.533087675961497e-05
0.0005528849867612213,0.007534501454443988,4.2667345076432316e-05
0.0005585752802179125,0.008013006319408773,5.8970625171217366e-05
0.0005643241381869321,0.00834466520275375,5.2370996264190206e-05
0.0005701321634143649,0.007055980783250985,3.5790284965594674e-05
0.0005759999648497603,0.008691714182570457,6.606381922990044e-05
0.0005819281577099772,0.008396351405312133,6.702139266044174e-05
0.0005879173635436883,0.008834963465890567,5.094569022970078e-05
0.0005939682102965459,0.007746572126746957,5.3526806621036636e-05
0.0006000813323770208,0.00674236222668185,3.7821532532984685e-05
0.0006062573707229169,0.006468483463125923,3.170482229578778e-05
0.0006124969728685714,0.007202268136619247,4.036407058705071e-05
0.0006188007930127464,0.007664464363978558,3.9638989708243734e-05
0.0006251694920872186,0.00954549001992565,7.423739981003325e-05
0.0006316037378260766,0.008731861754415949,6.477867396100955e-05
0.0006381042048357291,0.008097449029180885,4.945305578944422e-05
0.0006446715746656358,0.007709025218356159,4.861704912964019e-05
0.0006513065358797644,0.007928933930114391,5.3759693743411186e-05
0.000658009784128785,0.00783124346013754,5.037244148258836e-05
0.0006647820222230055,0.008347930930683511,6.017348341504707e-05
0.0006716239602060589,0.009557243997284488,8.461939896571453e-05
0.0006785363154293491,0.008575210965643417,5.846272024782874e-05
0.0006855198126272619,0.008570161800374,6.0182553053709655e-05
0.0006925751839931518,0.007953000679453735,4.406287844334797e-05
0.0006997031692561067,0.007809305272593237,4.575341260398053e-05
0.0007069045157585101,0.008827221751393862,8.094739166566703e-05
0.0007141799785343937,0.00834374096671595,5.3558126457918645e-05
0.0007215303203886017,0.009777651621208418,7.93415305960306e-05
0.0007289563119767668,0.01055625933852803,0.00010458405283817868
0.0007364587318861117,0.009332846003796379,0.00010033462033659589
0.0007440383667170798,0.008194809850759373,4.4927042482917275e-05
0.0007516960111658085,0.009834416829105378,7.679987791610515e-05
0.0007594324681074492,0.009724702917347674,9.946703240912282e-05
0.0007672485486803461,0.008595278664622502,6.43687248257385e-05
0.0007751450723710811,0.00843177601462045,7.947678911364117e-05
0.0007831228671003936,0.009322242532491745,6.264107733816406e-05
0.000791182769309985,0.010415141588760753,9.614123817732565e-05
0.0007993256240502167,0.009112561896579325,6.206208978285153e-05
0.0008075522850687099,0.00787440737684022,4.737116571813502e-05
0.0008158636148998582,0.008477847888510298,6.329208465082115e-05
0.0008242604849552612,0.008201332133527493,5.235423536169851e-05
0.0008327437756150884,0.007328462520672481,5.8252243928784185e-05
0.0008413143763203838,0.009406085353687662,8.204552702024018e-05
0.0008499731856663206,0.010240820745933013,7.146812777833567e-05
0.0008587211114964164,0.00896188478196192,6.468846203631138e-05
0.0008675590709977132,0.008916204509738922,6.600058789369735e-05
0.0008764879907969472,0.009210010715062165,8.647413792849366e-05
0.0008855088070576976,0.010510924810865527,8.257897894170802e-05
0.0008946224655785413,0.011580549820722165,0.00010123834982061946
0.0009038299218922161,0.008672598776476512,5.8738122810459955e-05
0.0009131321413658049,0.008571781682698976,5.602741153685724e-05
0.0009225300993019505,0.011300485275082681,0.00011446494357131282
0.0009320247810411127,0.00907151185134272,7.140932988485073e-05
0.0009416171820648772,0.008061032169422453,5.275181322876635e-05
0.0009513083081003287,0.009410363689732738,6.183897764052386e-05
0.0009610991752254966,0.0098902284500651,7.163492552080671e-05
0.0009709908099758883,0.007147988448487646,5.3456323967972855e-05
0.000980984249452116,0.011879042658457246,0.00012806784564863832
0.000991080541428634,0.009372028967197164,8.723453789805982e-05
0.0010012807444635936,0.010953138070567147,0.00012282632765215522
0.0010115859280098289,0.01114559936562906,0.00010144562978828847
0.0010219971725269842,0.01045361661066104,0.00010259613888589782
0.0010325155695947977,0.01065593738828031,8.488265263134421e-05
0.001043142222027548,0.00932455556232069,0.00010030985009697277
0.0010538782439896805,0.008975103569429512,6.530178378534262e-05
0.0010647247611126236,0.009831770575290126,7.95294780903104e-05
0.001075682910612807,0.008876084190008501,6.24353540958313e-05
0.001086753841410894,0.011644065994286851,0.00010754696441048412
0.001097938714252242,0.010538206364494462,0.00012061804831465291
0.0011092387018286018,0.00805450145662134,5.782874514186153e-05
0.0011206549889010702,0.010348384234289573,8.308191521056998e-05
0.0011321887724243082,0.007502731998760838,4.785687128069126e-05
0.0011438412616720363,0.010179289541301586,9.004663821836077e-05
0.0011556136783638228,0.00963673120077361,6.719187289973738e-05
0.0011675072567931763,0.00975621606027658,8.875058372789903e-05
0.0011795232439569569,0.011062646054287915,0.00012931760957529063
0.001191662899686119,0.01010936066697029,8.547954740200484e-05
0.0012039274967778,0.011875404896012211,0.00011628564996003798
0.0012163183211287678,0.00914023746573483,8.68605791972678e-05
0.001228836671870243,0.014001181376704924,0.00016100817759595674
0.0012414838615041068,0.0102679351559164,0.00012132114910130239
0.0012542612160405136,0.010971465624879257,9.499480331292561e-05
0.0012671700751369162,0.009774998249906713,6.480081003220986e-05
0.0012802117922385266,0.013004846003713884,0.00014068124953894076
0.0012933877347202133,0.011849364475731759,0.00010827193524595339
0.0013066992840298742,0.011080002542786285,0.00010312683510190404
0.0013201478358332705,0.011739816021747727,0.0001469401035904683
0.0013337348001603586,0.012140177770931938,0.00012215490829144954
0.0013474616015531258,0.011972719903923734,0.00010934720159624435
0.0013613296792149487,0.013557470990172382,0.0001427482450659355
0.0013753404871614883,0.012886963559931143,0.00011112566314005343
0.0013894954943731374,0.011771702445105687,0.00012499663405898006
0.0014037961849490388,0.011264589752546962,9.60421256726972e-05
0.0014182440582626863,0.011875324965753093,0.00010017668009226305
0.0014328406291191289,0.011305346699960021,0.00012251355914359602
0.0014475874279137925,0.014253645324642404,0.0002077152874273306
0.0014624860007929363,0.01363877985022505,0.0001873171505748985
0.0014775379098157595,0.012975351250007063,0.00015306032567417467
0.0014927447331181797,0.015653209630779926,0.00024377050123889499
0.001508108065078288,0.012622710909054653,0.00015415959042512916
0.0015236295164835234,0.010158647333731471,0.00010858652492205882
0.0015393107146995499,0.012833731988164591,0.0001411359658148862
0.0015551533038408835,0.011097574908747016,9.905233825405069e-05
0.0015711589449432697,0.012392717953462166,0.00014093526336123014
0.0015873293161378376,0.01372115610718578,0.00014602356510052958
0.0016036661128270454,0.013427902474041275,0.00018858268568345434
0.001620171047862437,0.013860342713330358,0.0002272975866908376
0.0016368458517242283,0.012910530174320709,0.00012116820967337396
0.0016536922727027404,0.012592911761123197,0.00015367813817879163
0.0016707120770817032,0.01358347129999982,0.0001623196179494182
0.0016879070493234418,0.012753131747401432,0.00015279626340797384
0.0017052789922559714,0.012817571767678322,0.00011113014149186215
0.001722829727262017,0.015148169975850716,0.00024044809161238886
0.001740561094469979,0.014126888527750422,0.0001870016453612773
0.0017584749529468624,0.01730838153534893,0.0002561186432790469
0.001776573180893194,0.01298511868396277,0.00018413496508533334
0.0017948576758399445,0.014141276270298363,0.00016306724126860606
0.0018133303548474775,0.01483869785938943,0.0002002297844602748
0.001831993154706546,0.013627294973948465,0.00018473212823287376
0.001850848032141357,0.013842472032593738,0.0001557450306211552
0.0018698969640147277,0.014367337705224088,0.0001880599838566517
0.0018891419475353514,0.014514618559333838,0.00018654436152746914
0.0019085850004671976,0.015539032974456989,0.00017091126620344459
0.0019282281613410667,0.016685852489556136,0.00025846682499037257
0.0019480734896683226,0.01324026538832759,0.00013121959942653122
0.001968123066156825,0.013830374323893117,0.00019792360359196577
0.0019883789929290813,0.013743992422126396,0.00014963075856804908
0.002008843393742651,0.014471305771221982,0.00017611410465902407
0.002029518414212809,0.01262512443164514,0.0001333519311354536
0.0020504062220375084,0.013999115441797683,0.00017446206578181975
0.0020715090072246528,0.013479591846494663,0.00017033756314264144
0.002092828982321713,0.01467768541791848,0.00019141560731508002
0.002114368382647702,0.015445760162522772,0.00019828275339658975
0.002136129466527542,0.012868110664618864,0.0001293453503921896
0.0021581145155288397,0.01603216031946444,0.0002283497276311637
0.0021803258347011,0.012310199499161416,0.00011746482087030848
0.002202765752817402,0.013770793074890928,0.00016091220595723947
0.002225436622618564,0.01991193032645243,0.00034089155748194885
0.002248340821059815,0.013925531426344387,0.00017687304274637458
0.002271480749560015,0.01335357020712802,0.000132413837058256
0.0022948588342534327,0.014987850209859975,0.00016538679681868908
0.0023184775262441093,0.013870910942692391,0.0001433175547093595
0.002342339301862861,0.01726285079003968,0.00023378564827619875
0.0023664466629269034,0.01726377238818871,0.00023898750050314248
0.002390802137002161,0.014887356051587891,0.00018238820850455278
0.0024154082776682707,0.017907595613590777,0.00023379863222796807
0.0024402676647863183,0.0134476645950025,0.00016586762286936453
0.002465382904769324,0.016159059362179456,0.0001763942462738902
0.002490756630855517,0.016084130527029825,0.000284794358705301
0.002516391503384419,0.019681927558414806,0.0004384234249884014
0.0025422902100757728,0.016009656268149715,0.00022289000360926816
0.0025684554663113384,0.015254791529380671,0.00020621698874556254
0.00259489001541959,0.01581247003820178,0.00027430734231052975
0.0026215966289633444,0.015667633102650385,0.00018052820959388934
0.002648578107030349,0.015615263489044079,0.00019405470240600511
0.0026758372785268634,0.013515624399951093,0.00014398217931791367
0.0027033770014742472,0.01631902037831898,0.00022211576325767234
0.0027312001633086314,0.017459735100719246,0.0003009370523661513
0.0027593096811836418,0.017841100847143344,0.00022093944253324954
0.002787708502276256,0.015250364454484668,0.00021004299502205953
0.002816399604095803,0.016109313146048104,0.00023989604710850012
0.002845385994796146,0.01773857369944758,0.00023286882561781354
0.0028746707134910707,0.018283405456525303,0.0003046605649632804
0.002904256830572931,0.016491117748022165,0.00021900104208883846
0.002934147448034565,0.01488308421772463,0.00026312893509636
0.002964345699794527,0.01719715936313182,0.00023267566420342046
0.0029948547520256682,0.015384972647925167,0.00019630130680525483
0.003025677803487097,0.01622921698762505,0.00022463928554867873
0.003056818085859558,0.019188688701957612,0.0003355440900111934
0.0030882788640842606,0.015648691249142345,0.00021373342226877298
0.0031200634367051956,0.018179201052559924,0.0002426145126779222
0.003152175136214976,0.014997394288653371,0.00016828545780865498
0.0031846173294042364,0.012598101224155195,0.0001297990293916693
0.0032173934177146266,0.01828272412552498,0.000299222279202849
0.0032505068375954416,0.01877997002467744,0.00025397315892382706
0.0032839610608639204,0.016068318133785238,0.00026209548172625194
0.0033177595950692512,0.020056472626835204,0.0003789827477201977
0.003351905983860327,0.02061244071475089,0.00036895560398726013
0.003386403807357282,0.01611404209349697,0.00022180740197764846
0.0034212566825268546,0.019033265029066156,0.0002675550630989963
0.003456468263561613,0.0161587300627141,0.00023009988318746256
0.0034920422422630823,0.018096203123744367,0.00025355648336344264
0.0035279823484288173,0.020593308495690413,0.00035334478416202645
0.003564292350243457,0.01813194512288922,0.0002759161809716683
0.0036009760546738046,0.01903887942271649,0.0002521063210324058
0.0036380373078679735,0.016534987986142995,0.0003083474695942438
0.0036754799955586426,0.018894218210557832,0.00028824955532347614
0.0037133080434704584,0.01756584492985685,0.0002350585087979877
0.003751525417731635,0.020275469941900232,0.00047177261262859615
0.0037901361252897854,0.018417381468394427,0.0002432865382461016
0.0038291442143320374,0.018892354673633344,0.0003362582775315823
0.0038685537747094674,0.015834654621364547,0.00022151133911984953
0.003908368938365909,0.022172164766151446,0.00042885468711567165
0.003948593879771171,0.020416189778974855,0.00037748225345273254
0.003989232816358713,0.016999109791733552,0.00027744390560882756
0.00403029000896783,0.019112674488261767,0.00029058837069441656
0.004071769762290382,0.018307207727945602,0.0003338233310339028
0.0041136764253221336,0.018278443773167567,0.0003134122594645384
0.004156014391818708,0.022216269639793375,0.0004113788686187159
0.004198788100756286,0.020640509703594122,0.00039172346585362284
0.004242002036796993,0.023776485655946294,0.0005483068306450751
0.0042856607307591105,0.01793716816817797,0.0002548157054349624
0.004329768760092108,0.022028255001477832,0.00040107771931906537
0.004374330749356574,0.022923032294393502,0.0004772165217541385
0.0044193513707090895,0.023542065931749328,0.0004253556268847792
0.004464835344392076,0.018411672203303562,0.0003050014605654122
0.0045107874392287025,0.022521527428780413,0.00039149853382641764
0.004557212473122874,0.023376678912383205,0.0004924865243985157
0.004604115313564376,0.0216145414749843,0.0004697767802233843
0.004651500878139205,0.023090480278225484,0.00045715648983373446
0.004699374135045167,0.022964338926775442,0.0006201890016723962
0.004747740103612773,0.0215552085794973,0.0003706840700212266
0.004796603854831481,0.02346462636130994,0.000509692700993682
0.004845970511881396,0.022468067878412924,0.0003807984901941197
0.0048958452506704,0.022680167853686376,0.0005592959886062795
0.004946233300376829,0.02113311907906613,0.0005073658929782013
0.004997139943997735,0.024267513940878126,0.00041586225279191156
0.005048570518902787,0.01910448316790154,0.00027991873535202405
0.00510053041739387,0.020513145390061,0.00040559398530017526
0.005153025087270457,0.021099642865614426,0.00042878431725452466
0.005206060032400781,0.026672248599666125,0.0006932858644400422
0.0052596408132989,0.02233539507584969,0.00048152180166826264
0.005313773047707694,0.023437565581673453,0.0005162847775505005
0.005368462411187864,0.024493631394975804,0.0006080696561042554
0.005423714637712997,0.024075608074321686,0.0005044195051093041
0.005479535520270743,0.02100493831545663,0.0003898285676047478
0.005535930911470197,0.02014621891548551,0.00029943840206137005
0.005592906724155519,0.0237501623438186,0.0005156881609693613
0.005650468932025873,0.02296008020221853,0.00041471479283322263
0.005708623570261746,0.020911313237773958,0.0002964664393029212
0.0057673767361577175,0.023224286528299578,0.00038503138839548687
0.005826734589761736,0.02895368228981876,0.0006759523875603743
0.005886703354520973,0.02389556476717397,0.0005041119062362039
0.005947289317934337,0.02534313293311398,0.0005035419038647487
0.006008498832211685,0.025381042861342903,0.0005117933564484054
0.006070338314939831,0.024631472582142294,0.00045783782571783406
0.006132814249755407,0.020580936044274526,0.0004247409498307853
0.006195933187024647,0.027718035552110484,0.0006867411790905378
0.00625970174453017,0.020012139239475944,0.00035417578446053524
0.006324126608164824,0.02575345600194476,0.0006094781431162803
0.0063892145326326834,0.025389010364331485,0.0005262725156143808
0.006454972342157249,0.023051242292123034,0.00035010272321847244
0.006521406931196948,0.027352451750609214,0.0006045503667256922
0.006588525265167984,0.03076744927079069,0.0008537948553781301
0.006656334381174641,0.027921396014446122,0.0005815568817469112
0.006724841388747096,0.022666914975120096,0.00041412943664752115
0.006794053470586824,0.02547252350256362,0.0006995054320761728
0.00686397788331968,0.02506429101878893,0.0007526629210045257
0.006934621958256727,0.02985404181780435,0.0008385889532346618
0.007005993102162897,0.026759248472628307,0.0005548970915594054
0.007078098798033563,0.026779021941601953,0.0005927351467099349
0.007150946605879103,0.03163569487453758,0.0007238085270985461
0.007224544163517535,0.02435452020025297,0.0004946187105954665
0.0072988991873753194,0.025830401428225642,0.0005820658898781283
0.007374019473296399,0.02396010146704288,0.0004586201768920766
0.0074499128973595395,0.029299825762121146,0.0007069918862451223
0.007526587416704145,0.027776130194214998,0.0005227747694923789
0.00760405107036451,0.028442088479077293,0.0006485760872139703
0.007682311980112687,0.02863959982455886,0.0006003657586215256
0.007761378351310022,0.029893964096319614,0.0007739163094324518
0.00784125847376746,0.027249088076256592,0.0006084724003418259
0.007921960722614694,0.026416066408998684,0.000527654229553397
0.008003493559178275,0.023678644099663738,0.0005072641984725793
0.00808586553186874,0.028300129316498106,0.0010323690358771
0.008169085277076887,0.02946154399571378,0.0008247480721397551
0.008253161520079266,0.027048703384850274,0.000643825158774911
0.008338103075952995,0.021631362342602597,0.0004413424252395106
0.008423918850499978,0.024561927370378957,0.0004856597599940663
0.008510617841180667,0.02264339468276013,0.0004395693844529971
0.008598209138057363,0.03491986757162152,0.000984914800798663
0.00868670192474734,0.02468277080833812,0.0004617019089506591
0.008776105479385668,0.029758371119026756,0.000682125995651278
0.008866429175598002,0.03451363442316375,0.0009469278954930475
0.008957682483483375,0.02834579881230966,0.0006074869165759333
0.009049874970607098,0.030051455363788813,0.0006248031260687264
0.009143016303003886,0.028385243029402624,0.0007174665477062399
0.0092371162461913,0.02906418013856377,0.0005977072568895734
0.009332184666193632,0.028208625602502466,0.0006835544974191322
0.009428231530576314,0.029244410811943455,0.0007435784062231459
0.009525266909490987,0.026981973830992968,0.0005373751613368718
0.009623300976731312,0.037606230732395295,0.0011981397137421077
0.00972234401079965,0.03375115235631729,0.001045394471539945
0.009822406395984742,0.03243530022234294,0.0011680216757665597
0.00992349862345044,0.026425550325864407,0.0006881115661270937
0.010025631292335682,0.0320594925907526,0.0008555603416825538
0.010128815110865766,0.035902069058130225,0.0010793228499232819
0.010233060897475065,0.03808328867909578,0.0012307111172316098
0.010338379581941306,0.02610316141843957,0.0005958599077547621
0.010444782206531505,0.02974915893361813,0.0007668252359865973
0.01055227992715972,0.034687183090831235,0.0010949662372567847
0.010660884014556697,0.027091945858826818,0.0007080355499312301
0.010770605855451566,0.03189333676423783,0.0007260376284126226
0.010881456953765701,0.02604991885391209,0.0004800988594429685
0.010993448931818856,0.03394855502690501,0.0008200693543421601
0.011106593531547724,0.031009758529738897,0.0007695217014728757
0.011220902615737037,0.027718511961127856,0.0005485007333011799
0.011336388169263335,0.0352931660201341,0.000796329689730937
0.011453062300351527,0.03676718402320749,0.0012158306746677002
0.011570937241844402,0.03261369892694554,0.0007446334441750246
0.011690025352485195,0.03440551339892717,0.0010790225686726131
0.011810339118213347,0.03348962447517536,0.0010831817018294497
0.01193189115347362,0.03129770824271027,0.000749286868476828
0.012054694202538662,0.027634061024080506,0.0007114882423201284
0.012178761140845209,0.030974077952221787,0.0007362226224271342
0.012304104976344028,0.03553269729951643,0.001306850619673346
0.012430738850863704,0.03016987739512475,0.000702965276348234
0.01255867604148859,0.038985114512118536,0.0016157965477546356
0.012687929961950808,0.034952713673646704,0.0008549601797382973
0.012818514164036633,0.04161622966553416,0.0015022010670288145
0.01295044233900736,0.033489120722903956,0.000876211944328699
0.013083728319034772,0.030100577581622167,0.0006475434550194043
0.013218386078651391,0.029541381250246808,0.0006813798927549726
0.01335442973621566,0.03831904610204294,0.0011686847754009402
0.013491873555392199,0.0364839005340509,0.001125016620440096
0.013630731946647288,0.0412393674727516,0.001545073491860001
0.013771019468759764,0.03744516368960708,0.0015131345046043685
0.013912750830347442,0.0347574533355071,0.001203058331012552
0.01405594089140926,0.042234787150635014,0.001345365911261716
0.014200604664883307,0.03739605921411933,0.0011401283578295436
0.01434675731822085,0.03317449024950453,0.0008082199849265743
0.014494414174976608,0.0336523036022216,0.0010963352073110795
0.01464359071641535,0.03731685527944984,0.001084437009537869
0.014794302583135056,0.035171057128250256,0.0010992355510797323
0.014946565576706778,0.03458269892887325,0.0010163657146731108
0.015100395661331364,0.03537316574401632,0.0013160321130785903
0.015255808965513257,0.04051039634733938,0.0013093583978900766
0.015412821783751501,0.03377932959611746,0.0009873818590857917
0.015571450578248153,0.033629552022351406,0.0008224425065928357
0.0157317119806343,0.032774683604860806,0.0012172967899027763
0.015893622793713792,0.03553327611347022,0.0012430472086578733
0.016057199993224996,0.035738025356155,0.0008186193512457805
0.016222460729620598,0.04151368573866873,0.001521056542371787
0.016389422329865802,0.041022510306188864,0.0012810446639491746
0.01655810229925492,0.03807269764376948,0.0013755317979804499
0.016728518323246847,0.03795597301733955,0.0010812473630801146
0.016900688269319234,0.04298047925089033,0.0012904989580994185
0.017074630188841856,0.033079951343859965,0.000899860557548936
0.017250362318969224,0.03771284844078834,0.0012186289508244383
0.01742790308455268,0.03936125022374027,0.0013721068516720952
0.01760727110007217,0.039870478013633914,0.00129232827797451
0.017788485171587917,0.04093927136469304,0.0017798636175683081
0.01797156429871215,0.04229234760609107,0.0015552144012136678
0.018156527676601145,0.040423726935299116,0.0012307084915322377
0.018343394697967776,0.03666668940216914,0.0009219361697249987
0.01853218495511475,0.04520996298171503,0.0018783825193155429
0.018722918241988802,0.039926393043346046,0.0010310697975980053
0.018915614556255997,0.04280005741922846,0.0016852629910060206
0.019110294101398438,0.04219533118448696,0.001441334095447627
0.019306977288832496,0.03362134860832335,0.0008465267243775026
0.01950568474004889,0.03787144161785698,0.00118266692335934
0.019706437288774758,0.04301213941534128,0.001670606190966711
0.01990925598315801,0.03606813917715525,0.001012607182181735
0.020114162087974136,0.04884426442344952,0.001955848972864958
0.020321177086855737,0.04251002928198365,0.0012918665555102596
0.020530322684545008,0.043787609894553665,0.0013288870045400942
0.0207416208091694,0.0351249866136722,0.0011662134348308464
0.020955093614540694,0.043436808635813916,0.001666714252708478
0.021170763482477754,0.043846413755806724,0.0016133002326434874
0.021388653025153165,0.04018382382994719,0.0011766583587102732
0.02160878508746404,0.04099538275481298,0.0013790389303628932
0.021831182749427233,0.04377514610852923,0.0013649795930410437
0.02205586932859919,0.04081589733354711,0.0014585039026333432
0.02228286838252063,0.05069289522601753,0.001953269771149454
0.02251220371118661,0.047179478010282695,0.0017137614681406454
0.022743899359541755,0.044177366880180854,0.001436691133144261
0.022977979620001317,0.043232424533963955,0.0014197295164355653
0.023214469034998124,0.049930709125556964,0.001729681933128596
0.023453392399555795,0.04647832822774062,0.0016449407204822894
0.023694774763888364,0.04512195757135453,0.001531728541611363
0.02393864143602674,0.052163858944930745,0.002072198260410422
0.024185017984472125,0.04894600795692726,0.0016568845685077872
0.0244339302408768,0.04404269951462627,0.0015126238566805772
0.024685404302752456,0.047976790018124105,0.0015191471454339893
0.02493946653620644,0.044838577939816916,0.0014934513102605406
0.025196143578706125,0.05150789426855303,0.002765996826657481
0.025455462341871758,0.04771777485367921,0.001729051326063085
0.025717450014298034,0.04691828962885505,0.0016510145060204232
0.02598213406440473,0.04214573668154901,0.0013364055286966764
0.02624954224331665,0.04578092839306186,0.0016547102445621008
0.026519702587773235,0.044054322383332234,0.0018936298806282485
0.026792643423068113,0.04701366740774369,0.0016415133946772282
0.027068393366018892,0.041022756050489835,0.001287995215670801
0.02734698132796752,0.03863175963139874,0.0012580049706343132
0.02762843651781155,0.0542565333338625,0.0028252291530825317
0.02791278844506656,0.0429944904914196,0.0015247838520623747
0.028200066922960135,0.05823040444169686,0.0027406563330969152
0.028490302071557647,0.047956458778081655,0.0019044361326781964
0.02878352432092026,0.04791799733657227,0.0018593914234371852
0.029079764414295384,0.05244039170813906,0.002268920417035418
0.029379053411340027,0.051513404515979154,0.00224014163847079
0.029681422691377163,0.052808229198690895,0.0023777598172913606
0.02998690395668592,0.048188572779555496,0.0014006688107547028
0.030295529235825312,0.0541933828411259,0.0022018799328547096
0.030607330886992353,0.049658195352949304,0.0020989077267134673
0.030922341601414695,0.05637975382514987,0.002388695564961426
0.031240594406778167,0.04511626316559352,0.0013025372124072345
0.031562122670689606,0.05181618302751694,0.0023950704529760486
0.031886960104175355,0.045113966506208136,0.0021269231908913186
0.03221514076521567,0.05152133726168991,0.0020385824991822547
0.03254669906231565,0.05068813894901701,0.0018633745712529804
0.03288166975811279,0.05246823052530059,0.0019270317796356651
0.03322008797302171,0.0543638413542229,0.002324220831307186
0.033561989188916425,0.054933656974616385,0.0030496182839580667
0.03390740925285047,0.054594944973967115,0.0025374297827540156
0.03425638438081534,0.047675067702485315,0.001876421293534322
0.03460895116153757,0.06475141092802367,0.0033660169340117563
0.03496514656031496,0.052310756757180873,0.0023671381659307092
0.03532500792289223,0.05153680124303437,0.0016755380831707015
0.0356885729793766,0.04627613898822102,0.0014963144813580028
0.03605587984819361,0.058019847750553154,0.0034634055897390273
0.036426967040083726,0.05437573130059559,0.0023792957604589337
0.03680187346214003,0.054168901482003824,0.0023607532508702106
0.037180638421887506,0.051673251803307355,0.0020461377413115837
0.037563301631404256,0.04852808551990596,0.0016217196378192364
0.03794990321148516,0.05786137458943244,0.003470168352295131
0.03834048369584844,0.04357850876730598,0.0015783242937339758
0.038735084035385406,0.05198326344743469,0.002145008234076579
0.03913374560245403,0.06346570944307299,0.003751049343405849
0.03953651019521672,0.05397240247496601,0.0019938557966806855
0.039943420042022545,0.055289665509698945,0.002492357959500025
0.04035451780583496,0.050275516359600064,0.002165390462616693
0.040769846588704674,0.060457159123495315,0.002711370952754706
0.041189449936288806,0.04882679397279562,0.0019124715691174014
0.04161337184241645,0.048446146956094505,0.0018047563610623925
0.04204165675370132,0.05505213298334018,0.002312071372732278
0.04247434957420174,0.06419159230788204,0.002560747835323356
0.04291149567012871,0.054510790146122465,0.0021425978018787422
0.04335314087460236,0.0545996344394793,0.0021952808474718956
0.0437993314924574,0.05111990216999161,0.0020342755483765285
0.044250114305098,0.05738491284472761,0.002452719061986793
0.04470553657540263,0.06131563085457635,0.002675710321164715
0.04516564605267942,0.06246789244690946,0.0031515646100392166
0.04563049097767246,0.04985357745200156,0.0018929207709383763
0.0461001200876197,0.06007960942339019,0.003042407551780702
0.046574582621362826,0.058406312614834685,0.0029954674306391545
0.04705392832450981,0.058962766746302527,0.0023575754190548436
0.04753820745465052,0.052130594203352185,0.0021262750541590977
0.04802747078662603,0.05633123200497843,0.003227773861305513
0.048521769617852206,0.06156668030015653,0.003005323250849821
0.04902115577369802,0.06304400840953345,0.0029759809782329257
0.04952568161291924,0.05582897780529131,0.0027706393496277327
0.05003540003314808,0.05717887787235185,0.0029863597428361546
0.05055036447643928,0.051624161542030464,0.0021656912466996806
0.05107062893487333,0.06537311760573515,0.003360811108086147
0.051596247956217325,0.05168255102660142,0.002320239214558994
0.05212727664964409,0.0579652813604862,0.0027556683396643645
0.05266377069151024,0.06798963438343911,0.003731287686012717
0.05320578633119338,0.06891278804304826,0.005235448728398708
0.053753380396990035,0.05974410494846139,0.0026571708141072603
0.054306610302073594,0.06397136049382023,0.0031437294287960573
0.05486553405051394,0.061065808328377276,0.003578195212061888
0.05543021024335899,0.06272801776444326,0.0034971531075484036
0.05600069808477877,0.06703876967395776,0.0036121463801986713
0.056577057388272727,0.05850492850217191,0.002517030046288439
0.057159348582940986,0.050191326690740556,0.002612963698219107
0.0577476327198201,0.057157081453622714,0.0024648637785800154
0.05834197147828402,0.06494540484452288,0.0038781033766809364
0.05894242717251094,0.06255468990731912,0.0032568646301456778
0.05954906275801672,0.07140404088784393,0.004128059433519016
0.06016194183825549,0.06215316481030136,0.002908839395610742
0.0607811286712883,0.07284257401149886,0.004866133536984223
0.06140668817652029,0.054777070079867395,0.002302701868042719
0.06203868594150725,0.07535442417974904,0.004153575566739342
0.06267718822883224,0.05929571356292775,0.002491238157183455
0.06332226198305296,0.08461183606818205,0.004911317988668799
0.06397397483772065,0.0618446647231145,0.003022232905960065
0.06463239512247118,0.06930214532483618,0.005615413909452174
0.0652975918701892,0.058884386662442986,0.002987907104561869
0.06596963482424595,0.0691713441646974,0.003272249244661454
0.06664859444581159,0.06777836772544896,0.003535044500241692
0.06733454192124279,0.06864323848554786,0.003162807885146935
0.06802754916954637,0.06626315726061735,0.0036235914241798317
0.0687276888499197,0.06676390794502376,0.0030958153105583785
0.06943503436936879,0.06722546797009288,0.004028728167800337
0.07014965989040467,0.06803423586624983,0.003657695385676273
0.07087164033881921,0.07260087270735953,0.004060775482504724
0.07160105141154044,0.06751237808734088,0.0033341705031321453
0.07233796958456955,0.06931521969358949,0.0034091849770868567
0.07308247212099886,0.07369576987021259,0.005342255620851381
0.07383463707911256,0.06343046868809048,0.003007240384098969
0.07459454332057087,0.07252084415897246,0.0055251820316326765
0.07536227051867841,0.06888309179886777,0.003694712209528989
0.07613789916673762,0.06944021509557809,0.003895201577128132
0.07692151058648815,0.06415631015321681,0.002918598558468449
0.07771318693663318,0.07885755272752071,0.007640935916430898
0.07851301122145343,0.06803918159025764,0.005388289389831678
0.0793210672995099,0.06074354124637534,0.002926352807038487
0.08013743989243599,0.06867376108790568,0.0033665932509511394
0.08096221459382043,0.06496932726491098,0.003449653236930119
0.08179547787818127,0.06375142926384185,0.0034348702532036365
0.08263731711003251,0.05503184312579477,0.002195711167543678
0.08348782055304395,0.07977079032879282,0.0043557292344841
0.08434707737929519,0.06526782173329908,0.0031106084305233053
0.0852151776786251,0.07288142218289723,0.004717024284749054
0.08609221246807741,0.0655457632546366,0.0033060569408800648
0.0869782737014434,0.06607009041217479,0.002957909266945693
0.08787345427890295,0.07571655191658089,0.0056424761637088715
0.08877784805676485,0.063717614122736,0.002847688580191721
0.08969154985730717,0.07385763938143056,0.003961680331133103
0.09061465547871908,0.07380183036303632,0.004725018500695379
0.09154726170514495,0.0632098322653937,0.0032047834533784035
0.0924894663168317,0.0659351588486444,0.0035693705658660898
0.09344136810038083,0.06427505649855192,0.0024917074795702994
0.0944030668591058,0.07881926261794014,0.005683332291312628
0.0953746634234957,0.07696565336039403,0.004887814462370516
0.09635625966178754,0.07246631565469927,0.0043923574526271505
0.09734795849064636,0.07579295636559569,0.004349835602818542
0.09834986388595567,0.07058250619368486,0.004843876919196484
0.09936208089371903,0.08287992989958225,0.0053616647892379765
0.10038471564107372,0.074044720167093,0.004545129742356891
0.10141787534741771,0.0746718584823751,0.0038421012683524476
0.10246166833565123,0.06884408711184427,0.003499006015217871
0.10351620404353405,0.07752229732531578,0.004976088195682278
0.10458159303515961,0.0905496644315431,0.006693820250299605
0.1056579470125472,0.07120214041485921,0.004775935144234099
0.10674537882735353,0.08014527150269972,0.005776841449321493
0.10784400249270486,0.07150102257995851,0.004610307134159513
0.10895393319515069,0.07409368685278213,0.004404925700258045
0.11007528730674082,0.061095213944923114,0.0027718868993362837
0.11120818239722638,0.0702134248266823,0.003911726490529942
0.11235273724638667,0.0784887665387544,0.0044391415024764395
0.11350907185648267,0.07942144110353605,0.00521873809078472
0.11467730746483895,0.08661102569372903,0.008216512313147812
0.11585756655655484,0.07206247564549967,0.003722684116418691
0.11704997287734659,0.06719856393625542,0.003778541493151419
0.11825465144652161,0.07020471180100085,0.0032892448450176697
0.11947172857008631,0.07929332397772995,0.00529586596613618
0.12070133185398878,0.07592582923973264,0.004432776695650042
0.12194359021749775,0.09096840318848202,0.006938809669419066
0.12319863390671942,0.07416298324403896,0.004245656235384981
0.12446659450825313,0.0933472363263674,0.00715266557876016
0.12574760496298792,0.07225162206806873,0.0038552757367480584
0.1270417995800404,0.08199301836563677,0.006142391239045504
0.1283493140508372,0.08765617363411035,0.0059154494146611
0.12967028546334133,0.08355721634816565,0.005043568025292749
0.1310048523164254,0.08940336891114867,0.006206866514498675
0.13235315453439267,0.10636154227408541,0.009445449261192998
0.13371533348164769,0.09438589038266922,0.006418289804577185
0.13509153197751772,0.07638209257042382,0.004186333466535332
0.13648189431122687,0.07739604262077414,0.0056702809996021005
0.1378865662570242,0.07605925999308094,0.003536535937528137
0.13930569508946766,0.08294684799184497,0.004883930566611874
0.14073942959886532,0.08048336617175422,0.005912024324722019
0.14218792010687537,0.08694452285977726,0.006324733864856746
0.14365131848226684,0.08622278666971453,0.006240634356169333
0.14512977815684242,0.09822124196710041,0.008735759284196305
0.1466234541415253,0.07722135373842284,0.005400950282088536
0.14813250304261136,0.08228996760642167,0.005660863036701295
0.14965708307818884,0.08538690509727588,0.005190254670417692
0.15119735409472687,0.08633321003942551,0.007215921282007289
0.1527534775838348,0.08300120803769376,0.00521762368661684
0.15432561669919395,0.07625363297652146,0.004743912586340561
0.15591393627366368,0.07987276134309444,0.0040693235751809165
0.15751860283656344,0.07963562453455945,0.0038372544795053894
0.15913978463113287,0.08090724189995696,0.00570992404729366
0.16077765163217136,0.08765287657473969,0.005166544918172835
0.16243237556385925,0.07797174962903715,0.005356298760523501
0.16410412991776258,0.08723136376664299,0.004898964889666189
0.1657930899710229,0.08785079978650737,0.005841991048944402
0.1674994328047345,0.09214361639359427,0.005709280340315287
0.16922333732251085,0.08425835511595452,0.00471907462232471
0.17096498426924125,0.08890009773924559,0.008469983285971754
0.1727245562500423,0.0825051095936188,0.004835258728131669
0.17450223774940266,0.10226041736386061,0.008659383691520216
0.1762982151505258,0.08899104147511508,0.007865885482436772
0.17811267675487147,0.07969389791496463,0.003946155123056181
0.17994581280189842,0.09156102236428476,0.005622734921968136
0.1817978154890104,0.0791968994422277,0.00549684768546953
0.1836688789917071,0.08293115983363179,0.004252223410396846
0.1855591994839431,0.07624492318743163,0.004245806043314084
0.18746897515869543,0.08939389806186364,0.007730154636604491
0.18939840624874393,0.10425041672795908,0.008883708025726399
0.1913476950476645,0.10032655880723787,0.006262869647854509
0.19331704593103896,0.07567366616698089,0.00426497019624188
0.1953066653778831,0.08412348840057382,0.005542893689006072
0.19731676199229511,0.09162286348418276,0.007151842051932974
0.1993475465253271,0.09336615772828481,0.0072939821266542505
0.20139923189708134,0.09739521120011756,0.006703979666681004
0.20347203321903432,0.09279754549842817,0.0076895528027807435
0.2055661678165903,0.08667952164281938,0.005894419307400673
0.20768185525186703,0.10201608050870428,0.008413683508940993
0.20981931734671605,0.09767873183303687,0.008827117511770986
0.21197877820597988,0.10054334005657765,0.009215890164804792
0.21416046424098853,0.08344634524670673,0.005017671393191193
0.21636460419329795,0.08438652837686428,0.006128589706607049
0.2185914291586726,0.0941548597118918,0.006457435419249617
0.22084117261131514,0.09073285329735108,0.008209029454106656
0.22311407042834505,0.08997068535849513,0.006013435959828759
0.22541036091453004,0.0888980054905648,0.006089816906352932
0.2277302848272702,0.11469312360865395,0.012585727158195843
0.230074085401842,0.0997560870094202,0.007744250070216771
0.23244200837689966,0.09935116002861306,0.007658762038169042
0.23483430202024014,0.09068935220886616,0.005963277176160782
0.23725121715483313,0.09442084761281633,0.008222813335304202
0.23969300718511885,0.0878498812113252,0.007106672979423466
0.2421599281235765,0.08961931037309755,0.006669378740261377
0.24465223861756635,0.09644101242948629,0.006044186705106451
0.24717019997644776,0.0881320549827779,0.006037637691536394
0.24971407619897665,0.10510968765077316,0.00826575157688203
0.25228413400098465,0.09247549301906587,0.006807110759935562
0.2548806428433433,0.08341008836222313,0.004409663703493537
0.25750387496021593,0.09705031770084685,0.00632901106269983
0.2601541053876006,0.09237417585701675,0.007761998006127228
0.2628316119921664,0.09669128539128415,0.00820527450691835
0.26553667550038673,0.08569683862944526,0.004876696496003366
0.2682695795279725,0.09331570350864894,0.006618803644794922
0.2710306106096079,0.10413731968707123,0.009643323944361943
0.27382005822899314,0.09525299953409642,0.009991183629349587
0.2766382148491949,0.09622566605342965,0.008571212202930448
0.2794853759433104,0.10255375081614322,0.008543857960300308
0.28236184002544684,0.0887148246183931,0.0059177004369578585
0.28526790868201907,0.0930231515357065,0.007671793606227103
0.28820388660336993,0.0974591369961393,0.007529623564637078
0.291170081615716,0.096571171655625,0.006364392099199355
0.2941668047134219,0.08432364321014314,0.005679122135759739
0.297194370091607,0.09244515292665749,0.008139741366146678
0.30025309517908727,0.08869356149112999,0.006429024096913913
0.3033433006716573,0.09364254225086091,0.004951771093695127
0.30646531056571247,0.10366166188554463,0.007642782488369297
0.3096194521922206,0.10770424398252638,0.008841061775189007
0.3128060562510402,0.10579990970488494,0.0071215152024983325
0.3160254568455936,0.08784962185606161,0.004881429435592027
0.31927799151789604,0.09613096892182763,0.007007399133753506
0.3225640012839461,0.09262859066057404,0.007123398560360086
0.3258838306694796,0.0811390467254124,0.0050173799787798425
0.32923782774609206,0.09616409469208057,0.007315466404883168
0.33262634416773246,0.09102188789394496,0.006708680541298891
0.3360497352075732,0.09306986941859521,0.008186742496475934
0.3395083597952586,0.09633315669907469,0.005746465630318323
0.343002580554538,0.10249846162776864,0.00856762239746271
0.34653276384128484,0.09057828485906379,0.007329633237873284
0.3500992797819082,0.0913036314741989,0.005893864575638008
0.3537025023121588,0.09858089463751044,0.005567478432260579
0.357342809216335,0.09366762392947627,0.004814108554592519
0.3610205821668918,0.10149330720350351,0.007326156609082743
0.3647362067644582,0.10547243101239734,0.009470637801249461
0.36849007257826544,0.09825653807928984,0.008892612788737785
0.37228257318699215,0.09008451544307809,0.00613798036178847
0.3761141062200297,0.10489934476398285,0.007665108710887167
0.37998507339917187,0.09915962176789986,0.00775778097359507
0.38389588058073404,0.08772635308821655,0.004799535517694171
0.3878469377981056,0.08934858586975877,0.005730737970834256
0.3918386593047405,0.10004709461701312,0.009711419116031478
0.3958714636175901,0.10096802467202967,0.007037599773130492
0.3999457735609832,0.11080967380217163,0.009907501331658995
0.40406201631095773,0.09691531212748374,0.00725348834707518
0.40822062344004717,0.08991870238925513,0.006358420211415118
0.4124220309625317,0.08913538414046918,0.005210910749848044
0.41666667938015095,0.10050274909622472,0.008108335320266356
0.4209550137282893,0.09438374368780134,0.0060405939236534215
0.4252874836226364,0.0929200159023826,0.006390583285814405
0.4296645433063275,0.09972016847803607,0.00588840157989157
0.434086651697569,0.09845034959230943,0.006893690927861969
0.4385542724377547,0.09125705426771726,0.007543282974198326
0.4430678739400764,0.09190270857121852,0.006770802857534883
0.4476279294386356,0.09434665020337993,0.0060635525026160025
0.4522349170380602,0.08671855215586428,0.0054321210589907045
0.45688931976363173,0.08971473353602459,0.007311666385136483
0.4615916256119291,0.08901954498994899,0.0060434065738486815
0.4663423276019932,0.08885735621165443,0.0064133881958487685
0.4711419238270176,0.10802291083937217,0.006559286700820158
0.4759909175065723,0.1113242001653316,0.01071026760239078
0.48088981703936406,0.08767303146557254,0.005322072217414721
0.4858391360565404,0.09087872185278875,0.006468311198015764
0.49083939347554145,0.10815780196125668,0.008949652691943531
0.4958911135545069,0.11654267390195737,0.012249056438083683
0.5009948259472422,0.09857996904472019,0.007407366901748804
0.5061510657587512,0.099311454832136,0.007379317892446717
0.5113603736013391,0.09886307046746377,0.007270681589300072
0.5166232956512945,0.10382679254905156,0.007427998380211262
0.5219403837061534,0.09331190693130807,0.005747010514885046
0.527312195242553,0.10884451360828698,0.009964932655583816
0.5327392934746815,0.10064711283866647,0.006671157551962337
0.5382222474133287,0.09565396507325792,0.005946177782172938
0.543761631925545,0.10161953523207616,0.008995304250550222
0.5493580277949124,0.09320786994704776,0.007109351687789176
0.55501202178244,0.09583671767331114,0.005934653324172418
0.5607242066880822,0.0920375946615414,0.006219802299023143
0.5664951814128917,0.09707184110953632,0.007852943633146911
0.572325551021812,0.09766777215860603,0.006438414251678725
0.5782159268071165,0.09442301374819433,0.006854124476229052
0.5841669263524998,0.09058342242742502,0.006766545502707142
0.5901791735978291,0.1098492358363732,0.010044543049609021
0.5962532989045624,0.10787983111866059,0.008100529757764444
0.6023899391218388,0.10089668049678908,0.009002024066559807
0.6085897376532502,0.1084470128536897,0.008341869005683528
0.6148533445242998,0.0979177690011968,0.007528340573253132
0.6211814164505546,0.09935162623287223,0.006357417406871615
0.6275746169064993,0.10073979400943911,0.007118188117815982
0.6340336161950998,0.105380360077889,0.008150888342805081
0.6405590915180813,0.0888618642111626,0.005743346459217735
0.6471517270469308,0.09488979930105691,0.005617089531311483
0.6538122139946294,0.09195609575263579,0.007031678918758557
0.6605412506881239,0.10032456130743932,0.006524420339413589
0.6673395426415435,0.09588039954968014,0.006532883791884539
0.6742078026301703,0.11274817916142744,0.0103539927901425
0.6811467507651711,0.10855708753040134,0.008295459348436798
0.6881571145690982,0.09625735264217307,0.006074350407169332
0.6952396290521679,0.09835318616096765,0.00804481990888325
0.7023950367893228,0.09845421960994678,0.009508927674107987
0.7096240879980887,0.09442976203296073,0.005485563831880362
0.7169275406172317,0.09729514382590271,0.006011567638333772
0.724306160386226,0.09850904932649315,0.005631681992338657
0.7317607209255356,0.106223454466927,0.008097593708394033
0.7392920038177307,0.08905788286114663,0.004977114130789639
0.7469007986894298,0.11058470160635742,0.007734943422192005
0.7545879032940906,0.09414171880899061,0.005914830210944959
0.7623541235956507,0.09839423807672924,0.00688218441660093
0.7702002738530305,0.0932046315355126,0.006150576077309266
0.7781271767055048,0.09586019730212546,0.0065726099419124075
0.7861356632589538,0.10102882150666315,0.0075857031606928
0.7942265731730008,0.09577253190550042,0.006394028571269408
0.802400754749048,0.0914174714696782,0.006393536219431643
0.8106590650192175,0.0875169326047353,0.005533486070432565
0.8190023698362074,0.10003908802332237,0.006264384182739013
0.8274315439640743,0.0927573917984073,0.004882525886499862
0.8359474711699475,0.10073697846307447,0.006444002371822291
0.8445510443166901,0.08867621586719857,0.005405615470060051
0.8532431654565116,0.09433386081429777,0.006015382675505002
0.8620247459255443,0.09467081521195925,0.006192236524185482
0.8708967064393944,0.09683564378695615,0.007292271258624581
0.879859977189675,0.10333986834156968,0.006811371416473927
0.888915497941533,0.08894246576067799,0.00596706874004665
0.8980642181321804,0.08362689126012489,0.004939917026217527
0.907307096970439,0.090151981417174,0.006469126417188652
0.9166451035373097,0.09949713786549232,0.006055097903171942
0.9260792168875771,0.10618282411950712,0.007806629545693089
0.93561042615246,0.08847029104020486,0.005414087568464742
0.9452397306433175,0.09405041415903886,0.005577463306944525
0.9549681399564235,0.09371571067684037,0.006049577475011534
0.9647966740788197,0.09086035019371207,0.006132507386134967
0.9747263634952539,0.0933401499391577,0.005537708018118984
0.9847582492962278,0.08924821336911012,0.006112737074730205
0.994893383287148,0.09867312798839263,0.00550872219662283
1.0051328280986045,0.09251745683481688,0.005908968793761925
1.0154776572977835,0.09403886814639291,0.0065548399884200765
1.0259289555010267,0.09709699602476293,0.006714719039395807
1.0364878184875503,0.09146433209214781,0.006570243940596578
1.0471553533143318,0.09294442247451853,0.005298639684237437
1.0579326784321819,0.08033335215933683,0.004190751241210093
1.0688209238030089,0.09912861836031923,0.006937477310948301
1.0798212310182915,0.09309147305497614,0.006417001834290259
1.0909347534187712,0.09600336883779904,0.0060830629559691495
1.1021626562153741,0.09235209004166582,0.005391792252506673
1.1135061166113793,0.09438898509137213,0.005603785696419058
1.1249663239258456,0.09204312607956983,0.006054398382023056
1.136544479718305,0.09530860932899586,0.005802155560983428
1.1482417979147437,0.086302963322678,0.005101664393263611
1.1600595049348759,0.08608585269968785,0.0046268860041414955
1.1719988398207304,0.09024565741081998,0.005285597633568787
1.1840610543665595,0.08703054162762566,0.004703070650918796
1.1962474132500842,0.08227031461725565,0.004379284520585935
1.2085591941650915,0.08069119958904751,0.00365087875235549
1.2209976879553954,0.08687063885550635,0.004537179006625702
1.2335641987501775,0.09713251307317947,0.007379816496513718
1.2462600441007192,0.0852920751448261,0.005004430204446386
1.259086555118543,0.09560583720054108,0.007640205154819517
1.2720450766149736,0.09734547223591294,0.006224801660484891
1.285136967242137,0.09298296035444338,0.004749582423239409
1.2983635996354097,0.07683916815261617,0.0037859197752084578
1.3117263605573342,0.09738662387790502,0.005963525767106398
1.325226651043016,0.08835415553621369,0.005502307648258466
1.3388658865470175,0.09189211093282271,0.005977882498872171
1.3526454970917619,0.08582049357971164,0.004407709500870179
1.3665669274174659,0.08609269130231811,0.005945817297733563
1.3806316371336167,0.08349576394072164,0.004511413347769466
1.394841100872004,0.09240476208887702,0.0062895035761494165
1.4091968084413324,0.09122851895920493,0.0050340841354065136
1.42370026498342,0.08559772828076188,0.004603996590708974
1.4383529911310078,0.08303678803131798,0.005203648661532902
1.4531565231671921,0.09581681421000957,0.00587777713946354
1.4681124131864987,0.08273402790649709,0.004777206061363998
1.483222229257613,0.09429100425994312,0.005673611317045114
1.4984875555877895,0.08547835186651148,0.004932752122468616
1.5139099926889386,0.08328889188650031,0.004282921299808504
1.5294911575454513,0.08962319301699043,0.005044251193411753
1.5452326837837227,0.09615156400378785,0.0059649904676677655
1.5611362218434341,0.07319262051972816,0.002971267943802515
1.5772034391505954,0.08152279603013841,0.004602539928819467
1.5934360202923685,0.08674877002365121,0.004631066406487834
1.60983566719369,0.08544304300338751,0.004249817429001674
1.6264040992957118,0.08333513628468456,0.004404539764322243
1.6431430537360778,0.09277738108351678,0.005413459680996583
1.6600542855310554,0.0880365994996556,0.004274695171559845
1.6771395677595442,0.08219258459017795,0.004074063036035069
1.694400691748975,0.08064839452741732,0.004083778410352746
1.7118394672631245,0.08465018982558398,0.004232930105311373
1.729457722691862,0.07946934663129787,0.003728334533793217
1.747257305242849,0.0846028207164226,0.004312599962430746
1.7652400811352127,0.08140686471061913,0.004141909092172877
1.783407935795211,0.08137339800723928,0.004705305887418031
1.801762774053913,0.07703803038221081,0.003646837407158614
1.8203065203469135,0.07682191808230457,0.0037799756330934194
1.839041118916102,0.083532082734749,0.004392888086909627
1.85796853401351,0.07629108192995106,0.0041909078753345486
1.8770907501072551,0.07375473247828628,0.003191995399371002
1.8964097720896047,0.0760324463595244,0.0038103979091303527
1.915927625487182,0.07918109712777933,0.004458521464637806
1.9356463566733342,0.08357048798594152,0.004758977262452194
1.9555680330826875,0.07528061162861845,0.004405898234489914
1.9756947434279097,0.08675548482112048,0.004138368066748677
1.9960285979187038,0.06960453541070108,0.002712251979123184
2.016571728483055,0.07740041158893507,0.0038049374829532455
2.0373262889907573,0.07816532688820534,0.003820699828466093
2.0582944554792353,0.07790159509336783,0.003798686321223042
2.079478426381697,0.06492940633993181,0.00267754467495402
2.1008804227576285,0.07855675674197284,0.003749901535521135
2.1225026885256653,0.0849649374631776,0.005249631018888366
2.144347490698858,0.08254859887178297,0.004291276847899571
2.1664171196223614,0.07476267305456456,0.003871967297113061
2.1887138892135662,0.07419642559096361,0.0034362733384992765
2.211240137204706,0.07949221350218455,0.0035882241217885464
2.23399822538796,0.07869951823292053,0.004117959446655371
2.2569905398630774,0.08081933361062106,0.0039136001164347695
2.280219491287551,0.07327531258161867,0.003212898685480221
2.3036875151293654,0.06717498222731945,0.0030228583560367017
2.327397071922347,0.07735795708698917,0.004595501250994975
2.351350647524142,0.07144050849630236,0.002684264694834986
2.375550753376848,0.07075888997509792,0.0031771544205147573
2.3999999267703305,0.07460824699551168,0.0037040465086550806
2.424700731108248,0.06938998765184964,0.0031979492130003815
2.4496557561768135,0.07902909960641376,0.003829750626593676
2.4748676184163267,0.07182693702863449,0.0032946037601985804
2.5003389611954963,0.07260313330285036,0.002956420773010949
2.5260724550885865,0.07434812809069673,0.0031223300458692333
2.552070798155418,0.06457878516981548,0.002505910632708932
2.5783367162242485,0.07622374171533679,0.0032651125909937103
2.604872963177567,0.07471019635772651,0.0034438061493633444
2.631682321240825,0.07562925891663956,0.0035983534945989524
2.6587676012741466,0.0695717295913091,0.003039708566386499
2.686131643067038,0.06698751986385425,0.0030120498948451816
2.7137773156361087,0.07804567744224811,0.0038298553364745254
2.741707517525911,0.06529577437436075,0.0029675683576170916
2.7699251771128166,0.07056065892919178,0.0028515392574246746
2.7984332529120546,0.07273749065641387,0.003330640112091213
2.8272347338878983,0.07660160475034528,0.003946873312791011
2.8563326397670474,0.07519956816289697,0.0038282905517902296
2.8857300213552364,0.0712712523273773,0.003343409702068375
2.915429960857097,0.06596364279144581,0.0026792496997329347
2.9454355721993193,0.05859813662499534,0.002080319844809859
2.9757500013571327,0.07420644497072552,0.003209575243739376
3.0063764266841506,0.07006933482020526,0.003256003046925039
3.0373180592456075,0.0644940426805911,0.002733551071574594
3.06857814315503,0.07286665372686883,0.0032228669114744927
3.1001599559143664,0.06168865464856589,0.0023281659521613932
3.1320668087576227,0.06977166376493854,0.0029269113809032585
3.1643020469980323,0.06697545503174884,0.00296849735105078
3.196869050378799,0.06651748727373098,0.0027193928734942138
3.229771233427451,0.06916671727360386,0.003337505721803146
3.2630120458138423,0.07411723295742355,0.0033527937880714048
3.2965949727118344,0.0677299037237244,0.002694251085728804
3.330523535164707,0.06036218766673815,0.002186296127925775
3.3648012904543236,0.06678576899748007,0.002562700091815034
3.3994318324741015,0.0656822507603239,0.002275863354470103
3.4344187921058156,0.06507737983665575,0.0027148548003874395
3.4697658376002836,0.06799675048936187,0.003125215134472118
3.50547667496197,0.06511391486258963,0.0026926624774507
3.541555048337543,0.06596031046460042,0.0024675082294467205
3.5780047404084376,0.07056217999623725,0.00322831503994867
3.614829572787454,0.06303212516705052,0.002297038130050339
3.6520334064194393,0.06754871143365367,0.0028991779630583945
3.6896201419860923,0.06347123006613954,0.002529974537830032
3.727593720314938,0.07058398252693503,0.003061920894823685
3.765958122792505,0.059590041797736165,0.0019976279828940137
3.804717371781761,0.061679678975129174,0.002160389239370368
3.843875531043842,0.05990987081828929,0.002163236506218963
3.8834367061641224,0.053449895750523384,0.0016982891902166002
3.92340504498267,0.05378032545335496,0.0017646244893988355
3.9637847380291307,0.05573020191486665,0.002102918601205901
4.004580018962091,0.05663525351866691,0.0019116940118965409
4.045795165012961,0.06477723278167605,0.002483955615549065
4.087434497434423,0.06024088897859243,0.002151089194890236
4.129502381953506,0.06039163507139436,0.0020266857620673023
4.172003229229306,0.06253709561993195,0.0025288870989262054
4.214941495315434,0.0627545696599548,0.0022582979042330828
4.258321682127213,0.05484994266987679,0.0019721923200755496
4.302148337913691,0.05992713941296997,0.0021628326780892037
4.346426057734501,0.05408455857097687,0.0018601933488026547
4.391159483941642,0.056832564377378006,0.0020762398042632607
4.436353306666209,0.061909291862038224,0.0022707561732292375
4.482012264310136,0.04944625753431128,0.0017198848821667286
4.5281411440429995,0.06507668459484509,0.0024703835736331146
4.574744782303935,0.059846248040208265,0.0023901904085431008
4.621828065308724,0.06055077170991954,0.0021354181407492144
4.669395929562083,0.05658236931166683,0.0019245802692875067
4.717453362375254,0.05428339592142959,0.0019099124717838452
4.766005402388892,0.05653338762397403,0.0018334563697775014
4.815057140101363,0.05316993633544669,0.0018982060580481257
4.864613718402424,0.058849411472884805,0.0019687308729336643
4.914680333112494,0.052289518168749466,0.0018050256518539133
4.965262233527376,0.056947341959970664,0.0018957517969163604
5.016364722968637,0.05230276411506084,0.0015223520453015419
5.067993159339642,0.05391244373345045,0.0018870962623260038
5.120152955687307,0.05967712076671042,0.0019420284009537916
5.17284958076964,0.05157656650755894,0.0016590201320029275
5.2260885596291144,0.056545209494180855,0.0021114106289974927
5.279875474171958,0.058958987779575346,0.002016858597115112
5.334215963753385,0.050056645860302416,0.001563536960449897
5.3891157257688675,0.05755109609610423,0.0018704271193081467
5.4445805162514835,0.047735317439803616,0.0013311051147849966
5.500616150475414,0.04991094138156041,0.0015289245240588212
5.557228503565658,0.05804443145266576,0.0019250498383036139
5.614423511114009,0.058393488715064036,0.0020305621837042186
5.672207169801387,0.05529324023087515,0.0015023117726898627
5.730585538026564,0.05298396366711232,0.001724835677500465
5.789564736541363,0.0544190761640354,0.0017829707749597674
5.849150949092402,0.052608895421815835,0.0016729550434130525
5.909350423069427,0.05448506207733458,0.0018484529564706752
5.970169470160338,0.048458518482954224,0.001483019308479191
6.031614467012935,0.05070239718182645,0.001261141380405751
6.093691855903495,0.05192054909673259,0.0014786646854058802
6.156408145412214,0.050273114569733074,0.0016865557473395559
6.219769911105609,0.04778743149036199,0.0014616025775331608
6.283783796225942,0.05017168434289854,0.0016890541889752518
6.348456512387739,0.04816622642707777,0.0012543592066321754
6.413794840281477,0.05609544143399472,0.0016214224197410479
6.4798056303845115,0.05183298276876731,0.0014844915341677449
6.546495803679329,0.050718899695361516,0.001417683780734653
6.613872352379179,0.048329664062419744,0.001319857477259526
6.681942340661188,0.04571552609059483,0.0012987375492716073
6.750712905407005,0.048091357317118145,0.0013509520262923176
6.820191256951084,0.04909642771378346,0.0014576101143350638
6.890384679836652,0.04939117784296649,0.0019708088004055926
6.9613005335794735,0.05157376760391006,0.0019389913916324757
7.032946253439464,0.045590653102475835,0.0012291324461393069
7.1053293512002496,0.04305813282813511,0.0011967020826122085
7.178457415956751,0.046718172590696376,0.0013501144517038088
7.252338114910866,0.0415862358258412,0.000986299337916242
7.3269791941753555,0.04658303203606084,0.0013322168533434586
7.402388479585985,0.04513201911659964,0.0013296027717851423
7.4785738775220425,0.04197901012306787,0.0011335489934897079
7.555543375735285,0.043340106947482374,0.001254998013228058
7.633305044187428,0.05167571416785935,0.0014498354710731562
7.711867035896253,0.04429107632736549,0.0011499953393655513
7.791237587790413,0.04705508527553145,0.0013305353155626948
7.871425021573054,0.04550458559783879,0.0011672963401626124
7.952437744594302,0.045277974214000725,0.0012295756838970953
8.034284250732753,0.04499165809359554,0.0012126526893781499
8.11697312128602,0.04595472972146033,0.0013098837735287484
8.200513025870444,0.04455975157626226,0.0012546066163553276
8.28491272333008,0.04329468615567438,0.0009127000490288585
8.370181062655027,0.0433704929031325,0.0011515588619649443
8.4563269839092,0.04346185795063768,0.0012141137382792884
8.543359519167682,0.04241256567489405,0.001041295501361921
8.6312877934637,0.044858779467744254,0.0011770633261147562
8.720121025745295,0.04395009049373198,0.001085238346583152
8.809868529841992,0.042512524541064,0.0010590555126382861
8.900539715441251,0.04456815725481645,0.0011131493378259776
8.992144089075056,0.04369682979115935,0.0012497124105500237
9.08469125511664,0.03898675945579191,0.0008402107088145831
9.178190916787463,0.04202891699369806,0.0008145849842024189
9.27265287717456,0.039694461334792194,0.0009050528507815985
9.368087040258361,0.04052450855815816,0.0009581763942480962
9.464503411951085,0.04143065813441687,0.0010435493977122145
9.561912101145818,0.043089563910225975,0.0010739944944003672
9.660323320776397,0.041467756779900694,0.0009480682556939947
9.759747388888192,0.041941487435161975,0.0011482608014108055
9.860194729719922,0.04227802709854948,0.0012039989721098546
9.96167587479659,0.03907037982983416,0.0009443173136204559
10.06420146403368,0.040959159150813884,0.0010189061018286692
10.167782246852706,0.035573972183816534,0.0007189354714674352
10.272429083308252,0.040089372988171425,0.0010318018375383457
10.378152945226606,0.03789517731905906,0.0008268179180088025
10.484964917356116,0.037981688161335375,0.0008906403826038304
10.592876198529385,0.03939106214745788,0.0009486540264381645
10.701898102837424,0.037708335472151626,0.0008840195088038354
10.812042060815891,0.0358044353884711,0.0006795855610694274
10.923319620643543,0.03524531701700543,0.0006637043202836817
11.035742449353016,0.039356742927535805,0.0008307748224608996
11.149322334054071,0.04262549567698427,0.0010914347025734578
11.26407118316943,0.040467802192787804,0.0008950313699245135
11.380001027683322,0.03848555951179328,0.00085782812953246
11.497124022402897,0.03214828697860069,0.0005891517370158297
11.615452447232602,0.041183312696180745,0.0011611522866385301
11.734998708461688,0.03745102492963591,0.0008044860395075319
11.855775340064962,0.03734811689096774,0.000893408574692127
11.977795005016924,0.036968052593565025,0.0008776371716484599
12.101070496619435,0.035353309940127864,0.0007785946534406077
12.22561473984305,0.03512945071075939,0.0007738560668441616
12.35144079268214,0.03736121309131845,0.0008191195769098093
12.478561847523991,0.04036109256201327,0.0009266871489978078
12.606991232531962,0.033223160998548495,0.0006617199276780586
12.736742413042897,0.03443461302665414,0.0007104246336861809
12.86782899297892,0.03796848289493684,0.0008426774188047585
13.000264716273742,0.035600847061402714,0.0008121926460497642
13.134063468313677,0.03725152128850302,0.0007695640024924207
13.269239277393462,0.03485138377928766,0.0007788705911267312
13.40580631618707,0.035752909862394475,0.0008177762533263828
13.543778903233669,0.03452671251737781,0.0007316209910309304
13.68317150443886,0.03432543313930359,0.0008781187055211409
13.823998734591378,0.034579809549429186,0.0007404451332117445
13.966275358895388,0.028968199635353614,0.0005830543570569756
14.110016294518575,0.034247397747782266,0.0006562981332454596
14.255236612156143,0.033643439271496385,0.0007296962146099725
14.401951537610922,0.03417081199276376,0.000715302680509711
14.550176453389735,0.036328552954111804,0.0007200695313924164
14.699926900316205,0.036526474295939124,0.0007982527305438242
14.851218579160136,0.03280224877511005,0.0006110714923790845
15.004067352283695,0.03116881847310121,0.0005567292114374491
15.158489245304509,0.032653449042835125,0.0006859545793439818
15.314500448775899,0.0336869266993549,0.0007101184815213595
15.472117319884427,0.03442974637460476,0.0007113838748360551
15.631356384164755,0.033174671502406584,0.0006440173078746632
15.792234337232482,0.033028871344098015,0.000633486566507071
15.954768046534484,0.031320662255424535,0.000583605113394804
16.11897455311744,0.03233195739330216,0.0005590039797969222
16.284871073414507,0.0324025318559616,0.000664774931837448
16.452475001050423,0.03312514041685238,0.0008204282128788894
16.621803908665143,0.03193819596094688,0.0006746764069183889
16.79287554975626,0.02799076702004383,0.00045186690066227836
16.965707860540416,0.031286138444973056,0.000559993251717491
17.140318961833827,0.0343192954419107,0.000692046036040567
17.316727160952187,0.030192314208672997,0.00053996129576744
17.494950953630124,0.030418191046678453,0.0006057230924323571
17.675009025960403,0.03074483272691435,0.0006053088023611424
17.856920256353096,0.030909145869556884,0.0005384837216746244
18.040703717514916,0.029464535874624588,0.00048246344645089007
18.22637867844891,0.030049263604097046,0.0005583745682937748
18.413964606474746,0.027153122314375167,0.0005010490719597004
18.603481169269788,0.030566149535083034,0.0005791464973000893
18.794948236931177,0.029655873318943184,0.0004927986900300869
18.98838588405913,0.029107000303882594,0.00044277789058868916
19.183814391861706,0.029156177473869258,0.0004640923344425669
19.381254250281188,0.02738945456094681,0.0004914669620573547
19.580726160142387,0.02766864180023312,0.0004890011996880787
19.78225103532306,0.028818931381729543,0.00048725002327492306
19.985850004946627,0.026884552517873014,0.0005241352076022014
20.191544415597495,0.030069455184206867,0.0005898702516675545
20.39935583355916,0.026743387225902096,0.0003897702759935738
20.60930604707536,0.026775507241997936,0.00041208531674451405
20.821417068634478,0.029737717588651083,0.000568774930613172
21.035711137277474,0.030277496295411547,0.0005778728372878084
21.25221072092957,0.0275828666688105,0.0004593732104404869
21.470938518755915,0.026444400811963743,0.00046018574530968235
21.69191746354152,0.027404318855799303,0.00043250669869577163
21.915170724095667,0.02888386259894703,0.0005100284305064067
22.140721707681067,0.029243302321988376,0.0005182643262194091
22.368594062468038,0.0283659444371987,0.0004901729408846651
22.598811680013903,0.026203061973980733,0.000424629818869765
22.831398697767955,0.027208305910941512,0.00047698235428113235
23.06637950160217,0.02520948498832444,0.00048482919814878535
23.303778728367956,0.0244775648024319,0.00034452595748730747
23.543621268479257,0.026907894017307643,0.00045617666056998237
23.78593226852221,0.025422573110156214,0.0003761506679153929
24.030737133891666,0.026534759030760094,0.0004532637045776348
24.27806153145486,0.027292187719987104,0.000393702253666536
24.527931392242472,0.028531264665064424,0.00045391637741488294
24.78037291416741,0.024767831572404503,0.00037083555714162843
25.035412564771548,0.0256879144641751,0.0003966294006087777
25.293077084000775,0.026524219651730845,0.0003761619289489621
25.55339348700854,0.02456821927540529,0.00034587787777251295
25.81638906698833,0.024427482989796235,0.0003647099950058458
26.08209139803521,0.026130376616096386,0.0004260143575732316
26.350528338036913,0.02466356146790383,0.00034227582242299956
26.621728031594603,0.024693671154445096,0.0003379841655952881
26.895718912973738,0.026187191140847325,0.0004038991937313877
27.1725297090853,0.024045767225205288,0.00034767304389909123
27.452189442497694,0.023051380912428834,0.0003116746510541861
27.734727434479723,0.02202254320534486,0.00028213249028934893
28.02017330807458,0.02421335140256828,0.0003233053655926888
28.308556991206046,0.024711746343944758,0.0003419711366589006
28.59990871981611,0.024500858483368828,0.0003862442437478433
28.894259041035127,0.02703251742219013,0.00041394415082802484
29.191638816384597,0.02510597297902521,0.00039831227213499147
29.492079225012855,0.02436622622620772,0.00038194396581431506
29.795611766964097,0.026088460487040287,0.0004021249354285647
30.102268266481044,0.02135519925369293,0.0002697969500746842
30.412080875341594,0.02348874928263265,0.00032599514273137504
30.725082076229803,0.022852357791010608,0.00033435417989940476
31.041304686141583,0.02230079049826896,0.00028304552191189966
31.360781859825444,0.024555905931378515,0.0003300213159222843
31.68354709325863,0.02111551333130138,0.0002704336809427959
32.009634227159054,0.021128061285752616,0.00025087399146176336
32.339077450533374,0.023399852531927782,0.000306323617487624
32.67191130426158,0.021287637301168956,0.00025614198299171205
33.00817068471846,0.023331901140466585,0.000327287149812162
33.347890847432375,0.02310527218613872,0.00032803869408864
33.691107410781655,0.0216709502871403,0.00028365725725225
34.03785635972906,0.023574972694997143,0.00034154452783993956
34.38817404959467,0.02317282169089392,0.00031552930922215086
34.742097209867566,0.021544286947954367,0.00025315030864297213
35.09966294805684,0.021541412889990945,0.00026310086246175956
35.46090875358213,0.022474946721254996,0.0002800407227455452
35.825872501704275,0.020723934582477937,0.00026736143390116123
36.19459245749636,0.02125894413933222,0.00027244567996438537
36.5671072798557,0.021771713651024607,0.00028032774717611414
36.94345602555705,0.02300704522256855,0.0003579379502042726
37.32367815334758,0.02049132027688349,0.000258586172622102
37.70781352808397,0.021162860796796808,0.00027499049054374264
38.09590242491209,0.02068349611268148,0.0002496988714502886
38.48798553348969,0.019384499535396407,0.0002198807637465096
38.88410396225259,0.02327736028851274,0.0003012548478806737
39.28429924272467,0.019981239236615912,0.00024937238517588856
39.68861333387238,0.01962533562238947,0.00021864692076435036
40.09708862650395,0.020201856450802993,0.0002518913659732806
40.50976794771385,0.021582837057285146,0.00029378209375526817
40.92669456537314,0.02277377614508367,0.00032502542255611385
41.347912192665895,0.022287503046374238,0.0003079542367292145
41.77346499267236,0.021346585371209387,0.0002493860674973521
42.203397582999294,0.018289145637428606,0.00021404227965870153
42.63775504045798,0.017927560555701116,0.0002051977122080373
43.076582905790325,0.019256858303088528,0.00022058952923338095
43.51992718844363,0.02123477160058887,0.00026238645343118564
43.96783437139457,0.019531331399417574,0.00022336132823232271
44.42035141602267,0.018197620566082987,0.00020861955530178974
44.87752576703409,0.020693496277487757,0.00025325619120345513
45.33940535743603,0.018692858469226362,0.00025016999114953875
45.80603861356225,0.018773764838966644,0.0002003685402924678
46.27747446015049,0.01869325590974324,0.00019520147519487985
46.75376232547197,0.01732031798054149,0.0001901199351776307
47.23495214651377,0.01831494585984947,0.0001827906712288479
47.72109437421459,0.018882987087850273,0.0002013903014608202
48.21223997875425,0.01891978705172992,0.00022403252534718723
48.7084404548978,0.017448146691655557,0.00018863118655364447
49.2097478273945,0.019693372391754654,0.00020681880707505083
49.71621465643256,0.018185511340131827,0.00019280667118589165
50.22789404314946,0.018784146718602807,0.00020477706416074823
50.744839635199966,0.017809591737233014,0.00019202154675038922
51.26710563238056,0.017948330501048,0.00016898265719224667
51.794746792312125,0.01723859417790898,0.00018363954021478857
52.3278184361811,0.018373900140442337,0.00019912086392679876
52.866376454539676,0.01799844998796227,0.00019157384243332232
53.41047731316575,0.017572218257934702,0.0001656381760355844
53.96017805898312,0.017649107181188152,0.0001888075902149953
54.51553632604262,0.017958431247357475,0.00019858508253591152
55.076610341564894,0.018743950702471424,0.00022079830374770588
55.64345893204524,0.01710364575010503,0.00018153887207394363
56.216141529421385,0.016872095035806015,0.0001746452218335787
56.79471817730467,0.0167154466851034,0.00017837289059983752
57.37924953727541,0.018733317226102338,0.0001961347742615541
57.96979689524306,0.01624819310263268,0.0001741205202743672
58.56642216787176,0.01628460647226695,0.00017184731535460233
59.169187909072086,0.015844728897737498,0.0001485258142424297
59.778157316559614,0.01609719142469089,0.0001433352920154906
60.39339423848093,0.014748678958110996,0.00013231392708917692
61.01496318010789,0.016817745908087083,0.0001722552737611894
61.642929310600735,0.014751399354317223,0.0001315528320526593
62.277358469840834,0.016358479736602538,0.00016839634261282544
62.918317175333776,0.014813433747995002,0.00012909947432548273
63.565872629183445,0.016166711401054242,0.00015867151964161282
64.22009272513792,0.01490364699227279,0.00013682994822075356
64.8810460557079,0.01540988068320813,0.00013835914526793682
65.5488019193583,0.016066970880960936,0.00014364138047393856
66.22343032777404,0.01606043948078024,0.00015358491747246807
66.90500201320042,0.015528688621073228,0.00013794894033104975
67.59358843585916,0.014413236918087251,0.00012309587678541433
68.28926179144074,0.015453180134793468,0.00016236202958335244
68.99209501867382,0.014024681558142859,0.00011516407803377536
69.70216180697267,0.014437812913974848,0.00012949966309895028
70.41953660416308,0.016614859805343305,0.00016509993737917242
71.1442946242881,0.015483957035740946,0.00017116444754134344
71.87651185549379,0.01518239499409085,0.00012481919928812298
72.61626506799647,0.014202687970165525,0.00012209589808018695
73.36363182213161,0.01592062862017666,0.00014480959932585102
74.11869047648584,0.014797866013864088,0.00014293755902966424
74.88152019611255,0.014845930731805073,0.00013148958351051745
75.65220096083199,0.01431784809814916,0.00012519356600217444
76.43081357361693,0.014850540752242444,0.00013864638020076969
77.21743966906448,0.015880233625050668,0.0001398400882061079
78.01216172195518,0.01541580243846266,0.00013180911721168555
78.81506305590025,0.013475895911775676,0.0001047110145061103
79.62622785207765,0.014379919947378882,0.00013670148448236797
80.44574115805817,0.015163006161581855,0.00013294392308322819
81.27368889672245,0.01463275534764301,0.00011360748064717489
82.11015787526955,0.012763571258488773,0.00010307510254299444
82.95523579431843,0.014402960736112353,0.0001263239171397693
83.80901125710298,0.012694034488345522,8.967622484182613e-05
84.6715737787618,0.014634960817887491,0.00012475342591243882
85.54301379572345,0.014636232773876197,0.00012316956928655213
86.42342267518845,0.01571743897167584,0.00012727936152080916
87.31289272470868,0.01329083046893934,9.776135805219545e-05
88.21151720186575,0.013319658391739056,0.00011075039503001481
89.11939032404797,0.01296290043175801,0.00010012056565757542
90.03660727832975,0.015049015694301494,0.00014517332767773243
90.96326423145088,0.011553915105455044,7.934302274201108e-05
91.89945833989943,0.014649587355837665,0.0001274742833876365
92.84528776009826,0.013494089120772018,0.00011815998607946386
93.80085165869636,0.012457486470897148,0.00010490572537630297
94.76625022296605,0.013692720197324636,0.00012754098483184424
95.74158467130731,0.012665764478889377,9.920858429661726e-05
96.72695726386006,0.013595293124819306,0.00010253303323469454
97.72247131322582,0.012955804949952045,9.913531013717465e-05
98.72823119529966,0.012525375094087684,0.00011134254724085013
99.7443423602135,0.013105467192481355,0.00010259173604139566
100.77091134339231,0.012540912027463786,9.763303454741139e-05
101.80804577672387,0.013326819349393105,9.990409169118912e-05
102.85585439984357,0.013035039357508249,0.00010376125413061449
103.91444707153532,0.012035626324675629,8.382812753712242e-05
104.98393478124994,0.013009537333931424,9.771700539709579e-05
106.06442966074185,0.012141301914122148,9.626666188357737e-05
107.15604499582577,0.011578096972044531,7.503772945651922e-05
108.25889523825423,0.011954011579465665,9.083774695052576e-05
109.37309601771746,0.010907734093313873,7.504239478120065e-05
110.49876415396669,0.011769590916036542,9.024233862384574e-05
111.63601766906231,0.011547454609380014,7.696659572843523e-05
112.78497579974798,0.012700628364366294,9.460112904505617e-05
113.94575900995217,0.012771407698845896,0.00010818965876161358
115.11848900341839,0.011597502894030571,6.572439644542724e-05
116.3032887364653,0.011553236606360661,8.490696233617975e-05
117.50028243087829,0.011752152678855826,7.849426914997525e-05
118.7095955869336,0.010984261609792639,6.828782900722182e-05
119.93135499655658,0.01102484975195164,7.839019143408976e-05
121.16568875661537,0.011913400622890525,7.567084951205829e-05
122.41272628235131,0.011537913925399611,7.990189946925047e-05
123.67259832094773,0.012138608792340796,8.820400523518808e-05
124.94543696523819,0.01138515412627918,6.932719988153363e-05
126.23137566755601,0.01254355983614818,9.310482839168567e-05
127.5305492537262,0.01134339046123003,7.324006659546262e-05
128.84309393720147,0.011624920669270913,8.070181413742889e-05
130.1691473333436,0.011829916365119486,8.688420521105528e-05
131.50884847385205,0.010486623340925023,6.799560033240087e-05
132.86233782134082,0.010490156233319664,6.702442680727926e-05
134.22975728406536,0.010285062427748149,6.605630400615698e-05
135.6112502308012,0.010956848622195828,7.053446244479546e-05
137.00696150587572,0.011486715526304812,8.014782392771913e-05
138.4170374443543,0.012002146686559101,8.785136229910338e-05
139.84162588738317,0.010409394812715139,6.57807539448069e-05
141.28087619768996,0.010321203723949767,6.077656192313109e-05
142.7349392752438,0.01127542198775662,7.580562871504739e-05
144.2039675730766,0.01137568110390174,7.969626623813628e-05
145.68811511326726,0.011883121727019203,8.355723564271858e-05
147.18753750309014,0.009880999293585083,5.6650584936439286e-05
148.70239195133013,0.009966036639934317,5.92064195001181e-05
150.23283728476517,0.009355932876427999,5.7685430792741825e-05
151.77903396481875,0.010201121281780965,5.7603926883943076e-05
153.34114410438372,0.010864606450179169,7.184752013627955e-05
154.91933148481908,0.010633209835167695,6.16659100227967e-05
156.513761573122,0.010457801162766846,6.485173983575361e-05
158.12460153927665,0.010217585725139481,5.73054318156963e-05
159.75202027378003,0.010000152977456774,6.0626466085748743e-05
161.3961884053515,0.010019614148658996,6.447436011731197e-05
163.0572783188212,0.010410628239932884,6.515365958659495e-05
164.73546417320432,0.009087013745151517,4.928913792086286e-05
166.43092191996104,0.010224493033532978,5.9041421312368964e-05
168.1438293214443,0.010441822025158386,7.181656315726017e-05
169.8743659695375,0.009223983378070316,5.317348494683539e-05
171.62271330448425,0.00960596923698299,5.347119330827751e-05
173.38905463391137,0.009560998879366492,5.545833234888295e-05
175.17357515204827,0.009588090695942558,5.1527971989092223e-05
176.97646195914368,0.009838172920508058,5.8687714062980785e-05
178.79790408108252,0.009067812910463694,5.276677602700141e-05
180.63809248920455,0.010290549817405788,6.206666917040633e-05
182.49722012032694,0.009664181179988936,5.31408038859062e-05
184.37548189697299,0.010036121755078956,6.0162024755845375e-05
186.273074747809,0.009746102871571627,6.042300073682937e-05
188.19019762829154,0.008479316858900179,4.847535593000903e-05
190.1270515415272,0.010196323345284402,6.305723536752972e-05
192.0838395593469,0.009662152696985048,5.321156884412327e-05
194.06076684359735,0.008748741602763219,4.5140216276286585e-05
196.0580406676513,0.009721070624338838,5.436144403061794e-05
198.0758704381397,0.008947292962358999,4.7731630127857236e-05
200.11446771690674,0.009235723765784468,5.125244148314307e-05
202.17404624319175,0.009869490455025859,5.66790334139072e-05
204.25482195603868,0.00817369989533541,3.864276185422776e-05
206.35701301693658,0.008303851446626062,4.3753569922746216e-05
208.48083983269305,0.009914256762638775,5.171904380731838e-05
210.62652507854295,0.009358282071077932,5.574136488607793e-05
212.79429372149525,0.009665010105911677,5.301310073807324e-05
214.9843730439197,0.008856491390776875,4.630469457414574e-05
217.19699266737683,0.00925809688058126,4.833867255209134e-05
219.4323845766926,0.008418972400630729,4.518709301143509e-05
221.69078314428148,0.00824945521966699,3.960998870880911e-05
223.97242515471916,0.00847045988640355,3.980229739084204e-05
226.27754982956876,0.008504469927191307,4.7502642096952045e-05
228.6063988524622,0.008409355516617027,4.459307538588365e-05
230.95921639443995,0.008233133602396407,3.973324671808958e-05
233.33624913955123,0.008707293982976396,4.555136354778778e-05
235.73774631071805,0.008070873177676897,4.100857331412675e-05
238.16395969586532,0.008351273968498914,4.5093167045464196e-05
240.6151436743197,0.009023739999179218,4.6193542106020755e-05
243.09155524348054,0.008310312613278198,3.98490159053384e-05
245.5934540457649,0.007404494758376247,3.1317086932373794e-05
248.12110239583012,0.007772786684688205,3.642182563057564e-05
250.67476530807662,0.00733344433412879,3.079025065750744e-05
253.25471052443356,0.008024561656731478,3.632181144738847e-05
255.86120854243057,0.008224191147150072,3.780562390527236e-05
258.4945326435585,0.007424156143918649,3.561349918874254e-05
261.1549589219219,0.00794872157416074,3.837514083132345e-05
263.8427663131862,0.007981596290705203,4.4715817893208504e-05
266.55823662382363,0.008233930542155071,4.1034084751387535e-05
269.301654560659,0.007880141424019207,3.64911067042138e-05
272.07330776072047,0.008174040739631922,3.9274694572147156e-05
274.87348682139697,0.007186627660133281,2.9783990731221274e-05
277.70248533090654,0.008155559034277069,3.815247381135095e-05
280.5605998990777,0.008230754031145291,4.132045812950798e-05
283.4481301884486,0.007391379647234034,2.946287913083977e-05
286.36537894568295,0.0074296938815270105,3.4824880142499115e-05
289.3126520333157,0.007879418340422582,3.538811512210378e-05
292.29025846181906,0.00796043065960606,3.779907729557792e-05
295.2985104220015,0.007333528828690071,3.6274339525510766e-05
298.3377233177402,0.007117395644744214,3.296517792190893e-05
301.4082157990495,0.007883010025331327,3.978407258515669e-05
304.5103097954905,0.0075343987170270466,3.468528454628031e-05
307.64433054992395,0.007082086047466417,2.741628554101345e-05
310.81060665261083,0.0079915954929671,4.129811702006509e-05
314.00947007566384,0.007942750225511896,3.818393246097959e-05
317.24125620785327,0.007172306339861528,2.8744965158749825e-05
320.5063038897714,0.006271623448353716,2.5516694266889005e-05
323.8049554493587,0.007675044160382231,3.910154369681576e-05
327.1375567377953,0.00655748975443526,2.7367012401956914e-05
330.50445716576263,0.0071235130314345535,3.1294911511078777e-05
333.9060097400775,0.007082652301990437,3.1262793622938545e-05
337.34257110070354,0.00698069269005474,2.933854327232995e-05
340.81450155814383,0.006909053836168577,2.758046342989561e-05
344.3221651312178,0.006942124189163419,2.7637421660957717e-05
347.8659295852274,0.006767169526269737,2.420536808209453e-05
351.44616647051566,0.006920146851842418,2.5305696841805276e-05
355.06325116142284,0.0069499309225402725,3.0870909401207626e-05
358.71756289564246,0.006792880561545376,2.854046757373446e-05
362.4094848139833,0.007315244367458816,3.158890895679548e-05
366.1394040005401,0.006447630581375065,2.6062773886315364e-05
369.90771152327795,0.0069222120906529145,2.5133065763459326e-05
373.7148024750343,0.006811863331442724,2.8572953043744146e-05
377.56107601494284,0.007177820564626643,2.9253249124918922e-05
381.44693541028397,0.007334256720621757,3.0082028552748484e-05
385.37278807876584,0.0068123853839513575,2.762910354414658e-05
389.33904563124037,0.006557453015339793,2.6873546679612737e-05
393.34612391485945,0.006658425383868065,2.638041666554548e-05
397.3944430566745,0.006214210734860567,2.3532690578615964e-05
401.4844275076856,0.006657435437563142,2.392842384674224e-05
405.61650608734345,0.006269948303088812,2.51507188508898e-05
409.7911120285093,0.006479528001782397,2.284505950312028e-05
414.0086830228781,0.006797243195497236,2.874955353061571e-05
418.26966126686847,0.005870001752961017,2.163110523825303e-05
422.5744935079856,0.00638581249690411,2.4190740842686328e-05
426.9236310916611,0.0059766844573810474,2.4397396006353107e-05
431.31753000857447,0.00656344141126875,2.742059551651485e-05
435.75665094246233,0.0066222972579628395,2.5827347653733623e-05
440.24145931841934,0.006036376405331012,2.1810498931279486e-05
444.77242535169626,0.006071451927663244,2.27135516214472e-05
449.3500240970001,0.006463712247126491,2.372722080485822e-05
453.9747354983019,0.006249326075897553,2.1486788118161685e-05
458.6470444391573,0.0065073632177934035,2.218577144305121e-05
463.36744079354423,0.006177327633971557,2.266064923903561e-05
468.1364194772249,0.006322640151237599,2.3090151296088218e-05
472.9544804996353,0.0056711616923901705,2.0692380850138906e-05
477.8221290163099,0.006489391847990543,2.485608787053725e-05
482.73987538184485,0.005913520403146108,2.0629642018760802e-05
487.70823520340684,0.005783943851669962,2.1272801290408356e-05
492.72772939479273,0.006490472014172893,2.096972102222332e-05
497.79888423104524,0.005429217528237223,1.9096158209199286e-05
502.92223140363086,0.00544351046036245,1.8032603166485443e-05
508.098308076187,0.005999504985188839,1.882891272463758e-05
513.3276569408371,0.005716611086606026,1.774123792832659e-05
518.6108262750961,0.00528969218686432,1.8302659908422353e-05
523.9483699993517,0.005188845656858057,1.526464625052879e-05
529.3408477349408,0.006089366966884465,2.423482412272035e-05
534.7888248628248,0.005286030603784317,1.711131960914718e-05
540.2928725828668,0.005829080090702043,1.850708242787103e-05
545.8535679737204,0.005301110412272871,1.6069635791930325e-05
551.4714940533336,0.005823258163534151,1.8621166122743196e-05
557.1472398400766,0.005027316149346192,1.4988493064866913e-05
562.8814004144979,0.0058998371996571534,2.026150461101921e-05
568.6745769817161,0.00539406921313353,1.8939110875131317e-05
574.5273769344543,0.0057442352781364335,1.845456957917584e-05
580.4404139167228,0.0051068132750164445,1.6502991952152426e-05
586.4143078881574,0.005899815465970175,2.097119922762123e-05
592.4496851890195,0.005362313578575938,1.871832276084822e-05
598.5471786058663,0.00539910863451253,1.646834129877098e-05
604.7074274378949,0.005173268114269996,1.6767062511530925e-05
610.9310775639718,0.005516686066184028,1.7977125146449902e-05
617.2187815103498,0.00573705396617832,1.8933752075634574e-05
623.5711985190832,0.005319506606605591,1.6291256996530607e-05
629.9889946171471,0.0053108994629357115,1.602211919436868e-05
636.4728426862677,0.004728603480936368,1.443191205051591e-05
643.0234225334711,0.004856801558326602,1.4522428125293166e-05
649.641420962359,0.004922214131332098,1.3468483963386077e-05
656.3275318451172,0.0047435461888006465,1.4379022273751571e-05
663.0824561952651,0.005361233970417778,1.834295072135433e-05
669.9069022411554,0.004883010407758962,1.490506254929906e-05
676.801585500228,0.005105182728292967,1.6593844203474875e-05
683.7672288540301,0.0053564964250657635,1.645986659338025e-05
690.8045626240072,0.005123385510590404,1.615166998830838e-05
697.9143246480745,0.004459827150635062,1.2987050824344644e-05
705.0972603579769,0.004692486188038178,1.311860146456292e-05
712.3541228574442,0.005149325094549101,1.4040332937012999e-05
719.6856730011514,0.004476089066973857,1.1951093468131026e-05
727.0926794744915,0.004512528955196628,1.2170115724081712e-05
734.5759188741692,0.005447696791651767,2.0482036639351985e-05
742.1361757896241,0.004691513786339923,1.3808894006953056e-05
749.7742428852919,0.004933115159717954,1.6106437749360264e-05
757.4909209837125,0.004535273492729719,1.1590261169366955e-05
765.287019149493,0.0050115639121418275,1.4861672305234642e-05
773.163354774135,0.004604089701066774,1.272738534164062e-05
781.1207536617355,0.004529007827107712,1.1593164276808139e-05
789.1600501155688,0.004161581335069751,1.0769344880349164e-05
797.2820870255604,0.004736587783535899,1.3418821195275398e-05
805.4877159566604,0.004573428567180488,1.2573059140852646e-05
813.7777972381275,0.00488226261489044,1.476860125282759e-05
822.153200053731,0.0045332464594599504,1.1135936525438405e-05
830.614802532881,0.004217838052565403,1.167163085025357e-05
839.1634918426977,0.0043771650765516475,1.1253040151394432e-05
847.800164281027,0.0046004341576716175,1.313662708281376e-05
856.5257253704144,0.00478314484872923,1.3030846773073015e-05
865.341089953045,0.004214155695055206,1.0020755838488805e-05
874.2471822866618,0.004522984562036845,1.0821001444759551e-05
883.2449361414705,0.0044002259222787575,1.0801787597678015e-05
892.3352948980415,0.004498633682969976,1.1847157513705458e-05
901.5192116462205,0.003935659871044655,9.198047183730145e-06
910.7976492850571,0.004489610441651012,1.1835998731472548e-05
920.1715806237551,0.004270737867037091,1.1604632194431292e-05
929.6419884836777,0.004543572787856847,1.192324557173339e-05
939.209865801386,0.00413793452211682,1.1803696875287076e-05
948.8762157327465,0.003988288372752245,8.953294975495873e-06
958.6420517581076,0.004229329105529702,1.0345129340340464e-05
968.50839778856,0.0042663245425809794,1.1164107060438694e-05
978.4762882732892,0.0043095790157067475,1.0175393023564113e-05
988.5467683080342,0.0043959813718516165,1.1120849378846037e-05
998.7208937446612,0.004661695619671534,1.1799504557721267e-05
1008.9997313018665,0.004000583460437232,8.448812780894411e-06
1019.384358677017,0.004365280091505574,1.1183907940351155e-05
1029.8758646591436,0.004005295948838868,9.002082112648467e-06
1040.475349243096,0.004129964102307599,9.476669467681262e-06
1051.183923744873,0.003914419802152138,8.956027122440216e-06
1062.0027109181406,0.004145663979142247,1.0767766431764768e-05
1072.9328450719477,0.004108383348606967,1.1121546967792376e-05
1083.9754721896538,0.004097315957337382,9.724710969032806e-06
1095.1317500490825,0.00418042460572989,1.0184145289997036e-05
1106.4028483439083,0.0037056406111851776,8.2370711951969e-06
1117.789948806296,0.0038605522576138336,9.059601113063804e-06
1129.2942453308003,0.004278868315805582,1.1380724317868785e-05
1140.9169440995413,0.003955964644746171,8.883847367368858e-06
1152.6592637086678,0.0036554984625342636,7.986057681524758e-06
1164.5224352961227,0.003376394159924125,6.687394158500368e-06
1176.5077026707233,0.003989202492292155,9.32799246058492e-06
1188.61632244257,0.00375606375689117,8.296827800377143e-06
1200.849564154797,0.003784798970054754,8.690665032819451e-06
1213.2087104166792,0.00393850608314597,8.910934062983113e-06
1225.6950570381084,0.0034820132769153014,6.974704149334342e-06
1238.309913165455,0.003947218971143754,9.281451912409398e-06
1251.054601418827,0.0036595566298895164,8.013846846261866e-06
1263.9304580307403,0.003728218131587727,8.817161375944392e-06
1276.9388329862197,0.003635616436570974,8.43863205603108e-06
1290.081090164338,0.0038507077081633063,8.268466460738602e-06
1303.358607481215,0.0035776282291862544,7.672949192381465e-06
1316.7727770344852,0.00339685611095737,7.3269931266784685e-06
1330.325005249256,0.003371326494842921,7.286303878037648e-06
1344.0167130255643,0.0036624800213940246,9.194470812738834e-06
1357.8493358873532,0.003792868517218343,8.415804653233872e-06
1371.8243241329815,0.003382980140756041,6.783866353129879e-06
1385.9431429872818,0.0035166130678218784,7.091490603104566e-06
1400.2072727551836,0.0033701851744250885,6.406832237847723e-06
1414.6182089769181,0.0036594957325417543,9.006005326398292e-06
1429.1774625848193,0.0030092756097669163,5.036292579597323e-06
1443.8865600617405,0.003196343444832993,6.579595787248127e-06
1458.7470436010994,0.0031961195443518534,5.7844683869829205e-06
1473.760471268572,0.003465943977029525,7.032382018122478e-06
1488.9284171654492,0.00354295181321778,7.013063479462781e-06
1504.2524715936759,0.0033996346000130235,7.242870718503425e-06
1519.7342412225878,0.0033065110452602676,6.1283193321917484e-06
1535.375349257365,0.0031318545834786915,6.453968843910462e-06
1551.1774356092187,0.0038009132132820764,8.410988534995418e-06
1567.14215706733,0.003470638361487493,6.961664332892854e-06
1583.2711874725571,0.003304696682698533,6.333661166103986e-06
1599.5662178929326,0.003258286572177747,6.0129991819034345e-06
1616.0289568009644,0.003288203268169861,6.461558070792706e-06
1632.6611302527667,0.0033110058350551233,7.020000413575584e-06
1649.4644820690169,0.003202628435862793,6.399004237050659e-06
1666.440774017808,0.0032771121150346073,5.884147522541407e-06
1683.5917859993515,0.00278833348902749,4.320878956119437e-06
1700.9193162325946,0.0031852252663436887,6.244140915473314e-06
1718.425181443759,0.003039908688438409,5.57691607936462e-06
1736.111217056815,0.003335113776882293,6.56068728919966e-06
1753.9792773859215,0.002845473148949663,5.392190178839799e-06
1772.0312358298422,0.0029598009007513093,4.9888843916029846e-06
1790.268985068365,0.003070212512242269,6.172845365701816e-06
1808.6944372607422,0.0031105394742964756,5.710896723826373e-06
1827.309524246173,0.0030225777167029446,6.163209763590978e-06
1846.1161977463494,0.0028958092589941565,4.880758856864346e-06
1865.116429570088,0.0028031820629947934,4.464376902214286e-06
1884.3122118200656,0.0029605978290453572,5.269355796464231e-06
1903.705557101684,0.002589490434261371,4.562231877070016e-06
1923.2984987340835,0.003194238650494523,5.396929887184962e-06
1943.09309096333,0.0029016968416815474,4.788934418353846e-06
1963.0914091777943,0.002744149590588031,4.165197821644888e-06
1983.2955501257482,0.002835311122897228,4.275426366234425e-06
2003.7076321352015,0.002791478659353692,4.3633400167548e-06
2024.3297953360004,0.0030007571280886046,5.933676826986681e-06
2045.1642018842117,0.0026513181874828124,4.274428428801057e-06
2066.213036188817,0.002866777199038081,4.75462108202598e-06
2087.478505140741,0.0029066920693489005,4.850244270179019e-06
2108.9628383442328,0.0027385631017126538,4.403008986158574e-06
2130.6682883506337,0.0025383126553459997,4.316295873417235e-06
2152.5971308945486,0.002720634848787365,4.266268485117306e-06
2174.7516651324477,0.0027047588779894596,4.401714112563651e-06
2197.1342138837235,0.002703247089491484,4.146487365646376e-06
2219.7471238742323,0.0028727055551056114,5.223310895044942e-06
2242.592765982337,0.0029562869241822496,5.48057603428915e-06
2265.673535487485,0.0028188026880345434,4.467127214853987e-06
2288.991852321346,0.0027065726279425877,4.525209491918468e-06
2312.5501613215306,0.0027550032528549004,4.478692026001053e-06
2336.350932487924,0.0025566495565259605,3.951133100561546e-06
2360.3966612416557,0.0027653700964239887,4.78878147907718e-06
2384.6898686867335,0.0026467927705330825,3.613124286318483e-06
2409.233101874374,0.002544244098843392,4.154257029511838e-06
2434.02893407005,0.0025375774358682855,3.806602538311929e-06
2459.0799650232884,0.0025491291513105095,4.091150761569489e-06
2484.388821240243,0.0025021641223587814,4.182735774591314e-06
2509.9581562590756,0.0023730328927889666,3.3105998924199083e-06
2535.7906509281675,0.0027965973340444003,4.363024801582075e-06
2561.889013687197,0.002366318662932743,3.3022814573260066e-06
2588.2559808511096,0.0026860646350251064,4.0908775280291785e-06
2614.8943168970113,0.0027230918115615896,4.8597797070523e-06
2641.8068147540107,0.0025189620538996257,3.989030190103842e-06
2668.996296096049,0.0023935772872908387,3.6524601310880894e-06
2696.465611637742,0.0023576942472724755,3.500405234752263e-06
2724.2176414332657,0.002216355405162643,3.0519166796298245e-06
2752.2552951783214,0.002267012448130595,3.0292705453873525e-06
2780.581512515203,0.0023385933073704745,3.5434035325068623e-06
2809.1992633410096,0.0023940579896898945,3.7045752210682335e-06
2838.111548119028,0.0022567988493559146,2.9981570855050354e-06
2867.3213981933195,0.002478549700042485,3.536413487418629e-06
2896.831876106544,0.0023941007995972115,3.334124189454255e-06
2926.646075921064,0.0021624752167090744,2.478678154244422e-06
2956.7671235433195,0.0021451296562513583,2.8174784917309663e-06
2987.1981770516054,0.002449875214178893,3.657118945943651e-06
3017.942427027158,0.002205868753439651,3.1954790852192464e-06
3049.0030968886826,0.0022713135506734075,2.828474495145426e-06
3080.383443230317,0.0023922230831664886,3.570265460795834e-06
3112.0867561630735,0.0023801556392613003,3.856087212211058e-06
3144.116359659792,0.0022561816385308,3.274448271243427e-06
3176.4756119036497,0.0021972277501153517,2.939470066963028e-06
3209.167905640251,0.0022475416000560812,2.892689125996788e-06
3242.1966685333464,0.0021364998656342453,2.640575307251469e-06
3275.565363524208,0.0022305265201562285,2.7993776313496193e-06
3309.277489194707,0.0022681326596833773,2.7590429844867782e-06
3343.336580134127,0.0022928761363751964,3.2668597881335206e-06
3377.746207309752,0.0022183601862859957,3.058073890895931e-06
3412.5099784412682,0.0022433902321179373,3.0503303732224234e-06
3447.6315383790215,0.002120418692221066,2.696193712878189e-06
3483.114569486165,0.0021278167977294518,2.650760424169442e-06
3518.96279202474,0.002057256560289543,2.516451791850634e-06
3555.1799645457336,0.002110429110183322,2.4457518442041593e-06
3591.7698842831483,0.002046636672665568,2.438179429978393e-06
3628.736387552126,0.0021516488845578214,2.778780507912763e-06
3666.0833501511725,0.0022928403873051016,2.785084511470804e-06
3703.8146877685194,0.0020291238101043667,2.5698871639964867e-06
3741.9343563926714,0.002127422373007679,2.6300704735367914e-06
3780.446352727174,0.0020806063691608256,2.624608988429978e-06
3819.3547146096544,0.002170190908452,2.5864630125705832e-06
3858.6635214351736,0.00203412952408073,2.579648178178971e-06
3898.3768945839342,0.0021235763043382693,2.7798652289951654e-06
3938.498997853394,0.0021557434544614497,3.2260651890843985e-06
3979.0340378948217,0.0021587129024873675,2.6918368520361815e-06
4019.986264654351,0.002040795309700997,2.375398672283221e-06
4061.3599718185696,0.00202962958674317,2.500701650621599e-06
4103.159497264697,0.0020434402355352663,2.4133028065429494e-06
4145.389223515393,0.0020223823538895805,2.3694315883357795e-06
4188.053578198252,0.0019609019429509458,2.1848126322170928e-06
4231.157034510019,0.001958003313829395,2.270749251792968e-06
4274.70411168559,0.00205782951681698,2.7239724258948826e-06
4318.699375471838,0.0021577945257266096,2.7299955071026155e-06
4363.147438606309,0.0018979741738277976,2.184012416229864e-06
4408.0529613008575,0.0017553474698467607,2.0098665174144236e-06
4453.4206517302455,0.0019217640160944164,2.2901093669179205e-06
4499.255266525779,0.0020245769924082885,2.428231116185533e-06
4545.561611274027,0.0019751777111140212,2.2232729318336555e-06
4592.344541020663,0.001958623802874404,2.3892391438558736e-06
4639.608960779501,0.0018239592664444299,2.048123902220377e-06
4687.359826046769,0.001851798364011304,2.0256361921997047e-06
4735.60214332067,0.0016877236647399921,1.6575433106449792e-06
4784.340970626301,0.0020026767142848345,2.4903947926217286e-06
4833.58141804596,0.0018261311934649417,1.946142246797274e-06
4883.3286482549265,0.001922527458571318,2.1627466539854993e-06
4933.587877062741,0.0018270161170118977,1.9523911319787142e-06
4984.364373960072,0.0018168312034417585,2.22561174177414e-06
5035.663462671192,0.001826618929269104,1.924148489526634e-06
5087.490521712158,0.0017594096729349824,1.8151826566420668e-06
5139.8509849547245,0.0017456105602676336,1.6678417439262922e-06
5192.750342196066,0.0016764514147240973,1.5884365040489235e-06
5246.194139734373,0.0018696042113501507,2.207558756207265e-06
5300.1879809503125,0.001660397894031127,1.790973220989166e-06
5354.737526894596,0.0016831171420307281,1.6571206856124173e-06
5409.848496881465,0.0016386586145139858,1.5197574991203447e-06
5465.526669088355,0.0017341630837336042,1.9746701361765598e-06
5521.777881161721,0.001803673383632612,2.022435866602959e-06
5578.608030829082,0.001581594364829522,1.507661439924381e-06
5636.023076517386,0.00170879264434777,1.6401030756247097e-06
5694.029037977719,0.0015837273040566482,1.5214870638313967e-06
5752.631996916461,0.001677377205006348,1.7828410997460668e-06
5811.838097632927,0.0017213010864420121,1.8090908977339817e-06
5871.653547663573,0.0016897599789087074,1.765699606338637e-06
5932.084618432832,0.0016112665493790029,1.6499633549057562e-06
5993.137645910653,0.0018997026941547964,2.1538444236705743e-06
6054.819031276799,0.0016722640048951886,1.692112853594702e-06
6117.135241591992,0.0018343350559503506,1.7622201031159478e-06
6180.092810475951,0.0016828693852721074,1.7315355623891751e-06
6243.698338792429,0.001616230925879207,1.6968962409701146e-06
6307.95849534128,0.0018237628371526812,1.8701343676946216e-06
6372.880017557658,0.0016325469161328368,1.7503657913975163e-06
6438.469712218419,0.001616706261639757,1.653284373209245e-06
6504.734456155777,0.001523535446281458,1.350271053382431e-06
6571.681196978318,0.0017382022247181708,1.7873738327140814e-06
6639.316953799433,0.0016161372296953868,1.600331681095626e-06
6707.64881797324,0.0016260907509448577,1.6451078363326952e-06
6776.683953838089,0.0016343864355124961,1.4576181026761873e-06
6846.429599467717,0.0016632368996492837,1.5073258403163525e-06
6916.893067430131,0.0014825737679061742,1.392878273787485e-06
6988.081745554302,0.0015863690089539266,1.5024578289808819e-06
7060.003097704754,0.0014900586525490524,1.4262846575552127e-06
7132.664664564119,0.001496458108908604,1.3476066213802981e-06
7206.074064423752,0.0014842534392057447,1.3275557659923992e-06
7280.238993982479,0.0014349454970313713,1.3312677893595018e-06
7355.167229153565,0.001502275198026062,1.365478256785121e-06
7430.866625879992,0.0016792199540544843,1.7824237794347977e-06
7507.3451209581235,0.0014327879997003718,1.3323595764706213e-06
7584.610732869848,0.0015335842096078477,1.540110972635859e-06
7662.671562623287,0.0014593719906980135,1.2418009428212344e-06
7741.535794602154,0.001551136919789789,1.5370823659813977e-06
7821.211697423859,0.001448952646399877,1.3019473940304732e-06
7901.707624806436,0.0014055072618567668,1.1532906432313189e-06
7983.0320164444065,0.001534851504143109,1.3253509257562905e-06
8065.193398893645,0.0013781156604418911,1.3335218584973855e-06
8148.200386465357,0.0014833057602694016,1.3397252856099787e-06
8232.061682129255,0.0013339908051332645,1.0448054611102891e-06
8316.78607842604,0.0014024990162067985,1.270684749359596e-06
8402.382458389251,0.001430249630405172,1.1360258665754499e-06
8488.859796476638,0.0014803151305739744,1.3148640189967092e-06
8576.227159511081,0.001346822397430809,1.038848806911648e-06
8664.493707631224,0.0011403594814562805,8.924743826411594e-07
8753.668695251878,0.001279467743363621,9.589130791318946e-07
8843.761472034308,0.001464556866652558,1.1921688232479946e-06
8934.781483866514,0.001271047593934753,1.0439892061176591e-06
9026.738273853596,0.0014239369926355063,1.195655866727772e-06
9119.641483318312,0.0014175114754235683,1.2375639324273225e-06
9213.500852811932,0.0013461084273666039,1.0857453883420628e-06
9308.326223135522,0.0013288535620908349,9.856241173862822e-07
9404.127536371636,0.0014660826099086785,1.3939480342521154e-06
9500.914836926819,0.0014024711724552963,1.2278810227658115e-06
9598.698272584648,0.0013141128479545235,9.62614753468294e-07
9697.488095569715,0.001314851337358588,9.987824014309967e-07
9797.29466362253,0.00122784390029643,9.695179001464178e-07
9898.12844108548,0.0012870594588543405,1.0174617425413404e-06
10000.0,0.001256173420635574,9.450520111770728e-07
