a,Mean Deviation,Variance
0.0001,0.02407632339796027,0.0006825104551134416
0.00010102920021214988,0.03459359749480379,0.0017928086569001316
0.00010206899295506665,0.025789382287234,0.0008324554455500047
0.00010311948724709944,0.031245489872407044,0.0020428484455176656
0.00010418079322861446,0.036720946986057657,0.0029795765693950583
0.00010525302217354278,0.03280302574042497,0.0008951430333564443
0.00010633628650104704,0.03844322560814181,0.001326681239941926
0.00010743069978730812,0.04125191997455791,0.010071713669620262
0.00010853637677743319,0.03227656399212774,0.0014742622103141828
0.00010965343339748633,0.03467258622092506,0.0020269771198209384
0.00011078198676664289,0.0404211481181035,0.002014237706766965
0.00011192215520946903,0.03826110939118013,0.0018529904224435048
0.0001130740582683276,0.022155679624794006,0.0003280445320496902
0.00011423781671591171,0.035311979504523326,0.001350107170814448
0.00011541355256790726,0.03646024461906931,0.002104110269795955
0.00011660138909578599,0.028682217317452945,0.0012794036493145218
0.00011780145083972953,0.029011914482289267,0.0011753004698492277
0.00011901386362168765,0.03088659344381838,0.001553487544776747
0.00012023875455856984,0.028455601496365186,0.0013747112746845158
0.00012147625207557301,0.04066146597827676,0.0032111472405643884
0.0001227264859196465,0.027361100077433496,0.0005706776449355738
0.00012398958717309562,0.026175171201776058,0.0006408119400088873
0.0001252656882673249,0.07024469440955879,0.04333819893507801
0.00012655492299672318,0.030119840882714684,0.0011237114456224572
0.0001278574265326916,0.04088358613649475,0.006890655977969876
0.00012917333543781541,0.028661675288045623,0.0010682898761420027
0.00013050278768018248,0.02553236048350019,0.0005992620789047324
0.00013184592264784843,0.039194687389523114,0.0015867580671802
0.00013320288116345106,0.03199388381915687,0.002302901601399194
0.00013457380549897503,0.032375182142573886,0.0011661414003224947
0.00013595883939066867,0.02480313703679545,0.0008498347463834615
0.00013735812805411394,0.033129250344556785,0.0014001049215123535
0.00013877181819945197,0.03139009026455409,0.002174977031573316
0.00014020005804676498,0.0413988203814199,0.0019333988848895633
0.00014164299734161653,0.03726508708555558,0.001521941753578013
0.0001431007873707519,0.03846867823916682,0.0014280143304942364
0.00014457358097795983,0.029148225548806573,0.0010159175957453106
0.00014606153258009765,0.05231907313429896,0.004728868294481016
0.0001475647981832814,0.041542810742246083,0.0022072580208510996
0.00014908353539924227,0.029803393719740442,0.0011485907255956735
0.0001506179034618518,0.07550467017415251,0.07553641524325141
0.0001521680632438169,0.02519852004086338,0.0009508713331119335
0.00015373417727354677,0.03604841574168787,0.001003472473666957
0.000155316409752193,0.03280768311443834,0.0012276317295462748
0.00015691492657086612,0.05332765116572838,0.0028759128093605426
0.00015852989532802832,0.037602204199767085,0.0020042211752411077
0.00016016148534706535,0.03556537041763236,0.0022493876180716592
0.00016180986769403976,0.03371268348881938,0.0014111781160117797
0.00016347521519562624,0.04180664721671841,0.004010388299852919
0.00016515770245723212,0.06569651580645579,0.006150147251839757
0.0001668575058813038,0.04224328587440702,0.0069591750445431155
0.0001685748036858222,0.03548048195899043,0.0016381589897120988
0.0001703097759229879,0.042115441609824944,0.004351600648044595
0.00017206260449809926,0.04692105767437855,0.0017646379713397134
0.00017383347318862432,0.02936897725112593,0.0009417128300660474
0.00017562256766346913,0.03676123021475464,0.0021546720840101424
0.00017743007550244464,0.04400591677592073,0.0038578589754522394
0.0001792561862159335,0.03410050737964654,0.0010273649910525122
0.00018110109126475967,0.05662769281786,0.004708288006477049
0.0001829649840802623,0.043810878830631866,0.002554502021889604
0.00018484806008457636,0.026953298917253215,0.0009516883809690047
0.00018675051671112174,0.037266006154888384,0.002085690556944962
0.0001886725534253036,0.05141411697291618,0.005721825234800373
0.00019061437174542543,0.03396446514548633,0.001171506881027855
0.0001925761752638175,0.026509828345417156,0.001078081982637683
0.00019455816966818283,0.18046526840471108,0.31880628222272966
0.0001965605627631627,0.03819784153418171,0.002016304140410974
0.00019858356449212417,0.05420600876470613,0.004493564139663953
0.0002006273869591719,0.055761084277650835,0.006616834614617401
0.00020269224445138646,0.0350529792128205,0.0011345645484699064
0.00020477835346129148,0.07927210842244103,0.09095471473651402
0.0002068859327095521,0.11525314031185736,0.16597005152049082
0.0002090152031679071,0.03365000156532772,0.0012288973917790223
0.0002111663880823369,0.048738241634452555,0.003004400410025281
0.00021333971299646953,0.050669580232278334,0.001900363793562157
0.00021553540577522913,0.03755469336044862,0.0017179772469629576
0.0002177536966287259,0.1299144115248089,0.2595715492632338
0.00021999481813639296,0.0436706557934818,0.002463135867150192
0.00022225900527137146,0.04771413295791187,0.012817914338739201
0.00022454649542514663,0.0522218159491239,0.0053828685243909056
0.00022685752843243733,0.05356899017571179,0.004670077868445974
0.00022919234659634196,0.06490039389996607,0.007701107569151961
0.0002315511947137428,0.046413278703831426,0.0020007267324480054
0.00023393432010097222,0.03554843748911261,0.001473830643434908
0.0002363419726197428,0.059312083961035655,0.006407463472707995
0.0002387744047033444,0.03199888964644083,0.0012696119428197887
0.00024123187138311083,0.1604969257159251,0.42149720542006336
0.00024371463031515894,0.052249657656943845,0.00566013120078996
0.00024622294180740283,0.07299930403741463,0.010529243330334323
0.0002487570688468463,0.0563965482271051,0.003926794136175473
0.0002513172771271559,0.04147115903587421,0.0028631231010402894
0.00025390383507651785,0.045165950494040104,0.0036735307131427063
0.00025651701388578206,0.04640329615484491,0.004832278996867655
0.00025915708753689504,0.05166122671100271,0.00586743102938838
0.0002618243328316262,0.038308232825004764,0.002593215704682814
0.00026451902942058934,0.03440167486181209,0.0012932721170087088
0.00026724145983256285,0.04062515500775824,0.006250746801593228
0.000269991909504112,0.057453667500379536,0.0036889167351641964
0.0002727706668095161,0.04460143942019216,0.0025576473380125443
0.0002755780230910023,0.09330387455875057,0.12219958811427806
0.00027841427268929334,0.06485245098238447,0.009651641753572632
0.00028127971297446706,0.2906489423295353,1.457810654929962
0.00028417464437713487,0.03313374199253356,0.0016899629174250183
0.0002870993704199405,0.1126649610873576,0.20523937527392902
0.0002900541977493835,0.03968483194468352,0.0019112715659445542
0.0002930394361679698,0.049318121743597995,0.003647170795060246
0.00029605539866669334,0.04382910095444849,0.002437216201320253
0.00029910240145785213,0.05642623656559836,0.00580837024476305
0.0003021807640082017,0.053363399050911,0.00487959960362048
0.00030529080907245026,0.06086993968157764,0.005657036143003314
0.00030843286272709796,0.04077895357987781,0.0031422116412606602
0.00031160725440462523,0.0616081410821552,0.005712002170690027
0.000314814316928032,0.10510262700769403,0.14206400623065754
0.00031805438654573353,0.06909053137858719,0.008677040184397352
0.00032132780296681424,0.09535983201342792,0.06630035385606904
0.0003246349093966452,0.06025641940513302,0.010820870897471635
0.00032797605257286805,0.082261554898214,0.05786745321620975
0.00033135158280174883,0.058790342844768036,0.010825054133312372
0.0003347618539949064,0.2588182441828455,0.7722928323881724
0.0003382072237064188,0.23629053352081617,0.6933453379009105
0.0003416880531703115,0.04692723386627303,0.00215204094097904
0.00034520470733843115,0.06118764316302571,0.041892522320417555
0.00034875755491870967,0.06831044843523774,0.03714415336594734
0.00035234696841382175,0.050245772398329565,0.002449239635751835
0.00035597332416024047,0.05314450831944427,0.0026412514122849456
0.00035963700236769464,0.10390799789783436,0.1026729071773355
0.0003633383871590324,0.26578306846044003,0.714236934765563
0.0003670778666104951,0.09157647096517693,0.08136711409097509
0.0003708558327924056,0.07109742912036547,0.008706149982963183
0.0003746726818102752,0.04923469708094755,0.0019757663664541104
0.00037852881384633423,0.02979106979415936,0.00112651170643279
0.0003824246332014891,0.14185520828199671,0.24053909507309834
0.0003863605483377126,0.10533777720174643,0.11235049513107373
0.00039033697192086776,0.08099042533653583,0.00945006500604342
0.00039435432086397674,0.11252574929014951,0.13776567360528352
0.00039841301637093105,0.061308070126878195,0.006418035789831694
0.00040251348398065336,0.08770668040262405,0.04517927339606438
0.00040665615361171415,0.04338280943396601,0.0048834547701677505
0.00041084145960740645,0.14075356924769894,0.34732832349369425
0.00041506984078128553,0.05841928275555672,0.009056618397622816
0.00041934174046317666,0.0454259364180704,0.0022234771626049926
0.00042365760654565666,0.08928647429796432,0.02690390402686932
0.00042801789153101366,0.15671222533867096,0.30068676483219653
0.0004324230525786903,0.10362293752078248,0.10097785816987485
0.00043687355155321516,0.1037961364424041,0.07138833956954507
0.00044136985507262755,0.05667844412231087,0.0026661009572234396
0.00044591243455740067,0.04472169112438405,0.003199746220460107
0.00045050176627986813,0.18385164199276416,0.2273060892267349
0.00045513833141415947,0.14108151239473618,0.16830162949174116
0.00045982261608664945,0.17430924747983326,0.45918033454918167
0.00046455511142692635,0.045439029544601287,0.0016360357136357448
0.0004693363136192854,0.06364515155526457,0.008709410989268628
0.0004741667239547515,0.23218186989852801,0.8747032889369503
0.0004790468488836384,0.05533517400939071,0.002966372320964986
0.00048397720006864613,0.2827527554017487,1.0414745521365354
0.0004889582944385097,0.29626898345921654,0.9481053619319402
0.0004939906542421953,0.3022491862294501,0.6656790503131449
0.0004990748071036564,0.0699800051690627,0.005285969802953896
0.0005042112860771539,0.0657083269234513,0.006244742137070653
0.0005094006297031436,0.18195424639824126,0.35233380370827744
0.0005146433820647412,0.09848614355104651,0.014395873942146495
0.0005199400928447668,0.056487686985710446,0.004317288927425167
0.0005252913173833774,0.19822581829013086,0.3942308047045987
0.000530697616736292,0.4098802783183592,1.4456580844031506
0.0005361595577336164,0.09612036019661419,0.11259794996516677
0.0005416777130392725,0.20128538498459297,0.45080879287646164
0.0005472526612110413,0.06465985282009518,0.005018039532130045
0.0005528849867612213,0.10718409422242578,0.19025396228397493
0.0005585752802179125,0.19374579158254865,0.3596547863856051
0.0005643241381869321,0.11307030814202848,0.18926887619844127
0.0005701321634143649,0.2068826206764023,0.35020666310006193
0.0005759999648497603,0.12012022410074025,0.14969625210253146
0.0005819281577099772,0.08611215994134537,0.00844497697213092
0.0005879173635436883,0.0654493202799488,0.004814920132307036
0.0005939682102965459,0.1560321552839405,0.29275905394684093
0.0006000813323770208,0.0756870206256226,0.0071296837802900795
0.0006062573707229169,0.07875282442717865,0.011461201380847885
0.0006124969728685714,0.15618098400405364,0.1756717714395225
0.0006188007930127464,0.3263154094716669,1.1245406979409724
0.0006251694920872186,0.10792107307617631,0.04507082907611322
0.0006316037378260766,0.051723950107190726,0.004812160468457881
0.0006381042048357291,0.0770745802655442,0.032664510158242524
0.0006446715746656358,0.39398961672905747,1.5371882953715037
0.0006513065358797644,0.19962542096506686,0.288824304484696
0.000658009784128785,0.060490654377050763,0.0035263571281219284
0.0006647820222230055,0.06040304260795817,0.0034827386841380574
0.0006716239602060589,0.31766770570042896,0.9774789608098399
0.0006785363154293491,0.07799923309050097,0.004863315115092443
0.0006855198126272619,0.12272977187063105,0.15638312344021368
0.0006925751839931518,0.28367961195217484,0.9541248615585997
0.0006997031692561067,0.3632731772640463,1.2532428250764365
0.0007069045157585101,0.14729724960792506,0.15209434541659503
0.0007141799785343937,0.09017129034824835,0.04218980311423897
0.0007215303203886017,0.3816183184991542,1.168618026431142
0.0007289563119767668,0.06694130332461737,0.009323996743223347
0.0007364587318861117,0.5081219510369612,2.1469181259278565
0.0007440383667170798,0.12354653950602117,0.11358149854657756
0.0007516960111658085,0.2728885705777418,1.0166485914095602
0.0007594324681074492,0.48901901294825756,1.96726114349912
0.0007672485486803461,0.2500256372989461,0.5993412026837752
0.0007751450723710811,0.48409255745297647,1.7223216828468675
0.0007831228671003936,0.34818697015442707,1.173942403425102
0.000791182769309985,0.15706274451855465,0.2809126927148719
0.0007993256240502167,0.22708425279021222,0.5061338968071366
0.0008075522850687099,0.10544604678451902,0.027169876769789766
0.0008158636148998582,0.20010429317869247,0.8024373731007352
0.0008242604849552612,0.12489727001629419,0.1527647759324798
0.0008327437756150884,0.13026737139515582,0.0703449092510786
0.0008413143763203838,0.3107563577612176,0.9493061734512862
0.0008499731856663206,0.6225904731510689,2.5946191362077173
0.0008587211114964164,0.44294252471510215,1.9362397620962812
0.0008675590709977132,0.1715057951644533,0.1908925274307393
0.0008764879907969472,0.3248721411917785,0.931536657731431
0.0008855088070576976,0.13910688197830073,0.22097614599699913
0.0008946224655785413,0.2196858459180148,0.418619210560639
0.0009038299218922161,0.572428150762141,2.2139942960045786
0.0009131321413658049,0.42389267422093135,1.3861805315387732
0.0009225300993019505,0.12540389096164542,0.1813580264347417
0.0009320247810411127,0.4828837879881014,1.2997315626549373
0.0009416171820648772,0.23301332621405663,0.49623670879304405
0.0009513083081003287,0.06428943747310861,0.004408923145337609
0.0009610991752254966,0.20633952566419358,0.36972932049000073
0.0009709908099758883,0.06420417971996113,0.00547702339150046
0.000980984249452116,0.09957217037801934,0.023029274752812967
0.000991080541428634,0.3378567926571125,1.5191655294447297
0.0010012807444635936,0.08671566613112422,0.006198549281771243
0.0010115859280098289,0.19783071504959515,0.5048623302772989
0.0010219971725269842,0.6082806543603365,2.698910916060917
0.0010325155695947977,0.37403675658538604,1.8516941279136845
0.001043142222027548,0.606962939665939,2.4796364967202322
0.0010538782439896805,0.48165965020141355,1.8326538140011726
0.0010647247611126236,0.3549611822847646,1.2517159725955431
0.001075682910612807,0.22189349075117354,0.37532178251439
0.001086753841410894,0.08753040638791935,0.009880258859312393
0.001097938714252242,0.43034416368692724,1.7983531522200211
0.0011092387018286018,0.27260625493009955,0.7257310774367831
0.0011206549889010702,0.06582945080510916,0.007538899031613278
0.0011321887724243082,0.4353869794455171,1.6947343908434587
0.0011438412616720363,0.4714062955946327,2.037740600321489
0.0011556136783638228,0.25940067401903044,0.6964380395881327
0.0011675072567931763,0.34694081104928676,1.2062456825300243
0.0011795232439569569,0.14002825670848276,0.0991642195825403
0.001191662899686119,1.0490807989198048,5.045669587903432
0.0012039274967778,0.3041898349524418,1.0071948413004184
0.0012163183211287678,0.40734996781612737,1.186285278844137
0.001228836671870243,0.3220688988086607,0.9441001769836637
0.0012414838615041068,0.6561926346479687,2.725277960094252
0.0012542612160405136,0.15055304766504407,0.2548299873246882
0.0012671700751369162,0.3024514400829506,0.8252634498275456
0.0012802117922385266,0.27405607813836264,0.748281801768537
0.0012933877347202133,0.6711085913611766,2.8196328813679843
0.0013066992840298742,0.08515188375279126,0.005886445532620439
0.0013201478358332705,0.2725119285327832,1.0729251427384758
0.0013337348001603586,0.35871716429772893,1.2142794346699308
0.0013474616015531258,0.2855802763193834,1.235775580413168
0.0013613296792149487,0.15475555452102915,0.2815796176778822
0.0013753404871614883,0.44920117632149487,1.3306635293454758
0.0013894954943731374,0.23075392870972453,0.60619022148687
0.0014037961849490388,0.14717586386190243,0.11297708285503544
0.0014182440582626863,0.8253620445801021,3.065346438051691
0.0014328406291191289,1.098204830562587,4.592249763092654
0.0014475874279137925,0.7476909400151847,3.5804374881790544
0.0014624860007929363,0.3196712136667657,0.7480252765316022
0.0014775379098157595,0.91879104902882,4.0619460645303676
0.0014927447331181797,0.16093232527103588,0.1530923978416509
0.001508108065078288,0.5969261908886958,2.321009819593105
0.0015236295164835234,0.16299583208482932,0.1237854768988928
0.0015393107146995499,0.34107248746175706,1.4650881082450917
0.0015551533038408835,0.28519515943072354,1.0496014760626775
0.0015711589449432697,0.30294330344604,1.2453571802181287
0.0015873293161378376,0.4077697193517613,1.6322748942525331
0.0016036661128270454,0.6278709364487145,2.9721493181077836
0.001620171047862437,0.12351783793352554,0.014233815972994234
0.0016368458517242283,0.367194147126014,1.0544000224029964
0.0016536922727027404,0.3320270817755879,1.1087049216368836
0.0016707120770817032,0.2858616336550061,1.006403512931495
0.0016879070493234418,0.36703445879348884,1.4487313438847655
0.0017052789922559714,0.47296560976326396,1.7898551913299148
0.001722829727262017,0.09540017147417498,0.025734888220402187
0.001740561094469979,0.46375556679347046,1.83170717222265
0.0017584749529468624,0.1084520286971601,0.012954407624658697
0.001776573180893194,0.4753850120079181,2.3789310800106716
0.0017948576758399445,0.7579733174455342,2.7855781680353884
0.0018133303548474775,0.2511043485524162,0.6241489268448954
0.001831993154706546,0.22412074265590792,0.378905179289478
0.001850848032141357,0.30704296370000345,0.8500063353039699
0.0018698969640147277,0.4126966667628052,1.6556710232075171
0.0018891419475353514,0.7978905096398987,3.3306239959738235
0.0019085850004671976,0.3828237748639974,1.3236096779504558
0.0019282281613410667,0.7719003450317004,3.914044861708037
0.0019480734896683226,0.4693412740443018,1.82631267131208
0.001968123066156825,0.5518476111327855,2.4257681573029517
0.0019883789929290813,0.4555658139713457,1.4895117828068298
0.002008843393742651,0.6523191951122408,3.5395045715216282
0.002029518414212809,0.5477293122717996,2.9089567999567816
0.0020504062220375084,0.78957198777664,3.734659076603597
0.0020715090072246528,1.218910817561923,5.076869510977304
0.002092828982321713,0.5122124092787033,1.817701367352643
0.002114368382647702,0.10766100398350788,0.019512472277553948
0.002136129466527542,0.4058045473280582,1.2096357987114563
0.0021581145155288397,0.9751299798769497,4.771505535802684
0.0021803258347011,0.612862415692907,2.6589307362806966
0.002202765752817402,0.5893486669678588,2.309617077540236
0.002225436622618564,0.786229241611321,3.629212389758531
0.002248340821059815,0.46486826455562624,1.8158225920909263
0.002271480749560015,0.11251846282029733,0.05171478259169453
0.0022948588342534327,1.1929883867712863,4.928027592540772
0.0023184775262441093,1.0377636944067015,4.844852162981212
0.002342339301862861,0.2613829696656553,0.7447447771653455
0.0023664466629269034,0.1977217455590347,0.41523277430274386
0.002390802137002161,0.8348131985448756,4.283179464861033
0.0024154082776682707,0.45368136390853725,1.72330632987494
0.0024402676647863183,0.1456634187922614,0.11979991282682999
0.002465382904769324,1.1139356813105474,5.612968609873444
0.002490756630855517,1.1011449790282533,5.111481448254327
0.002516391503384419,0.17407842989326094,0.2575913133956934
0.0025422902100757728,0.6164400939976142,2.993247998224732
0.0025684554663113384,0.18781303332923097,0.29368790177050386
0.00259489001541959,0.39669859928368845,1.968409624904229
0.0026215966289633444,0.9617976151295027,4.540391584729669
0.002648578107030349,1.0646927492284906,4.979288060320519
0.0026758372785268634,0.2857164470697489,0.9726424971005534
0.0027033770014742472,0.8600720312616807,4.930412013010911
0.0027312001633086314,0.5641944331424275,2.045168975977057
0.0027593096811836418,0.993703396921361,5.689967877079346
0.002787708502276256,0.6486070920707835,2.4262061449562893
0.002816399604095803,0.19821367646247018,0.3330770587976794
0.002845385994796146,0.7383351795721802,2.834341741342961
0.0028746707134910707,0.6393013297821621,2.871974375881032
0.002904256830572931,0.37567468850430763,1.371808886845606
0.002934147448034565,0.3517449350843608,1.3334942015461575
0.002964345699794527,0.4500347917185799,1.299095191745736
0.0029948547520256682,0.747965167848309,3.4074721931380365
0.003025677803487097,0.31838780918427306,1.07961871297034
0.003056818085859558,0.8651656627806871,4.42667820584412
0.0030882788640842606,1.0742941408733666,4.840192974307411
0.0031200634367051956,0.5690286516288287,2.6112770111540846
0.003152175136214976,0.9229131657463294,4.703906958986522
0.0031846173294042364,1.1668495926112126,5.865088449607497
0.0032173934177146266,0.5351278786259743,2.866184772405384
0.0032505068375954416,0.5046197455233182,1.88185588404559
0.0032839610608639204,0.722325318252501,2.932478104251417
0.0033177595950692512,1.2013131225346598,6.325640124060852
0.003351905983860327,0.5580521411868611,2.4926754289394895
0.003386403807357282,0.7068850098567706,3.4522089894006056
0.0034212566825268546,0.6837353208971811,2.9685572659425623
0.003456468263561613,0.4853010028327668,1.8989311986928987
0.0034920422422630823,1.4532094526804582,7.295467790119888
0.0035279823484288173,0.545856683270771,2.5093892720284114
0.003564292350243457,0.6749673214361559,3.6291194869887407
0.0036009760546738046,0.4579498861806901,1.2354301559222645
0.0036380373078679735,0.3850647188819742,1.1907603550898789
0.0036754799955586426,0.8129510843639349,4.271854974035188
0.0037133080434704584,0.6508404321403879,2.6927372145185453
0.003751525417731635,1.0003167529137376,4.472104338986003
0.0037901361252897854,0.30007695916676336,0.5416539980101266
0.0038291442143320374,0.16892437298402202,0.10248793937927173
0.0038685537747094674,1.1580948391719514,5.954180254810339
0.003908368938365909,0.8991067115981486,4.259754492635314
0.003948593879771171,1.1467024244470134,5.270661547311802
0.003989232816358713,0.8720599684367653,4.419703981544668
0.00403029000896783,0.49589067442903023,2.351568391097593
0.004071769762290382,1.10621980064087,5.104307152284025
0.0041136764253221336,0.41370127441659,1.6073351374858205
0.004156014391818708,0.7589067029419474,3.1901955751843527
0.004198788100756286,0.4952144474212674,1.7455499890844859
0.004242002036796993,1.4237525935363509,7.043515410134026
0.0042856607307591105,1.3853031666801041,6.849146596574338
0.004329768760092108,0.545932667348837,2.3154467961952054
0.004374330749356574,0.6832601164834662,2.8529259582952133
0.0044193513707090895,0.4764226337353731,1.874386837697128
0.004464835344392076,0.1450820455639905,0.035322977181823104
0.0045107874392287025,0.5775359128525103,2.81814213984928
0.004557212473122874,0.9946068241468171,4.876026750844738
0.004604115313564376,0.8546109612841353,3.3388181873668294
0.004651500878139205,0.556822831030423,2.1947773966512494
0.004699374135045167,0.9607926347889012,4.546455394088326
0.004747740103612773,0.8537093124231853,3.375820218669152
0.004796603854831481,0.378541734195744,1.3026543840292657
0.004845970511881396,1.2043579347509887,5.492532223845389
0.0048958452506704,1.0360018923418446,4.810959372445954
0.004946233300376829,1.3238489192156904,6.847230104878678
0.004997139943997735,0.9390718559816172,5.1812664069751175
0.005048570518902787,0.7353994135601815,2.9076439330760158
0.00510053041739387,1.4276077947467896,7.8291127104700955
0.005153025087270457,0.5818267339204362,2.4783801953709057
0.005206060032400781,1.0491282966045994,5.031563527649055
0.0052596408132989,0.9924387861978304,5.521925793121621
0.005313773047707694,1.3725506783678882,6.388654041129767
0.005368462411187864,1.0008152930046923,3.711115308377002
0.005423714637712997,1.408568183681264,7.616344706151072
0.005479535520270743,0.41956759820986944,1.8466875837862609
0.005535930911470197,1.014242234727098,4.061730588620637
0.005592906724155519,0.7737579804415998,3.4059213120333087
0.005650468932025873,0.90376639225229,5.331638618674248
0.005708623570261746,1.042381653563654,4.641030101319306
0.0057673767361577175,0.9231061406796612,4.697048079153951
0.005826734589761736,1.0140096767116284,4.542937580335501
0.005886703354520973,0.171666134209431,0.13329208829029246
0.005947289317934337,1.0223043107249317,5.003806695732271
0.006008498832211685,1.0291323331547968,4.565683468949253
0.006070338314939831,0.5111182383512359,1.9700785521681035
0.006132814249755407,1.0497756232774946,5.667582400667394
0.006195933187024647,0.9765031224710722,4.6326569010877945
0.00625970174453017,1.1201024437592966,5.4622759732743695
0.006324126608164824,1.172074122901405,5.5785150724472485
0.0063892145326326834,0.7016406987579755,3.140781301082413
0.006454972342157249,0.9747935297510355,4.663789573238741
0.006521406931196948,1.3361641522694465,7.968555417845263
0.006588525265167984,0.31834639694112654,0.9626163607985845
0.006656334381174641,0.9671249246510928,4.739047672263383
0.006724841388747096,0.6250568435769699,2.376622016641986
0.006794053470586824,1.0509061144756178,4.608660672980914
0.00686397788331968,1.3324233858869048,6.74200133665637
0.006934621958256727,0.40169664786515086,1.455643083975448
0.007005993102162897,1.51178251363929,7.1117312782222575
0.007078098798033563,1.2504214275020653,6.7174650022144204
0.007150946605879103,0.7759538887508473,4.157143373233961
0.007224544163517535,0.9453790257827462,4.517738982944056
0.0072988991873753194,1.0879031961521601,5.160457411172154
0.007374019473296399,1.890667888390328,9.185024803447742
0.0074499128973595395,1.4603174816097735,7.77235201009697
0.007526587416704145,1.029277117630556,4.662277548198016
0.00760405107036451,1.3091379632043358,6.572898620845123
0.007682311980112687,1.6350837373114033,8.699471078971797
0.007761378351310022,1.5810970205196913,9.13648180578623
0.00784125847376746,1.4930607267479876,7.9558615436162015
0.007921960722614694,1.6184535957527524,8.662284504579569
0.008003493559178275,1.4231614097876815,8.051997199555107
0.00808586553186874,0.3671132591193075,1.1272628909013265
0.008169085277076887,1.6153357513971176,8.800554704780613
0.008253161520079266,1.1319251890332238,6.38614751646496
0.008338103075952995,0.7158292130241649,3.508741072525511
0.008423918850499978,1.0533159340846816,5.2812584979331305
0.008510617841180667,1.5663643774774978,8.271320844057225
0.008598209138057363,0.21425860253309745,0.21315368946447988
0.00868670192474734,1.0533669463134336,5.7593560717239
0.008776105479385668,1.2811531244087195,7.868636222482032
0.008866429175598002,0.844790557508772,3.8884606451452832
0.008957682483483375,1.8571188415796702,9.423462214892135
0.009049874970607098,1.4367603145896013,8.97489513920646
0.009143016303003886,1.6171384898360606,8.925819174814631
0.0092371162461913,0.5252189377756461,1.6936626914641721
0.009332184666193632,0.9661411483333855,4.437189670488184
0.009428231530576314,2.147270062439709,10.537124199355805
0.009525266909490987,1.6710719479781413,8.334215079559819
0.009623300976731312,1.5789250890343722,8.08748993289067
0.00972234401079965,1.028187259364128,5.338563603035917
0.009822406395984742,1.1179367506188733,6.126469447294111
0.00992349862345044,0.938899594532076,4.502456874515478
0.010025631292335682,0.6014286121637689,3.9177858678462587
0.010128815110865766,1.8162823289856753,9.7215126439921
0.010233060897475065,0.8457876072428716,3.92582142126116
0.010338379581941306,0.493721518054879,2.690392724839698
0.010444782206531505,1.3087003277933285,6.927718794961473
0.01055227992715972,1.4513931705334482,6.6952290318096255
0.010660884014556697,1.254351703414936,6.579880651685546
0.010770605855451566,0.9320059384493447,4.167640184546569
0.010881456953765701,1.7718032823501322,8.620979303372641
0.010993448931818856,2.2472993022258443,9.781400618634597
0.011106593531547724,0.763579125360788,3.5518536764599125
0.011220902615737037,1.5710826917581981,8.350579232490187
0.011336388169263335,0.41748898473017854,1.7602273618022177
0.011453062300351527,1.852396242918388,8.803984198627102
0.011570937241844402,1.4870487339704024,6.567837675815399
0.011690025352485195,1.0713535733121098,5.853866733234695
0.011810339118213347,1.4222926279095958,7.035504577142842
0.01193189115347362,1.4652775881574378,7.839535754378479
0.012054694202538662,1.1801056440496482,6.154350783152124
0.012178761140845209,1.053370902226287,4.876767188888635
0.012304104976344028,1.840163134954982,10.043307628487037
0.012430738850863704,1.9830462833498061,8.770873973162628
0.01255867604148859,1.6913948713411255,8.50591299362058
0.012687929961950808,1.0376801378805673,5.2413948638703625
0.012818514164036633,1.05471086194625,5.83474766888967
0.01295044233900736,0.9976623268582921,4.934024793832277
0.013083728319034772,1.2116900000569273,5.537805515621171
0.013218386078651391,1.4564141658998138,8.77214670357121
0.01335442973621566,0.8362800553548632,3.8882246105591407
0.013491873555392199,1.8394029425132972,8.429232536113874
0.013630731946647288,0.863315454261916,4.695860212548813
0.013771019468759764,1.5551628771107864,7.617467655330039
0.013912750830347442,1.0326030770495733,4.370703985630687
0.01405594089140926,1.2374769485286914,7.240648216048424
0.014200604664883307,1.0680452867485524,5.582644606945938
0.01434675731822085,1.0602343847796973,4.999540244946494
0.014494414174976608,2.3809971620769117,12.535746580337058
0.01464359071641535,1.8508235195311948,10.16561407940312
0.014794302583135056,1.4361461010229213,5.940430161288113
0.014946565576706778,1.2473353109097096,6.7966714866752485
0.015100395661331364,1.8004871309545731,11.26940770026135
0.015255808965513257,1.2661437878232944,5.171100306471631
0.015412821783751501,1.2301588164582307,6.403999845862485
0.015571450578248153,0.7472730303193368,3.4899070641770193
0.0157317119806343,1.4964700995045466,8.564945621425608
0.015893622793713792,1.078453549098611,4.897070592699709
0.016057199993224996,1.6527767281644163,9.299026065771105
0.016222460729620598,1.1689460330362913,6.83100279337094
0.016389422329865802,1.789207642545062,9.389199359884833
0.01655810229925492,1.5886755989277215,9.00676234766711
0.016728518323246847,1.1227321863531983,5.756521353802052
0.016900688269319234,1.724232155954032,9.703544879538162
0.017074630188841856,1.964456506594314,9.819657267670925
0.017250362318969224,1.2105108599458312,6.594681938764943
0.01742790308455268,1.8913254353283735,10.56937423304964
0.01760727110007217,1.39540329302522,8.659836280289804
0.017788485171587917,0.8151544991764058,3.958386888572089
0.01797156429871215,1.4711951171095665,7.62055263074549
0.018156527676601145,1.004488621603512,5.046717881310949
0.018343394697967776,1.7250367789898742,9.272884581841524
0.01853218495511475,1.8668684477607724,9.954112165343957
0.018722918241988802,0.88394324426882,4.308416863742379
0.018915614556255997,1.314205054793808,7.415453381952955
0.019110294101398438,1.1523469925396561,5.334193438277222
0.019306977288832496,0.9518538600040627,4.890175673527638
0.01950568474004889,1.524887094874281,8.3391016521085
0.019706437288774758,1.6968795925014273,10.919855178309101
0.01990925598315801,3.3961229888591116,16.38262272425468
0.020114162087974136,1.5631005345611617,8.73079627335596
0.020321177086855737,2.3972410937182596,13.521460044726645
0.020530322684545008,1.972987381406967,9.566174060363561
0.0207416208091694,1.9422886327868156,10.376369979438923
0.020955093614540694,1.6191898025510165,7.239140503342135
0.021170763482477754,2.2446836407733555,11.23049551108673
0.021388653025153165,1.048566196113039,5.3852477940233525
0.02160878508746404,0.425163396635686,1.0799267755997208
0.021831182749427233,1.0871365802322157,6.484421164689489
0.02205586932859919,1.218638036752034,6.054873387695977
0.02228286838252063,1.3676551044924483,6.132201727094803
0.02251220371118661,1.775676049366683,8.832935868192216
0.022743899359541755,1.1427520394379231,6.4807603573206105
0.022977979620001317,1.8479659225639513,9.875029217108727
0.023214469034998124,2.509022019988119,14.340364376692452
0.023453392399555795,1.213558191029239,6.811424951154507
0.023694774763888364,1.3129144135270134,7.0112891157138035
0.02393864143602674,1.8320361395573774,10.068826275770839
0.024185017984472125,1.5115344182989983,6.6841101198812485
0.0244339302408768,1.298281230617476,7.806498319073399
0.024685404302752456,1.0982279866648772,5.649024664887559
0.02493946653620644,2.5285863974100686,12.393292552335573
0.025196143578706125,1.112841262352008,5.713581031629195
0.025455462341871758,1.9563054272150286,10.034460124049126
0.025717450014298034,1.4023889379595358,7.704211850249356
0.02598213406440473,1.512633072962541,8.383400230186345
0.02624954224331665,2.5365151514325484,13.058156816939935
0.026519702587773235,1.8683735944140332,10.233935209719075
0.026792643423068113,1.8478962951036122,9.395031020740173
0.027068393366018892,0.9936815499247099,3.790852640776388
0.02734698132796752,1.210960176819972,8.274563037572152
0.02762843651781155,1.4328241103033081,7.9588886121622995
0.02791278844506656,1.007369143114003,5.325681877673944
0.028200066922960135,1.5459886836359382,8.935355835230919
0.028490302071557647,2.246235203522405,12.04465061381174
0.02878352432092026,2.556525087220199,11.948368926358109
0.029079764414295384,1.7239916484827034,9.031131791707304
0.029379053411340027,1.1195347344003643,4.519469327474116
0.029681422691377163,1.082892605152532,5.854532467407807
0.02998690395668592,2.8207571139307497,15.185057942302024
0.030295529235825312,1.178038107519599,6.840448313951809
0.030607330886992353,1.8192046474649746,9.638830624102235
0.030922341601414695,2.390588359881735,13.846543093031077
0.031240594406778167,1.6851404382144346,8.47601569714726
0.031562122670689606,2.2322971641911975,12.585673279930443
0.031886960104175355,1.0715202231468777,5.201606025470461
0.03221514076521567,2.274843901349193,12.731769678153285
0.03254669906231565,1.5250375775094247,7.780429788118015
0.03288166975811279,2.7098400505409606,12.932132033843374
0.03322008797302171,2.1798893660413676,12.06937411070583
0.033561989188916425,3.0875128875793214,14.75069023398806
0.03390740925285047,1.843233933170733,10.718556243612607
0.03425638438081534,2.3484250128920445,12.191908937489522
0.03460895116153757,2.2705374179040456,12.563130542999858
0.03496514656031496,1.2579595442739053,7.2027438859440585
0.03532500792289223,3.080983923852008,14.342818289504049
0.0356885729793766,1.2336022480548485,7.366732973050906
0.03605587984819361,1.9884882202913015,11.163943028917664
0.036426967040083726,0.8896173968430692,4.905115645438988
0.03680187346214003,2.6637151284967713,14.40497585138757
0.037180638421887506,1.4658800756015142,7.381770644860735
0.037563301631404256,1.9057343776408202,11.514729453600209
0.03794990321148516,1.2455763657556915,7.451238672179485
0.03834048369584844,1.512403577542034,7.908471465587677
0.038735084035385406,2.5427583926460815,12.763853947885359
0.03913374560245403,1.6238964293586213,8.139568417144348
0.03953651019521672,2.0241985912389144,10.735869207167376
0.039943420042022545,2.7885165521320916,16.35545896782095
0.04035451780583496,2.4346015770107337,12.749528455525365
0.040769846588704674,2.126464083264882,11.855332980863896
0.041189449936288806,1.428542762669119,7.667741375545921
0.04161337184241645,1.5836684257579394,9.771064708955052
0.04204165675370132,1.854611733144683,9.956834356366995
0.04247434957420174,2.0760944211759167,11.912447255170028
0.04291149567012871,1.124099780999964,6.075258445098236
0.04335314087460236,1.8181769689759655,10.650234303431354
0.0437993314924574,2.15612711694474,11.80486844641899
0.044250114305098,1.8257077177667966,9.323139891359773
0.04470553657540263,1.4381620463043192,9.377243909146642
0.04516564605267942,1.8219595533879809,11.958540422527296
0.04563049097767246,3.3598367868073837,16.861005901064193
0.0461001200876197,1.5061614288931997,8.489094168084659
0.046574582621362826,1.5586133614712583,8.707977923297312
0.04705392832450981,1.6462844250354796,8.67569456088636
0.04753820745465052,2.5338425633773918,13.338017960548171
0.04802747078662603,2.026090526574657,11.1178067193552
0.048521769617852206,1.5474353792581164,7.626374518324019
0.04902115577369802,2.84504146072462,17.429390748475974
0.04952568161291924,0.4188247360883285,0.6205945944322271
0.05003540003314808,2.853638309762119,17.406612353103508
0.05055036447643928,3.0444039231496367,15.054567722424915
0.05107062893487333,2.0234723996824884,10.706577172601584
0.051596247956217325,1.7128460135208001,10.911209585045377
0.05212727664964409,2.1895197027663267,11.765618424077331
0.05266377069151024,1.2720301223142927,8.372078323929268
0.05320578633119338,2.352712889973043,12.542899303722866
0.053753380396990035,1.0088762186470526,4.147294281282229
0.054306610302073594,0.8824476181675349,3.0941286387447158
0.05486553405051394,1.5312372588120857,10.24698398835841
0.05543021024335899,0.52563371879124,1.6785463776756941
0.05600069808477877,3.0737587057412457,16.75667859906457
0.056577057388272727,2.4733899986824817,12.190708014042634
0.057159348582940986,2.2069145853392667,12.921775227224284
0.0577476327198201,2.685124447452748,15.470452298471637
0.05834197147828402,0.8208609393733027,5.315968772499792
0.05894242717251094,1.828318817660112,9.09929500924384
0.05954906275801672,2.64608848819112,14.23135701304436
0.06016194183825549,1.9497119909108644,11.399823680487344
0.0607811286712883,1.6885206409775657,10.732520257203653
0.06140668817652029,1.695128408026879,10.263930688341457
0.06203868594150725,1.9178438242859601,11.57550881425538
0.06267718822883224,2.280578392394598,12.428574599116114
0.06332226198305296,2.99714110950358,18.051709084282606
0.06397397483772065,2.658554529001971,13.656621500577824
0.06463239512247118,1.9691479311704976,11.148253062497698
0.0652975918701892,2.5048077698983935,12.903319460594137
0.06596963482424595,3.05577815654806,15.710899950718069
0.06664859444581159,1.550385344374509,8.361545060492485
0.06733454192124279,1.818324643235761,12.56379676560584
0.06802754916954637,1.6439674106416367,10.178485557953712
0.0687276888499197,1.8379587280320755,9.545038474515412
0.06943503436936879,2.037132337445237,10.935173133662783
0.07014965989040467,1.4355665406306997,7.29429902638114
0.07087164033881921,2.033318715919257,10.482060451015242
0.07160105141154044,2.745226902886989,16.35253633116301
0.07233796958456955,1.3292081749140807,7.479187214135771
0.07308247212099886,2.1873905077897042,12.649347313632179
0.07383463707911256,2.608101640224544,16.445819476769962
0.07459454332057087,0.4174195927507753,0.8827531967814087
0.07536227051867841,1.283909390551054,7.088837856244884
0.07613789916673762,2.3458218703926765,12.19641773925111
0.07692151058648815,2.8728442967157477,15.546380380451165
0.07771318693663318,2.2275644250831537,12.829151406822893
0.07851301122145343,1.4099543975020241,7.834590796344086
0.0793210672995099,1.9340893455005077,9.944540393557935
0.08013743989243599,3.7438569913712145,18.850959414643675
0.08096221459382043,1.6773920406686218,9.0616176252937
0.08179547787818127,1.8666157587688468,10.862961951011538
0.08263731711003251,1.794241809684983,8.795278724435647
0.08348782055304395,2.672987470643761,14.753513203043257
0.08434707737929519,2.1481616139373085,11.970250789822657
0.0852151776786251,3.235403998247382,18.626509661701043
0.08609221246807741,3.3505228745952715,19.180885317928222
0.0869782737014434,1.6542572095086703,9.237962202877837
0.08787345427890295,3.0868372014371777,15.991360687900352
0.08877784805676485,2.4803143878799734,14.505042445619395
0.08969154985730717,1.802197261173555,10.353170923559125
0.09061465547871908,1.557654004982125,8.089724018679046
0.09154726170514495,2.277702972323175,12.478858482913456
0.0924894663168317,3.0058872866694557,15.764196365130138
0.09344136810038083,2.423889782024713,13.167447797616358
0.0944030668591058,2.3630360546487403,14.565349381044626
0.0953746634234957,1.7319972547552227,12.02291302990713
0.09635625966178754,2.753860326654015,13.305820924107334
0.09734795849064636,1.5744963898905622,8.287250442223746
0.09834986388595567,2.478810845875655,12.448454054325705
0.09936208089371903,1.6309715240571638,9.193443109999421
0.10038471564107372,1.9668177468603076,10.388276183293666
0.10141787534741771,2.6562085913156586,15.742187243811419
0.10246166833565123,1.4455438442432764,7.906103936175837
0.10351620404353405,2.8248521144415797,16.32993254464079
0.10458159303515961,2.755854595566336,14.546143080762842
0.1056579470125472,1.5754340501698467,7.9456362059115
0.10674537882735353,1.9038948268579927,10.968004771236279
0.10784400249270486,1.977200932437497,12.0649293177157
0.10895393319515069,2.97417921115688,16.40824061412249
0.11007528730674082,1.611028963678928,8.379074360672849
0.11120818239722638,2.3565043552506446,13.730137939782999
0.11235273724638667,1.6730276744708799,9.413559788668135
0.11350907185648267,2.584111316184561,14.106267539275068
0.11467730746483895,2.220514203117206,12.537523331659138
0.11585756655655484,1.9435092391477253,10.823256933163158
0.11704997287734659,3.277688527080859,20.14576207355522
0.11825465144652161,2.8750273087987193,16.525641647614773
0.11947172857008631,2.459590145518812,13.323235870456895
0.12070133185398878,3.464082158490864,16.28025840850325
0.12194359021749775,2.518475202539446,14.236051187009604
0.12319863390671942,2.2757830501839824,11.969605005723558
0.12446659450825313,2.3271850285258373,12.885615621591363
0.12574760496298792,0.8724920573079629,3.8646875227893123
0.1270417995800404,2.4042586551469274,10.82644799382746
0.1283493140508372,1.890606501283698,10.34711990204879
0.12967028546334133,2.3942512419264466,13.166152644263835
0.1310048523164254,2.341493200680126,13.509381142497432
0.13235315453439267,2.002153767367918,11.182944517270421
0.13371533348164769,1.8017151134223452,10.150903167376434
0.13509153197751772,3.447700758697437,17.58768019585394
0.13648189431122687,2.6591654474926174,15.784548980407518
0.1378865662570242,2.307718866040231,14.403596908715123
0.13930569508946766,3.4233174283109182,18.371278938098143
0.14073942959886532,3.3429488636349793,20.748699597643373
0.14218792010687537,2.0130183675902527,12.979357196058633
0.14365131848226684,1.767365671441127,10.530897583497115
0.14512977815684242,2.498449211683937,14.342697199437278
0.1466234541415253,2.7102396284303603,14.650750865753443
0.14813250304261136,3.7792661470153295,19.237862795250074
0.14965708307818884,2.87559945885915,14.505618942337303
0.15119735409472687,1.6043581316189377,7.527093993299626
0.1527534775838348,1.835155771090529,11.096677367978245
0.15432561669919395,1.9066500388575072,10.78631053683708
0.15591393627366368,2.065737872841813,12.78501642871088
0.15751860283656344,1.4140632065936851,9.227136309403862
0.15913978463113287,4.021074239902484,20.1171761935359
0.16077765163217136,2.5086931134051236,14.851514413326798
0.16243237556385925,3.3259933627516065,18.59553821989891
0.16410412991776258,1.3432444062113573,7.290613344838382
0.1657930899710229,2.166597329092185,12.9049753207341
0.1674994328047345,2.455002801334067,14.394862300818161
0.16922333732251085,2.094597095351948,13.811004018468505
0.17096498426924125,2.9082643122426837,17.861741160850173
0.1727245562500423,2.2595778751965003,15.341760573529506
0.17450223774940266,2.546687107252838,13.734834843354916
0.1762982151505258,3.5458381018411784,20.56874975302039
0.17811267675487147,3.106325670566269,17.474516039215324
0.17994581280189842,2.4056498463590086,14.067038940402036
0.1817978154890104,2.1739674481509375,14.15511401145313
0.1836688789917071,3.3255328512003253,18.805871089260513
0.1855591994839431,3.096485685615042,18.34132310077016
0.18746897515869543,0.7598018301705406,3.552881136070856
0.18939840624874393,2.178493203936249,12.606516617775927
0.1913476950476645,2.798762091463353,17.011934745274775
0.19331704593103896,2.2687449819755012,10.19395417897561
0.1953066653778831,2.4670995491230734,12.494421395034216
0.19731676199229511,4.478713696789862,21.260114612956393
0.1993475465253271,2.3111340097473083,14.188739380950777
0.20139923189708134,4.197134357328408,23.18969439249726
0.20347203321903432,0.9819495307661621,4.758726692089097
0.2055661678165903,1.9691800478731105,11.624996111931715
0.20768185525186703,2.095749467758164,11.694244046307212
0.20981931734671605,2.9251006323728768,16.9367536653366
0.21197877820597988,1.7864399430051565,8.815230132059485
0.21416046424098853,1.1903328499041828,6.037667598302575
0.21636460419329795,1.8508898380792378,12.464371509588721
0.2185914291586726,3.699415191306165,22.33631440587073
0.22084117261131514,2.4069707412620307,14.171659357991999
0.22311407042834505,2.2356582743017452,12.880718136108326
0.22541036091453004,1.6725562861887477,10.010230213393513
0.2277302848272702,2.545895629738049,15.525411280186411
0.230074085401842,1.3225536938033262,6.93552597032224
0.23244200837689966,2.2724440103771575,12.846598256138533
0.23483430202024014,2.7336124445301597,15.598816070909749
0.23725121715483313,4.254290167206688,22.121532712570975
0.23969300718511885,2.702630485447061,16.92611673013722
0.2421599281235765,1.949644873352612,11.57278133759814
0.24465223861756635,4.614020152929278,23.56053896743066
0.24717019997644776,1.7497649057976354,10.108296016519576
0.24971407619897665,2.0471566201889333,11.765870658304024
0.25228413400098465,1.537307424325102,8.838622649227215
0.2548806428433433,4.036640185465441,21.802761741636687
0.25750387496021593,3.1259945617165057,19.021585428027645
0.2601541053876006,2.7773978732851745,17.987335395259848
0.2628316119921664,3.1052450432936896,17.639641115774936
0.26553667550038673,1.6031152664808863,8.898371955396932
0.2682695795279725,2.536852900885476,15.840691615545847
0.2710306106096079,2.9864709303647445,18.92213967676001
0.27382005822899314,2.6245853744388024,12.94754295671639
0.2766382148491949,2.8404839405072204,14.958960087877138
0.2794853759433104,1.835390279281098,10.401785384747747
0.28236184002544684,2.070851001186744,11.696661575862107
0.28526790868201907,2.391971351125819,13.349709401326137
0.28820388660336993,4.074793252978776,23.728810828772442
0.291170081615716,2.5057947649856183,14.966755319567884
0.2941668047134219,2.035312162847509,12.39974011733089
0.297194370091607,2.08250256067209,11.523733152510914
0.30025309517908727,1.4609002403407896,7.715755269725857
0.3033433006716573,2.787661336307069,16.84476826162395
0.30646531056571247,3.1144176332295377,18.669944679562754
0.3096194521922206,0.974040745644517,5.216787137923755
0.3128060562510402,3.7281920133419586,19.92798695536032
0.3160254568455936,3.5426594818203867,20.06157156855233
0.31927799151789604,2.2979645430017843,15.508711793670006
0.3225640012839461,2.571611310979285,17.022469082532716
0.3258838306694796,2.4307943741684985,13.622929184958208
0.32923782774609206,2.9135102477725106,15.252918506884347
0.33262634416773246,2.0352323512005035,14.372583111387357
0.3360497352075732,2.246014953775977,11.735957335704068
0.3395083597952586,2.714041287013525,16.246676813368225
0.343002580554538,2.9856609545731025,18.019873182551194
0.34653276384128484,1.1877332906989606,6.577790762321425
0.3500992797819082,2.9908890111829485,16.128731017638017
0.3537025023121588,2.685658490597083,17.963410279159586
0.357342809216335,2.3677504224282395,15.886089253341034
0.3610205821668918,2.3878537847732266,15.10029594360335
0.3647362067644582,3.8993821989867343,22.360227568669366
0.36849007257826544,4.01162815349184,23.39696626049731
0.37228257318699215,1.9708257472502602,11.643663562012188
0.3761141062200297,2.0547584909222243,11.767729811865713
0.37998507339917187,2.522209632573525,13.528697135875941
0.38389588058073404,3.18398280287169,18.10592371870289
0.3878469377981056,2.2240646427977038,14.007358793757263
0.3918386593047405,4.2758580565724635,22.02655684544209
0.3958714636175901,2.1389031005056296,15.131134999119926
0.3999457735609832,2.457804765880719,11.995751177816963
0.40406201631095773,3.8444767061166356,18.54238912197278
0.40822062344004717,2.873427049171609,14.371356810534463
0.4124220309625317,2.725373311457548,16.475002537368752
0.41666667938015095,3.623129240579288,19.46331261730291
0.4209550137282893,1.1482865521672694,5.261514312590236
0.4252874836226364,3.1991484085384156,18.347141164289305
0.4296645433063275,4.132242424489638,21.34709702369646
0.434086651697569,3.8835672439416618,19.43796282814172
0.4385542724377547,1.1812373171772088,5.0827167665495585
0.4430678739400764,3.713890430831179,20.355132688561426
0.4476279294386356,2.9903221445942267,15.876819029158462
0.4522349170380602,1.9693789345291377,9.188848071308204
0.45688931976363173,2.1225491852743392,13.637175626274944
0.4615916256119291,2.6067375296484694,15.538696738817777
0.4663423276019932,4.293556850366541,24.88346601778594
0.4711419238270176,1.7713434415289524,10.999565321243129
0.4759909175065723,3.3603793867483795,19.204295295425418
0.48088981703936406,2.5771267922434458,17.248179301291486
0.4858391360565404,2.9652097727504754,20.520451533188155
0.49083939347554145,1.828811270643475,11.273966739362466
0.4958911135545069,1.5452440800582772,7.324668696448196
0.5009948259472422,1.226984691075056,7.4177950814950995
0.5061510657587512,4.796288927884683,22.92775822231915
0.5113603736013391,3.1320795925414577,19.40303094217288
0.5166232956512945,2.8327309064939956,15.867695622696363
0.5219403837061534,1.4239268665409366,8.905476594712779
0.527312195242553,1.9040009351006661,11.002019510811726
0.5327392934746815,3.4256298765117155,17.058958296236618
0.5382222474133287,2.8716939108037107,18.06266040186301
0.543761631925545,2.996226775177747,15.387563545821887
0.5493580277949124,3.2765175599222354,17.97131173345013
0.55501202178244,1.2534433435455223,6.3774583613037485
0.5607242066880822,3.6183344989950394,20.91153166474647
0.5664951814128917,4.734015046718993,21.35702133555335
0.572325551021812,2.9026008047833893,16.85990779298985
0.5782159268071165,3.9683883000232916,20.123174409707282
0.5841669263524998,2.0515153486712454,13.302238167998082
0.5901791735978291,1.718990826658488,7.777459321945451
0.5962532989045624,1.8778243532064596,11.353663814877589
0.6023899391218388,2.0573563697844284,13.52174138115517
0.6085897376532502,3.165479675015916,19.89864651508787
0.6148533445242998,2.311337931760936,11.760244300749356
0.6211814164505546,2.5774770351558574,14.114572223593006
0.6275746169064993,1.1303832438510137,5.294803162514857
0.6340336161950998,2.230586050508079,15.68384126824455
0.6405590915180813,2.527993351030912,15.033783003585931
0.6471517270469308,2.4993873791276746,13.525519124698238
0.6538122139946294,3.607179572311989,18.991060468728904
0.6605412506881239,1.87833116903818,13.07451676265088
0.6673395426415435,2.3177033940814726,16.926059771020117
0.6742078026301703,1.682142625825226,10.017752622564167
0.6811467507651711,1.063110283516764,7.182815668854756
0.6881571145690982,1.3455433485735433,7.854091239737595
0.6952396290521679,2.955546106290204,18.151373960820873
0.7023950367893228,1.2410588793903505,8.05936922990729
0.7096240879980887,2.4399670637203275,15.466668071668124
0.7169275406172317,1.6851757880669391,10.04678123752676
0.724306160386226,3.026302026029696,18.01954443752158
0.7317607209255356,3.4317481666048146,16.407434125351827
0.7392920038177307,2.9956433997829572,18.40127890599678
0.7469007986894298,3.9631332734429114,19.863357438255214
0.7545879032940906,2.0749361481647783,13.019035306527215
0.7623541235956507,2.9393710488954694,15.317367009510633
0.7702002738530305,3.2957801566652156,20.34567115597352
0.7781271767055048,4.007967055074958,21.05255306964168
0.7861356632589538,1.1352715718562956,4.95653201058631
0.7942265731730008,2.302313832591927,13.301866264660438
0.802400754749048,2.765166730473601,17.62254653355568
0.8106590650192175,2.0880615819184887,13.043102697349543
0.8190023698362074,4.423205003638575,22.906017469104093
0.8274315439640743,2.9293789891027977,17.382794357067485
0.8359474711699475,1.096912749475067,5.807471185125395
0.8445510443166901,2.723495495792089,15.058977170329669
0.8532431654565116,2.7998224968038645,15.907861443156563
0.8620247459255443,4.392397254648744,23.699966118732178
0.8708967064393944,1.970464965722582,11.820835190911385
0.879859977189675,3.6275237109791245,21.77572423890959
0.888915497941533,1.9323921951614955,13.151040844063601
0.8980642181321804,2.513295657795101,13.066556999362842
0.907307096970439,3.316427607416394,18.726711788889574
0.9166451035373097,2.8121525117633324,17.093079743060198
0.9260792168875771,1.6659479898207301,9.842073290173593
0.93561042615246,1.789517209675352,10.428504402694221
0.9452397306433175,2.974410798404679,18.986738770538796
0.9549681399564235,2.9390880177717764,19.766854763849302
0.9647966740788197,4.239580972686483,22.6513519430496
0.9747263634952539,2.5449200812417274,16.326302324057732
0.9847582492962278,1.7538262133038343,9.07436874034819
0.994893383287148,1.0088690847348187,5.497731574989847
1.0051328280986045,3.804220748754423,21.94443080408405
1.0154776572977835,2.0521309457765415,11.667781031684788
1.0259289555010267,2.0303620120184585,13.272883151473264
1.0364878184875503,2.1501448330484543,13.806529210284253
1.0471553533143318,2.680209533036856,17.725245831792666
1.0579326784321819,3.1039280436282985,15.454710785720035
1.0688209238030089,2.204282377616296,13.467433827312998
1.0798212310182915,2.8537781630855634,18.575542848498337
1.0909347534187712,3.091222636111977,17.625639257207368
1.1021626562153741,1.9492017106626869,13.519233694350998
1.1135061166113793,2.094875979760744,13.577558175400487
1.1249663239258456,2.399596343178939,15.163686863288717
1.136544479718305,2.488414266461765,16.95884815455666
1.1482417979147437,4.144457508590242,20.515774787362325
1.1600595049348759,0.8047587695439774,3.7697164761799
1.1719988398207304,2.2013362947691557,12.328078073539263
1.1840610543665595,3.3778911062849297,19.864923895077755
1.1962474132500842,1.3610359300183097,8.439647884242492
1.2085591941650915,1.8453903623856147,11.530965615424492
1.2209976879553954,1.6332479377229114,9.009034811523312
1.2335641987501775,1.279420497536449,8.266577162647696
1.2462600441007192,1.9431940810689743,13.725543610637725
1.259086555118543,3.2216113494618264,17.007764196522103
1.2720450766149736,1.9562100893942804,13.158459077672815
1.285136967242137,4.624521782049503,22.651861479473325
1.2983635996354097,2.94956540037424,18.710535271168425
1.3117263605573342,1.6194783673574948,8.390925547255229
1.325226651043016,2.583852804971319,14.060882677831504
1.3388658865470175,0.6773121888920876,2.495191766106458
1.3526454970917619,2.1322317264254393,16.164454668099133
1.3665669274174659,3.4648359056726283,18.197329851654494
1.3806316371336167,3.242948882402419,18.531199740250337
1.394841100872004,3.2635958921365686,18.311904799015096
1.4091968084413324,2.2438686054313512,11.79715726442587
1.42370026498342,3.1493372711372944,18.92780058617066
1.4383529911310078,2.9007769075940284,17.415920976973375
1.4531565231671921,3.146811051238954,19.203379559804034
1.4681124131864987,2.582441858615503,14.52223019777282
1.483222229257613,1.9537106157637687,12.087922176002555
1.4984875555877895,2.7574173239537654,16.022144658771477
1.5139099926889386,2.6298380184206764,17.66830697048865
1.5294911575454513,2.6648126927317968,15.42966821749831
1.5452326837837227,2.6194219893653043,16.459387812988325
1.5611362218434341,1.6059861189160716,8.901742120276815
1.5772034391505954,2.874438444539857,17.959801204833425
1.5934360202923685,2.3019198961332514,13.16524066871759
1.60983566719369,0.8694217830449235,4.473930923943375
1.6264040992957118,3.0549872380451792,16.513853585702165
1.6431430537360778,3.99029240811143,22.35725482137266
1.6600542855310554,2.7698410223042216,18.60079895551263
1.6771395677595442,3.162060764972906,18.349383912013092
1.694400691748975,1.4997408569399369,8.773420184716956
1.7118394672631245,3.207577771196872,18.58669327619272
1.729457722691862,1.4599886188743705,8.474614703205196
1.747257305242849,2.0484042771144586,12.982267020900032
1.7652400811352127,3.228775663332169,19.66652304709774
1.783407935795211,2.699248221208064,15.531820448750228
1.801762774053913,2.131186827694297,13.101978994708286
1.8203065203469135,2.1864831015858956,12.30094884891957
1.839041118916102,0.7628987751403152,4.425492912341477
1.85796853401351,3.5327325490239527,18.77536750285539
1.8770907501072551,1.875984529176247,13.313618707455863
1.8964097720896047,3.774155199313313,18.91707128283912
1.915927625487182,2.8745820709039416,18.07345385047379
1.9356463566733342,2.9472840982112585,15.587810940206865
1.9555680330826875,2.9521797011189497,18.484931578106448
1.9756947434279097,0.7940516560370788,3.1318949372172753
1.9960285979187038,3.486163540038877,17.438317498300265
2.016571728483055,2.3853314499521074,16.102251298702143
2.0373262889907573,2.8763544453471535,16.667779922655587
2.0582944554792353,2.5538089189100717,13.882397675563213
2.079478426381697,2.5629153987114206,12.836199245642419
2.1008804227576285,1.5594688143061597,9.236596231222334
2.1225026885256653,2.121062366190814,12.028799564519634
2.144347490698858,2.7431686617099538,17.310688973514694
2.1664171196223614,2.4317406881983366,16.963127861553694
2.1887138892135662,1.7836549493394516,12.438639520900788
2.211240137204706,1.640621378974254,11.637010795508203
2.23399822538796,2.312388944210459,13.36629576665671
2.2569905398630774,3.0789604062620994,16.96585886942049
2.280219491287551,1.9798738568759184,10.320430268163685
2.3036875151293654,2.330435085093677,17.412008240380125
2.327397071922347,2.3288349621346085,14.784457869787479
2.351350647524142,3.2691977803846273,19.04168957661218
2.375550753376848,3.2261433486832267,17.338772278888854
2.3999999267703305,1.7497173167236528,10.942542069340895
2.424700731108248,1.2885471901907262,8.340823100222277
2.4496557561768135,1.3640990290635673,6.841885041935949
2.4748676184163267,3.4868763732100465,19.348299493828744
2.5003389611954963,1.877617436247169,11.76695268551098
2.5260724550885865,2.2940636897867157,15.880120749985705
2.552070798155418,1.5361739235924605,8.609542175066025
2.5783367162242485,1.5228246471624998,9.511958277329482
2.604872963177567,1.4765768152738392,11.47729661979739
2.631682321240825,1.1565388074154461,6.860353155839214
2.6587676012741466,1.789170586777365,10.35391229072917
2.686131643067038,1.7257640839100714,11.286962725576242
2.7137773156361087,1.3839710267662606,9.344708819416944
2.741707517525911,2.533272434691319,14.979820442835287
2.7699251771128166,1.5332554334844375,8.247033573419998
2.7984332529120546,3.1990436002165215,18.135995792189007
2.8272347338878983,2.0597443188275335,11.929962631046696
2.8563326397670474,2.824872912172954,18.50419448307324
2.8857300213552364,1.9441266185876134,12.16304571640206
2.915429960857097,1.9870600658898325,13.272352796163108
2.9454355721993193,1.5899042996359327,8.456792960852344
2.9757500013571327,2.1601923464476576,14.526472877262169
3.0063764266841506,1.3640171528914742,7.022857883790871
3.0373180592456075,1.5976966344232686,9.06525233274358
3.06857814315503,1.376143893767194,6.408597856594782
3.1001599559143664,2.372241842803011,15.188754320204374
3.1320668087576227,2.804236729488272,17.18298030581195
3.1643020469980323,2.976474824241955,16.577241450806863
3.196869050378799,3.2997858973266836,20.331831436863197
3.229771233427451,1.8258106594035852,10.901443592568949
3.2630120458138423,1.4941346096171568,9.990883491135925
3.2965949727118344,2.2804650726742866,13.41400015264025
3.330523535164707,2.868871230477005,17.011815737865938
3.3648012904543236,2.9848901614425936,17.603387374908394
3.3994318324741015,1.1016951546267428,6.047095081763457
3.4344187921058156,1.6977409931397196,9.295868949923017
3.4697658376002836,0.2787632450187602,0.5607039585811208
3.50547667496197,2.370081551788103,14.564488652491434
3.541555048337543,3.031620355302147,17.49194222148807
3.5780047404084376,3.809563231802879,21.47660952877957
3.614829572787454,2.9282864487547,18.096163097117078
3.6520334064194393,1.3031189354865498,7.942408507340761
3.6896201419860923,1.4633237297522212,9.082571119212854
3.727593720314938,1.4492501069056685,7.778249188181288
3.765958122792505,1.7983108140681678,9.491606827432522
3.804717371781761,2.0907544965858524,12.299348483507636
3.843875531043842,1.8421397778281077,12.603864324364697
3.8834367061641224,2.952653220557379,17.250580709176198
3.92340504498267,1.5671214256381738,9.485888541418303
3.9637847380291307,1.7512445837281314,10.852586004204637
4.004580018962091,2.429139377545125,14.443749927250973
4.045795165012961,1.7554936011489686,11.306504195287143
4.087434497434423,1.4028538171107632,8.252442137836157
4.129502381953506,2.0841295241433504,12.721182651288824
4.172003229229306,2.6674593294454647,17.154458634987844
4.214941495315434,2.918225218112709,17.127980638323397
4.258321682127213,2.706591647811676,18.876192025663883
4.302148337913691,1.7535071834144529,11.728541138297285
4.346426057734501,0.963232735519094,4.549542177311628
4.391159483941642,3.1872876123234333,19.120292299528337
4.436353306666209,2.559302677898575,17.787810922979233
4.482012264310136,2.773861619089047,18.108316327203738
4.5281411440429995,2.390163263385019,14.26723578839723
4.574744782303935,2.860929521681484,15.59135752400141
4.621828065308724,1.7855514936529424,9.85071202072736
4.669395929562083,1.8788720489056052,10.36468072140511
4.717453362375254,0.4501132528973628,1.194390275560738
4.766005402388892,2.5990063640207577,15.89720195698332
4.815057140101363,1.2154509222798304,7.095770471280235
4.864613718402424,0.3521974807775772,1.1437920529453494
4.914680333112494,2.249532969665163,13.578539971020184
4.965262233527376,2.325773596172208,14.665501280042546
5.016364722968637,1.3507318919362639,7.835950476822821
5.067993159339642,1.1990446041816456,7.35626881844576
5.120152955687307,2.441064524163225,12.718167269111273
5.17284958076964,2.306674267528715,14.067121952953382
5.2260885596291144,1.8759075061414834,12.540379913255544
5.279875474171958,1.620406387038574,9.114535689123231
5.334215963753385,0.9047992161139953,5.415252188763042
5.3891157257688675,1.7402209410129181,11.543797579189379
5.4445805162514835,1.862009367470902,11.720956853633464
5.500616150475414,1.689708629942458,11.925675200406339
5.557228503565658,1.6140895531738813,8.410448567288755
5.614423511114009,1.854896837416332,11.830713798529512
5.672207169801387,1.990864947758883,10.414134712292931
5.730585538026564,1.7689958258080658,11.63231065686675
5.789564736541363,1.3380818637543044,7.631874798729742
5.849150949092402,0.8362618601987403,4.44799379766599
5.909350423069427,1.1554958190228137,8.106863928801454
5.970169470160338,0.45938962263538796,2.4057915122960596
6.031614467012935,0.42576623627060806,1.653530380540436
6.093691855903495,0.8092278581968146,3.3622184336009715
6.156408145412214,0.9317963296051748,5.9265165437525695
6.219769911105609,0.9554749350660711,5.445247771431002
6.283783796225942,1.0840469782802324,6.684125859943986
6.348456512387739,0.9629606887853285,5.769422430691171
6.413794840281477,3.370898981168337,19.429896303509352
6.4798056303845115,1.2172261408107343,7.499777036361596
6.546495803679329,1.8601154960981208,11.60814203328926
6.613872352379179,0.1834173981898647,0.014953787876730414
6.681942340661188,1.321994392707993,8.643699712738592
6.750712905407005,2.47086286061507,15.537292980615483
6.820191256951084,2.0726623798841475,10.911049980333765
6.890384679836652,1.0021521884640419,4.39241883915417
6.9613005335794735,2.0181259337391855,12.259721701870479
7.032946253439464,2.094268734948849,13.066368161429411
7.1053293512002496,2.757015567635907,16.364774740716506
7.178457415956751,0.7996326909816581,2.884551296040949
7.252338114910866,0.7051079547488419,2.8924265678974233
7.3269791941753555,2.2202207987284894,12.583427444936726
7.402388479585985,1.7985340397502585,11.070153864268251
7.4785738775220425,2.7925595875606017,15.637609920853718
7.555543375735285,0.13721261298880003,0.009864686835487007
7.633305044187428,0.5400366279380979,2.972703847657386
7.711867035896253,0.7631357229803151,3.7695740890786738
7.791237587790413,1.3621360487628968,8.887377285277664
7.871425021573054,1.912058314483525,12.254355829578248
7.952437744594302,0.7255809623085104,4.024411165719565
8.034284250732753,1.3174218527775072,8.16930058076992
8.11697312128602,0.7051492382510437,5.008885008412334
8.200513025870444,2.1768269850484576,11.929552838305973
8.28491272333008,1.353021848847121,8.044913806665464
8.370181062655027,1.2960324399473684,8.947863248897225
8.4563269839092,0.1159277590969534,0.006989913555746805
8.543359519167682,1.8865352183685538,8.859711633770646
8.6312877934637,1.837302815023717,11.104227150973076
8.720121025745295,1.7105775439115716,9.381278306561178
8.809868529841992,1.402620042484885,9.117645184194267
8.900539715441251,2.134484175662501,12.783933801551129
8.992144089075056,1.5865860870658062,10.890200616433884
9.08469125511664,1.5315583431244475,7.400480029742984
9.178190916787463,1.1780321198316204,8.48199883494818
9.27265287717456,1.9787806661037932,12.927814345171114
9.368087040258361,1.674875035653519,10.475533796635048
9.464503411951085,1.179640807694224,8.350562714971266
9.561912101145818,0.7504038865668197,5.259392200590261
9.660323320776397,1.0461483775105211,7.34563216840508
9.759747388888192,1.9640284859572412,11.788447080366593
9.860194729719922,0.7607939039311775,3.476824050387163
9.96167587479659,2.406755136236506,13.530465337137958
10.06420146403368,1.2970962692138217,7.4838674725364935
10.167782246852706,0.6514891382761375,3.86839615698984
10.272429083308252,0.4687339425254501,1.6231886828104791
10.378152945226606,1.649677382612184,10.502808702077047
10.484964917356116,0.8922773454823874,5.447020278989625
10.592876198529385,1.277784916806726,8.330955942706309
10.701898102837424,0.6685310835279863,4.756122677368941
10.812042060815891,1.089735153309651,5.871148546807777
10.923319620643543,0.6411289570165889,3.1503958495707476
11.035742449353016,0.6422595539622744,4.13431118438138
11.149322334054071,1.666129336549889,10.046476909293233
11.26407118316943,0.7950107521495622,4.493467749325854
11.380001027683322,0.6291072700656658,3.421419249846873
11.497124022402897,0.9185696410132529,5.97187562434154
11.615452447232602,1.5272776944321178,9.53650621187349
11.734998708461688,0.2504240375625416,0.34207254885642563
11.855775340064962,1.0821169829022497,6.257852809477614
11.977795005016924,0.3077274424653729,0.7936405518271428
12.101070496619435,1.7297226741801954,12.285317738432951
12.22561473984305,0.9286051897360673,5.105502956401534
12.35144079268214,1.4423703136036898,7.745718420526876
12.478561847523991,1.1564249285924704,7.289975724194671
12.606991232531962,0.5140955005234948,1.6729008103154064
12.736742413042897,0.5536558012034495,3.50430884903869
12.86782899297892,0.8972991221517522,4.45783496382693
13.000264716273742,0.6115453817252662,2.3060735147376312
13.134063468313677,0.99947317541733,5.757516670196312
13.269239277393462,0.5232958103446423,1.8284368445428925
13.40580631618707,0.873080995081282,4.906680911730303
13.543778903233669,1.6820134203964598,10.679822560108722
13.68317150443886,1.3659641262812028,8.107635022025176
13.823998734591378,1.434517603573482,9.536439991514188
13.966275358895388,0.958999914323166,5.630296131661261
14.110016294518575,0.8142666593607941,4.372617433527317
14.255236612156143,2.234032430571224,13.596740546161485
14.401951537610922,1.3562263008186364,8.202346645836993
14.550176453389735,1.4790762021518231,7.688239064719596
14.699926900316205,0.40537309374543407,1.3750167651895115
14.851218579160136,0.15487681838572415,0.13278259916195
15.004067352283695,0.5292441902269698,2.0983517808096197
15.158489245304509,0.9854037629730197,5.139105277880676
15.314500448775899,1.2146094949717918,6.9907552503172505
15.472117319884427,1.0301049062427168,5.608143152991762
15.631356384164755,0.4993765721874755,2.178665130171415
15.792234337232482,0.5163403082486713,2.736067320209405
15.954768046534484,1.2570350756302324,6.984750921583259
16.11897455311744,0.7767593478883594,5.0454851193862
16.284871073414507,1.2739818180463394,8.109922186721418
16.452475001050423,0.2420006343211328,0.696391512905155
16.621803908665143,0.607141005555769,3.7673798212410903
16.79287554975626,0.4502342683517653,2.247271010472945
16.965707860540416,0.3376361751022166,1.1081156839412203
17.140318961833827,1.1522650968158028,7.280062119292036
17.316727160952187,1.7045439038937025,11.212574146932713
17.494950953630124,0.2530952668057288,0.6266806848340065
17.675009025960403,1.438255373015468,6.174644813260542
17.856920256353096,0.9314384400505038,4.914849772305443
18.040703717514916,0.5210122399444616,2.9230321500427503
18.22637867844891,0.8934552434621146,3.991712948369435
18.413964606474746,0.8042909220731541,5.0361492642917485
18.603481169269788,0.3531216200007281,0.8345878498970697
18.794948236931177,1.0492412602676708,4.857727931456812
18.98838588405913,0.4976349814590871,2.029204160949471
19.183814391861706,0.7527075779323685,4.637591993079235
19.381254250281188,0.9025285550452767,4.52644239160704
19.580726160142387,1.2940763953140912,7.904160073324723
19.78225103532306,1.3308105391803544,8.306490449506814
19.985850004946627,1.2594228204927962,6.510867848255552
20.191544415597495,1.1882611543280601,8.059004088486807
20.39935583355916,1.098883994100237,6.469549554946391
20.60930604707536,0.532037070456988,3.5104562922666274
20.821417068634478,0.589859590530859,2.4392888977890212
21.035711137277474,0.11481012345888632,0.052715918156079206
21.25221072092957,0.8744199017140857,5.355413994593614
21.470938518755915,0.7247989735352568,3.21901989114447
21.69191746354152,0.8796580484540304,4.873784937502087
21.915170724095667,1.069507567509177,6.321935322514553
22.140721707681067,0.4889205847302901,2.6648385698539037
22.368594062468038,0.4768148913254543,2.779423844993158
22.598811680013903,0.5533792808151557,3.1838026764255356
22.831398697767955,0.8573442041297078,4.727563343567685
23.06637950160217,0.6337480983050843,3.4189458370691037
23.303778728367956,0.5520272753329151,2.7313879336930076
23.543621268479257,0.19134737937620447,0.2698912858696394
23.78593226852221,0.18654137680832508,0.3652637328688708
24.030737133891666,0.40722089078373247,1.5449382562994978
24.27806153145486,0.5315850533536702,2.462053677593002
24.527931392242472,0.8570431335804783,5.52181169990804
24.78037291416741,0.8835622478637963,5.594622433164917
25.035412564771548,1.31778810765101,8.347267933052448
25.293077084000775,0.13035850828115356,0.009240962704062532
25.55339348700854,0.7606956048899042,4.5790962517891085
25.81638906698833,0.35981241869718145,1.1262216365226534
26.08209139803521,0.4517281920146555,1.641486083462868
26.350528338036913,0.6169616308340837,4.361756169535175
26.621728031594603,1.1515516313371685,8.613673252686558
26.895718912973738,0.7770183005582714,4.2101764523158405
27.1725297090853,0.39377479290972367,1.9322988688891942
27.452189442497694,0.768745355105147,3.841639539159799
27.734727434479723,0.6997270912281462,4.264781850900789
28.02017330807458,0.18411973023971973,0.18875750856370827
28.308556991206046,0.6266916713484549,3.3318047207256702
28.59990871981611,0.5926695951779611,3.3150851100140195
28.894259041035127,0.6653526446406781,4.603300913893406
29.191638816384597,0.7049527883504924,3.4639084216422082
29.492079225012855,0.40611950633642113,1.3924042818713847
29.795611766964097,0.6343030274528633,2.8415327570645377
30.102268266481044,0.19152057446408452,0.3566749951283537
30.412080875341594,0.11386268901626644,0.05358567708459758
30.725082076229803,0.6670176965970278,3.1830747053640636
31.041304686141583,0.10760881000052679,0.01486693857985718
31.360781859825444,0.08361909815646464,0.004269032696642313
31.68354709325863,0.8490305437073274,4.288448608478231
32.009634227159054,0.32508339590382856,0.9533827851267115
32.339077450533374,0.4125715304549184,2.349778475805942
32.67191130426158,0.12444095800574873,0.01715506207231958
33.00817068471846,0.172914150226618,0.13699203857165254
33.347890847432375,0.32575231190049025,1.2672977051902572
33.691107410781655,0.12738291636732546,0.035965804470024086
34.03785635972906,0.0699390577770755,0.003912920296916971
34.38817404959467,0.09257119001780564,0.011207517165726124
34.742097209867566,0.7243890191803307,4.1225804426672905
35.09966294805684,0.19019524058592654,0.3949644740831415
35.46090875358213,0.8138419179651505,3.9019601728712656
35.825872501704275,0.399114723822332,1.9244164666035257
36.19459245749636,0.8145130771588127,4.39569160704432
36.5671072798557,0.4278277962315967,2.4777060349617557
36.94345602555705,0.18686969818393215,0.3232883655218693
37.32367815334758,0.10540079075939622,0.01872133023616122
37.70781352808397,0.5630960913608951,2.652213574249231
38.09590242491209,0.08461794171308082,0.004380142656086054
38.48798553348969,0.19923519821535404,0.3305534202343715
38.88410396225259,0.3269077083928848,0.7860528343698426
39.28429924272467,0.7967645251735562,5.177960218445387
39.68861333387238,0.4507904686090218,2.812500560305694
40.09708862650395,0.1329892468043153,0.1384575512980549
40.50976794771385,0.7611620298281748,4.47774430543286
40.92669456537314,0.5115397082006553,2.4648181052033165
41.347912192665895,0.08104358711562115,0.006256514519001185
41.77346499267236,0.574893846222889,2.901311539442016
42.203397582999294,0.08905026896995148,0.009310377847717728
42.63775504045798,0.09169411579599614,0.011762658490527962
43.076582905790325,0.09000688191410573,0.008419959850629441
43.51992718844363,0.13931381749167326,0.1395762623391912
43.96783437139457,0.13706890472226674,0.13790238660730308
44.42035141602267,1.1036248307891257,6.577609597941782
44.87752576703409,0.2083406219895137,0.4297498963575398
45.33940535743603,0.38871358938291367,1.230895371212476
45.80603861356225,0.08144973514254487,0.008008598893368142
46.27747446015049,0.08846639913485753,0.009726739446412955
46.75376232547197,0.27592260648357353,0.6037303272711348
47.23495214651377,0.08919533874469458,0.006585840615176442
47.72109437421459,0.1368565424163274,0.08059893496978965
48.21223997875425,0.28714594854167075,0.5908679489519209
48.7084404548978,0.49953499669265417,2.5328460629416387
49.2097478273945,0.06772048145653174,0.0037862468267068055
49.71621465643256,0.3242474646802874,1.465099180590444
50.22789404314946,0.1705189767458761,0.21447248336571922
50.744839635199966,0.07101837208000529,0.003337824561667412
51.26710563238056,0.0981546072697661,0.059224267827063984
51.794746792312125,0.07941430068413048,0.004246282953271635
52.3278184361811,0.46230515982986686,2.8595934098835096
52.866376454539676,0.0664981020092185,0.0029939159471402913
53.41047731316575,0.15091670668341425,0.32097547531336446
53.96017805898312,0.07927334944363662,0.004808271289767422
54.51553632604262,0.3986336985590275,2.214213985343491
55.076610341564894,0.27907645168572653,1.125547536824197
55.64345893204524,0.2945882884875414,0.8609013676984074
56.216141529421385,0.4511909708458288,2.5952138121590718
56.79471817730467,0.08559650492928168,0.006975401519556838
57.37924953727541,0.08026491689131496,0.0108932515155969
57.96979689524306,0.06572052775030264,0.0027698728606990334
58.56642216787176,0.06886636923331178,0.005892517422644608
59.169187909072086,0.08234512742995208,0.0056203162463549505
59.778157316559614,0.07011090208817113,0.004076174303168411
60.39339423848093,0.30821040342955414,0.802205393846981
61.01496318010789,0.06933294201934963,0.005183103741996934
61.642929310600735,0.08683152359194551,0.008026558081244164
62.277358469840834,0.06318937801662841,0.005215225123725374
62.918317175333776,0.08066365402728373,0.0044414973956253415
63.565872629183445,0.08498193608815857,0.006624744188488497
64.22009272513792,0.0887000828074778,0.00849871765548271
64.8810460557079,0.08422849874225802,0.01001584620957161
65.5488019193583,0.3220735409956352,1.5698504522645251
66.22343032777404,0.06158789382235195,0.0029968749023977174
66.90500201320042,0.05314882092459683,0.0024507684424048552
67.59358843585916,0.5256392345088238,3.838572983120046
68.28926179144074,0.2886193028054852,1.0794401728274532
68.99209501867382,0.14291678211302697,0.13055839920641102
69.70216180697267,0.08155067620892571,0.0058700251083806535
70.41953660416308,0.07460477358101573,0.004653942413778275
71.1442946242881,0.06446108359429747,0.007320308066151902
71.87651185549379,0.07544525622119523,0.00882195490167098
72.61626506799647,0.06872345142489239,0.006569811017861162
73.36363182213161,0.44116976723001616,1.9606730828816332
74.11869047648584,0.3436084451353585,1.71386599998505
74.88152019611255,0.3103082402481547,1.3572021581520493
75.65220096083199,0.07176181739241076,0.006035174647608712
76.43081357361693,0.06846863673806519,0.005471269873858052
77.21743966906448,0.39566326294917836,2.29191892070979
78.01216172195518,0.06369264460281689,0.0028571162586765826
78.81506305590025,0.4642031377859373,2.7733041932773173
79.62622785207765,0.058335228650945155,0.002925241893778563
80.44574115805817,0.06377861828150637,0.0024297107851778037
81.27368889672245,0.05713044362211531,0.006015949426135802
82.11015787526955,0.06064551380107901,0.002812468994390291
82.95523579431843,0.06969995495034836,0.004448471534194158
83.80901125710298,0.0528493792589587,0.0016751023499375147
84.6715737787618,0.07523564830126787,0.004610131152152608
85.54301379572345,0.05347110028123768,0.0012250199725723845
86.42342267518845,0.06723771115765662,0.0036021543227455523
87.31289272470868,0.05897515071294283,0.00375891125600038
88.21151720186575,0.05295121420286988,0.0020756744990200193
89.11939032404797,0.05212638072746805,0.002247177941364739
90.03660727832975,0.06429604506463217,0.003944881983935916
90.96326423145088,0.1480979851202463,0.19436172669565882
91.89945833989943,0.059572485142247396,0.0035416754104497564
92.84528776009826,0.06543630255947941,0.0033639006257142733
93.80085165869636,0.046963925350177495,0.001923723148096839
94.76625022296605,0.06496276896656013,0.008084282948178399
95.74158467130731,0.05852256369845783,0.0022692136252728304
96.72695726386006,0.03830994150433107,0.001340219564664134
97.72247131322582,0.05738376433878762,0.0035732125847234915
98.72823119529966,0.06822224275790423,0.005934356957978712
99.7443423602135,0.054758189007007484,0.0031131499834843096
100.77091134339231,0.04066889802870224,0.0012476662345849699
101.80804577672387,0.05915115944288264,0.0034261549522715384
102.85585439984357,0.04549801636452042,0.00161699268397916
103.91444707153532,0.06537378422941928,0.0037855469126276443
104.98393478124994,0.06146433105096803,0.004050501096934814
106.06442966074185,0.06639548611795629,0.007387949342048855
107.15604499582577,0.058158665833800686,0.0021064165232477644
108.25889523825423,0.08050206752347996,0.010755318117922035
109.37309601771746,0.06350734800135685,0.004851826469455538
110.49876415396669,0.055123235172966294,0.0031399371992422752
111.63601766906231,0.06041730248853185,0.003680742895607063
112.78497579974798,0.06344770731022742,0.00481109990513543
113.94575900995217,0.05201711829619814,0.0017408441547567856
115.11848900341839,0.05407320303378278,0.0022394765208286547
116.3032887364653,0.05426608190053162,0.002261050844834929
117.50028243087829,0.05122076495586025,0.0021432694488872374
118.7095955869336,0.047799721534423044,0.0017782743405641579
119.93135499655658,0.06653243742463974,0.007267723285159015
121.16568875661537,0.05129633010510817,0.0019452884373742587
122.41272628235131,0.04854371769978999,0.0017810642706693794
123.67259832094773,0.04244933584702062,0.0010535946060851327
124.94543696523819,0.053227143170848916,0.0017486991562190176
126.23137566755601,0.0552456030580523,0.002993319584019653
127.5305492537262,0.05773317721747817,0.002765085481928121
128.84309393720147,0.039535054511984635,0.0009098493735173662
130.1691473333436,0.27649078104997676,1.051499303205611
131.50884847385205,0.047644803096289524,0.0037592823983709995
132.86233782134082,0.048994769258118166,0.0020138478853792426
134.22975728406536,0.0514006501632948,0.0020600388903773224
135.6112502308012,0.06027770068964321,0.0040426731490144086
137.00696150587572,0.05053968732882051,0.0024639330984558066
138.4170374443543,0.09596770030666066,0.03434094469084668
139.84162588738317,0.04964324123232166,0.0016635916060686886
141.28087619768996,0.04966762807199609,0.0027453007209511213
142.7349392752438,0.0575951867624912,0.003575659303753735
144.2039675730766,0.045546954476307945,0.0019633612301190356
145.68811511326726,0.038060956694442816,0.0009338797902059893
147.18753750309014,0.04713606336460752,0.0026838280180281598
148.70239195133013,0.04436890434518963,0.001849651867731323
150.23283728476517,0.04525925276031012,0.0022653193102225074
151.77903396481875,0.052438589143670396,0.003192850107936597
153.34114410438372,0.05030125637867435,0.0028396948224688394
154.91933148481908,0.05283362354802534,0.0027188157597767453
156.513761573122,0.03391755918947043,0.0009824082878173138
158.12460153927665,0.04687530184089082,0.0013975916929740645
159.75202027378003,0.03954617962693607,0.0011486667113557631
161.3961884053515,0.04358069708683905,0.001729909731832312
163.0572783188212,0.048238087474184135,0.00201339867627558
164.73546417320432,0.046152465962276644,0.007429458919112623
166.43092191996104,0.040133756354172406,0.0013704885061938737
168.1438293214443,0.05131463641562496,0.0022289151040411426
169.8743659695375,0.050737031295932315,0.004443578842727568
171.62271330448425,0.03405372583855219,0.001124388253772747
173.38905463391137,0.045369124792305544,0.004073005640021139
175.17357515204827,0.04915080870326944,0.0020834154048413015
176.97646195914368,0.06520418660945115,0.014727133010639012
178.79790408108252,0.03281682301531466,0.0011905299461458065
180.63809248920455,0.03949363352635644,0.0010448568244627208
182.49722012032694,0.3490319332898179,1.9379620785977838
184.37548189697299,0.040281139513776834,0.0007913746820724884
186.273074747809,0.0454331041036927,0.0012525690037362394
188.19019762829154,0.04324333828330192,0.0017342783217899822
190.1270515415272,0.07709244680721752,0.007716065116797526
192.0838395593469,0.04169907933591044,0.0021369870160092086
194.06076684359735,0.05555147861100465,0.005758334860366559
196.0580406676513,0.03079652115055774,0.0005528897776374674
198.0758704381397,0.038559403281889254,0.0010170323992538624
200.11446771690674,0.0338330329958853,0.0009253461440478538
202.17404624319175,0.0413991872635542,0.0017508747119718358
204.25482195603868,0.048930676231425135,0.0019122365790692113
206.35701301693658,0.038951421904799055,0.0011580623470044149
208.48083983269305,0.04104923437725479,0.0011503625826718793
210.62652507854295,0.03844002176740013,0.0014778314143106615
212.79429372149525,0.04521003317199331,0.0013066759473149485
214.9843730439197,0.035313729051372304,0.000933831639094001
217.19699266737683,0.0373456365136786,0.0019295839677793587
219.4323845766926,0.03323351584430184,0.00103633259405001
221.69078314428148,0.043780239966401915,0.0013471319475043646
223.97242515471916,0.043757140422943104,0.0023660634699342797
226.27754982956876,0.039086946737326315,0.0016092191768807935
228.6063988524622,0.041675611577353035,0.0038009159716079913
230.95921639443995,0.0311736123754034,0.0011090485731643253
233.33624913955123,0.03774203673814814,0.0014354333504010797
235.73774631071805,0.04158664237073007,0.0014062976504323284
238.16395969586532,0.036046637430057066,0.0010674212401780583
240.6151436743197,0.04052832559838508,0.002449514053771633
243.09155524348054,0.03287282887176533,0.0010356241300186675
245.5934540457649,0.03711059470918406,0.0010265215178317478
248.12110239583012,0.0357402015601325,0.001061212520724576
250.67476530807662,0.04278322593548644,0.0013084253795792203
253.25471052443356,0.03725699354106277,0.0011113703763127906
255.86120854243057,0.040991431013605265,0.002393250512734122
258.4945326435585,0.03305285993372844,0.0008435706415460195
261.1549589219219,0.02829793317689745,0.0007609474752463259
263.8427663131862,0.03803415454966566,0.000996458115227287
266.55823662382363,0.039537532554696754,0.00101086200429739
269.301654560659,0.03613487818866723,0.001570887430203911
272.07330776072047,0.034138492911994105,0.0008300590749553316
274.87348682139697,0.036297345225422356,0.0013591110320386479
277.70248533090654,0.03716109557132962,0.0012036986532034065
280.5605998990777,0.030528943970719737,0.0007439328553199102
283.4481301884486,0.03182230749398549,0.000982161457359567
286.36537894568295,0.034459402361504174,0.0009410154852202961
289.3126520333157,0.029819989469002346,0.000975577347213771
292.29025846181906,0.04003068502232364,0.001146580013421536
295.2985104220015,0.03076764186908573,0.0005997468639578967
298.3377233177402,0.03672005373667786,0.0010745376478703253
301.4082157990495,0.036338733875024905,0.0009908807669025876
304.5103097954905,0.02558738927872699,0.000785391242136882
307.64433054992395,0.030906126885218002,0.0007811220825997158
310.81060665261083,0.03726369936204591,0.0020381337231510626
314.00947007566384,0.033760497754840066,0.000854485999659688
317.24125620785327,0.023218724494142598,0.00043209291928245866
320.5063038897714,0.027272659015513488,0.0009695589010786401
323.8049554493587,0.021365262107560037,0.00063980732990073
327.1375567377953,0.03246752626535926,0.0008034059704343185
330.50445716576263,0.0363232325074777,0.0011170279086798963
333.9060097400775,0.028022953904505005,0.0007449747133110921
337.34257110070354,0.03357461459987568,0.0010249588571375288
340.81450155814383,0.030219521360391296,0.0005718569434854646
344.3221651312178,0.03655563082672275,0.0009489295409027332
347.8659295852274,0.028423730323474,0.0004606487300933559
351.44616647051566,0.03363315470465968,0.0006435128211933498
355.06325116142284,0.028891338366829833,0.0007273801614710487
358.71756289564246,0.02565773850627588,0.00041714263404775236
362.4094848139833,0.032274779803014374,0.0010132251607270861
366.1394040005401,0.03157751634418622,0.0006994066511621
369.90771152327795,0.03273044626849111,0.0006639656267468958
373.7148024750343,0.027610339567087496,0.0008323807275876248
377.56107601494284,0.026377921282359648,0.0005212342827301896
381.44693541028397,0.028560803599554315,0.0007435246342737719
385.37278807876584,0.02954367263441612,0.0007576932381080479
389.33904563124037,0.03031289957849409,0.0004838942368801993
393.34612391485945,0.02903922805043823,0.0009169981386863134
397.3944430566745,0.0318057103820463,0.0007201850536822411
401.4844275076856,0.02595855865819123,0.0005266548702622668
405.61650608734345,0.023809371100492246,0.00044636716404341083
409.7911120285093,0.030427665340005412,0.0008580906610652208
414.0086830228781,0.0234679291992149,0.0005063102437835422
418.26966126686847,0.029740684588591373,0.000763757108379457
422.5744935079856,0.028214802857112115,0.0005030106892457137
426.9236310916611,0.026281531827200007,0.0007157048023665805
431.31753000857447,0.02905639591076767,0.001064900778619465
435.75665094246233,0.0324712070808625,0.0009136032801739227
440.24145931841934,0.03333740289183172,0.0009172208942372767
444.77242535169626,0.027426750122641542,0.0004689294265559094
449.3500240970001,0.020607672856258332,0.0002458897979049711
453.9747354983019,0.033437246800744794,0.0018000814579421194
458.6470444391573,0.020592158734422456,0.0003388045741985656
463.36744079354423,0.025524044904248894,0.0005066057529248745
468.1364194772249,0.02409735707269495,0.00041940704051306947
472.9544804996353,0.027418281511925352,0.0004381994662017248
477.8221290163099,0.02673293374796962,0.0005190062416666933
482.73987538184485,0.022299955745867506,0.0004705145643742754
487.70823520340684,0.020474094988254147,0.00033953987463796294
492.72772939479273,0.0309181155127947,0.0011909025475732092
497.79888423104524,0.023252725475465297,0.0005736796843998162
502.92223140363086,0.02355519557165512,0.0005381051647911098
508.098308076187,0.02920623465944391,0.0006779666343035444
513.3276569408371,0.025168737248750784,0.0004755849075766121
518.6108262750961,0.02782130256427127,0.0005424994654313016
523.9483699993517,0.0258269596479126,0.00048182111354955876
529.3408477349408,0.01775741726842028,0.00020858535353610063
534.7888248628248,0.025936272912439832,0.000450896889678232
540.2928725828668,0.022406726626757047,0.0003619083185568211
545.8535679737204,0.022148648513980518,0.0003669849395969961
551.4714940533336,0.017449010517222825,0.00030669447472967656
557.1472398400766,0.026654267805782866,0.00045402329998378555
562.8814004144979,0.025225226377801207,0.0005546891582728548
568.6745769817161,0.02000162026868698,0.0002343303673808549
574.5273769344543,0.015840922261795422,0.0001703967767506295
580.4404139167228,0.021421050218570537,0.0003152441529872467
586.4143078881574,0.0166143434049361,0.00021318021172632927
592.4496851890195,0.03325695633673418,0.0010645663527973513
598.5471786058663,0.024407915183716027,0.0004903727928349119
604.7074274378949,0.019371650766556257,0.00023899177395842944
610.9310775639718,0.020186614698087652,0.000310983902002071
617.2187815103498,0.019502618276242303,0.00025901643277010815
623.5711985190832,0.021683497833628284,0.0003768568339147059
629.9889946171471,0.02439302744276776,0.00038022395867711204
636.4728426862677,0.02124954336123613,0.0003124801104611803
643.0234225334711,0.01926164901726589,0.00031968202372276416
649.641420962359,0.020331111470821776,0.00032762559815725995
656.3275318451172,0.019451682852703624,0.0002122124485271748
663.0824561952651,0.020220256734227438,0.00027847337314399335
669.9069022411554,0.01919669703025334,0.000209916623029939
676.801585500228,0.022203497198541988,0.0003783901835774492
683.7672288540301,0.022687328261693864,0.0004015949085237401
690.8045626240072,0.020905370484884892,0.0002970735141909642
697.9143246480745,0.01714587179372096,0.00026887759325525655
705.0972603579769,0.018328962716606383,0.0002765202604386809
712.3541228574442,0.02474409095077702,0.0005627562790292811
719.6856730011514,0.015736823405536223,0.00020202310701319275
727.0926794744915,0.02324418157724436,0.00030399177110359134
734.5759188741692,0.02220213322713106,0.00034522786360794637
742.1361757896241,0.023725985453854154,0.0003933226842015627
749.7742428852919,0.01962360494836128,0.00027632878910476667
757.4909209837125,0.02085023166592213,0.00037542614401240833
765.287019149493,0.014931950290382976,0.0001713994053705251
773.163354774135,0.0179498337072433,0.000214125176566941
781.1207536617355,0.018435229400706018,0.00028705470059289004
789.1600501155688,0.019622098641955816,0.000273118818349886
797.2820870255604,0.021600371661599144,0.00031873886539247334
805.4877159566604,0.015691073957485834,0.00020421153233641777
813.7777972381275,0.02313370996346421,0.0003522399874956439
822.153200053731,0.0199514042340472,0.0002839556803734258
830.614802532881,0.017460641098287166,0.00020916588711978885
839.1634918426977,0.02035781820802892,0.00024736905612546685
847.800164281027,0.017937104728267556,0.00029956461810138967
856.5257253704144,0.014661201122223808,0.0001444810258330028
865.341089953045,0.016718183359685106,0.00020975251401800558
874.2471822866618,0.0160963355373351,0.00021380948172040778
883.2449361414705,0.018278353717529557,0.0003734429989628975
892.3352948980415,0.023799908161161447,0.0004093886490659889
901.5192116462205,0.021101976572494324,0.000356743337028352
910.7976492850571,0.0214988718366365,0.0005304511335172621
920.1715806237551,0.019980910881785524,0.0003237750988712773
929.6419884836777,0.021817038404938364,0.0005175625616252275
939.209865801386,0.017776697576354878,0.000266980917934916
948.8762157327465,0.016889899073203197,0.00021305969460299278
958.6420517581076,0.01946875358225827,0.00038898402753723783
968.50839778856,0.01754902477883088,0.0005068299446641157
978.4762882732892,0.01462111991231639,0.00016251598218686535
988.5467683080342,0.01761441655766866,0.00021500526862469453
998.7208937446612,0.02455493114869015,0.0004541266923976132
1008.9997313018665,0.015605266285077413,0.00015657180988661146
1019.384358677017,0.0164919719915324,0.0002333964441446536
1029.8758646591436,0.018950517236987093,0.0003760218939972576
1040.475349243096,0.016310642469136105,0.00019982193333330543
1051.183923744873,0.014821259757116732,0.00015405190448451397
1062.0027109181406,0.02143662485105072,0.00030582527367899827
1072.9328450719477,0.015143202215627224,0.00012838913099761352
1083.9754721896538,0.01494546786493715,0.00017494227791376913
1095.1317500490825,0.020369601079390797,0.00027969993852978444
1106.4028483439083,0.017330256519006285,0.000211800037089634
1117.789948806296,0.018437102972178654,0.00032316479764144684
1129.2942453308003,0.018774987594515586,0.00025390854318377596
1140.9169440995413,0.016997606227630545,0.00021732133725092286
1152.6592637086678,0.014893659036766699,0.00021846149391812077
1164.5224352961227,0.017603654214579354,0.00017876481163679563
1176.5077026707233,0.01776427914834812,0.00033664393246954886
1188.61632244257,0.012929275122579536,0.00013331513739524666
1200.849564154797,0.010268524847981098,7.299710966069252e-05
1213.2087104166792,0.01967789187003523,0.0002172146729706604
1225.6950570381084,0.018240073483576407,0.0002985316149024481
1238.309913165455,0.015817871557205203,0.0001921428748946917
1251.054601418827,0.01789663416188362,0.00022808471323405106
1263.9304580307403,0.016785889273582738,0.0001903324267771989
1276.9388329862197,0.015710378567766945,0.0001864276578194291
1290.081090164338,0.01441372439998415,0.00024386140668273523
1303.358607481215,0.016996693920210765,0.00025610211175915203
1316.7727770344852,0.014918490633852735,0.0001943450336295062
1330.325005249256,0.014345329370702115,0.0001446975068018418
1344.0167130255643,0.01350262841488826,0.00015428597675917267
1357.8493358873532,0.014168587435709281,0.00018023411128538825
1371.8243241329815,0.013075531488713371,0.00013661206987712295
1385.9431429872818,0.019462306181952802,0.00024114493121447803
1400.2072727551836,0.014512897524088837,0.00021631492690729246
1414.6182089769181,0.012361008022071728,0.00011893350930057412
1429.1774625848193,0.012817135122547372,0.0001357055775855876
1443.8865600617405,0.014868915856997249,0.00016071348966531444
1458.7470436010994,0.012501944692769182,0.00017254742712492072
1473.760471268572,0.016302843742944034,0.00019517921387004258
1488.9284171654492,0.015333232335916233,0.000182221994483052
1504.2524715936759,0.01112618525411987,0.00010775652179224855
1519.7342412225878,0.01354724063531406,0.00011952696168325943
1535.375349257365,0.012414740531819223,0.00011976934316810256
1551.1774356092187,0.010960611857591975,0.00011600032140828745
1567.14215706733,0.019295524415168772,0.00024342216199637896
1583.2711874725571,0.015590543982752836,0.00021261588356398376
1599.5662178929326,0.014857453541658641,0.0002001201920346594
1616.0289568009644,0.01445443927136892,0.00013349025178812735
1632.6611302527667,0.010991407723566951,9.330897811918465e-05
1649.4644820690169,0.01349286218191289,0.0001428715084714444
1666.440774017808,0.0114739485449853,9.086535881201765e-05
1683.5917859993515,0.013370222513052447,0.0001343983654473719
1700.9193162325946,0.0126495973738053,0.00010706197463384453
1718.425181443759,0.0110739582981591,6.9812989092022e-05
1736.111217056815,0.012928985168696595,0.00012087482275854609
1753.9792773859215,0.0099866058859717,7.887179486749882e-05
1772.0312358298422,0.013780103453263639,0.0001258481044256027
1790.268985068365,0.015944393319452688,0.0003152159331382326
1808.6944372607422,0.014613419910420533,0.00013353190332009968
1827.309524246173,0.013138519145688662,0.0001455134952629189
1846.1161977463494,0.01426009792786191,0.00016245414065160758
1865.116429570088,0.014708471900225829,0.00016421483305181618
1884.3122118200656,0.01594622493947238,0.00012644751766019993
1903.705557101684,0.013899575526231623,0.00014008387612457121
1923.2984987340835,0.012751741627036003,0.00010960385394486312
1943.09309096333,0.015303252238772767,0.00019075396182238223
1963.0914091777943,0.017113878001982656,0.00023829381270112004
1983.2955501257482,0.014190356248242303,0.00016743284465087178
2003.7076321352015,0.011856803752745558,0.00010771302166224774
2024.3297953360004,0.010391681934507215,8.643044535601285e-05
2045.1642018842117,0.015543658750866648,0.0001649709016580374
2066.213036188817,0.012712075655063226,9.686823067388284e-05
2087.478505140741,0.011753702301101914,9.662694338578314e-05
2108.9628383442328,0.009224047369786697,7.4256351424022e-05
2130.6682883506337,0.011069057545955935,7.828892513813944e-05
2152.5971308945486,0.012574954181783714,0.00011927210001511063
2174.7516651324477,0.015383208751062945,0.00016549117767341957
2197.1342138837235,0.013543028441496454,0.00012535241166800938
2219.7471238742323,0.010851805974187959,8.206848812752965e-05
2242.592765982337,0.012624175732256994,0.00011368360023410233
2265.673535487485,0.010911676374309757,0.00010372928004204847
2288.991852321346,0.00930301556357784,5.726086692518823e-05
2312.5501613215306,0.009782848655937376,5.668585364308698e-05
2336.350932487924,0.01145249969893503,0.00014179477928956736
2360.3966612416557,0.00972218629920843,6.67193282132432e-05
2384.6898686867335,0.013888100303311977,0.00014116615798263449
2409.233101874374,0.01291795819009958,0.00010296281497994129
2434.02893407005,0.011822737497478045,8.971599443318687e-05
2459.0799650232884,0.013542526970949124,0.00015057132123268656
2484.388821240243,0.010489952881197891,8.691453567201501e-05
2509.9581562590756,0.0114374781993761,6.890070748086677e-05
2535.7906509281675,0.01225601858591676,9.773877827790452e-05
2561.889013687197,0.012405687600166035,0.00015337984228268482
2588.2559808511096,0.010136847521600602,7.153199052428297e-05
2614.8943168970113,0.010035014070952777,6.476139619088786e-05
2641.8068147540107,0.009993532492792726,7.630754516278803e-05
2668.996296096049,0.013629568833314468,0.00015696564421417133
2696.465611637742,0.011131341624604944,9.35279605769593e-05
2724.2176414332657,0.01113733788302652,8.261941125628814e-05
2752.2552951783214,0.010086289912849475,7.59274678634046e-05
2780.581512515203,0.01072761306606479,8.932181395194746e-05
2809.1992633410096,0.011940457243978967,0.00010509611142590217
2838.111548119028,0.01174646441503173,9.580660986829514e-05
2867.3213981933195,0.0133299259451279,0.00014470258424876265
2896.831876106544,0.011860953741425694,9.61579544282666e-05
2926.646075921064,0.007408526963832746,4.7167677374440106e-05
2956.7671235433195,0.011691586378216308,0.00012059574474831996
2987.1981770516054,0.009561427580984196,6.102282303713858e-05
3017.942427027158,0.011265308272622971,0.00010982196779192141
3049.0030968886826,0.009959817628857474,7.595421391151296e-05
3080.383443230317,0.011350790913020216,0.00012916366574561362
3112.0867561630735,0.010136559934865853,0.00010533403805616392
3144.116359659792,0.012638703263648248,0.00012901551374493736
3176.4756119036497,0.010397056793629048,7.476504594510436e-05
3209.167905640251,0.010878173622014794,9.278861987593726e-05
3242.1966685333464,0.011271017818306478,7.590275726170628e-05
3275.565363524208,0.009973049492855162,8.849260461328829e-05
3309.277489194707,0.01008480836595604,6.965922163960408e-05
3343.336580134127,0.00728787881951146,4.090690932849358e-05
3377.746207309752,0.007908263143234034,5.913115405062722e-05
3412.5099784412682,0.012727052263093524,0.00017229939688325288
3447.6315383790215,0.007202772725146905,4.9217074379137784e-05
3483.114569486165,0.008652150933886292,6.171493395530867e-05
3518.96279202474,0.00882564629322926,4.9738528081968295e-05
3555.1799645457336,0.008581420189899968,5.264285542029497e-05
3591.7698842831483,0.007315124871340716,4.158874639369596e-05
3628.736387552126,0.010315157116287322,7.630694496027512e-05
3666.0833501511725,0.010728469451331622,9.993311883532616e-05
3703.8146877685194,0.009452806448444645,7.145885684633643e-05
3741.9343563926714,0.009911311439674194,5.35699425848371e-05
3780.446352727174,0.009801143722930195,6.946484900237388e-05
3819.3547146096544,0.0090868141235608,6.148017666874681e-05
3858.6635214351736,0.008197711543306575,4.7001576698390546e-05
3898.3768945839342,0.009841141786005357,7.568173853601581e-05
3938.498997853394,0.008228609965736372,5.222746904271161e-05
3979.0340378948217,0.009312379377742564,6.48373688076814e-05
4019.986264654351,0.009228898275880896,6.788432209714342e-05
4061.3599718185696,0.008545297669001157,4.6136698935460364e-05
4103.159497264697,0.009914900436454785,5.734225142761112e-05
4145.389223515393,0.007766155836975026,5.002916649743861e-05
4188.053578198252,0.008849311668923221,8.564480279935352e-05
4231.157034510019,0.008734605072178504,5.868563161672421e-05
4274.70411168559,0.009761131902641428,4.612736503479567e-05
4318.699375471838,0.009496464320440236,7.38846284139907e-05
4363.147438606309,0.010652788623712167,8.157091404759779e-05
4408.0529613008575,0.00858934703466426,4.1580529958598264e-05
4453.4206517302455,0.008115889278266465,4.260205256405231e-05
4499.255266525779,0.006920173556804115,4.250735486078365e-05
4545.561611274027,0.008081470763481858,5.040692924650817e-05
4592.344541020663,0.009283868324590308,8.004840790304258e-05
4639.608960779501,0.008149646038129756,5.929062488355588e-05
4687.359826046769,0.008842614978397584,6.785244479400293e-05
4735.60214332067,0.006214520955706992,2.4624835130772764e-05
4784.340970626301,0.007905333042967757,5.122425941448593e-05
4833.58141804596,0.006966965076108573,3.1097224653177216e-05
4883.3286482549265,0.009503674455812386,6.821275155089562e-05
4933.587877062741,0.007557710862464584,5.658247750368203e-05
4984.364373960072,0.007209887767280834,3.57680715450601e-05
5035.663462671192,0.010050096020335329,6.926704927439194e-05
5087.490521712158,0.006780279511024168,4.1310408757631546e-05
5139.8509849547245,0.007702334239857043,3.645168715530206e-05
5192.750342196066,0.007745940592896416,4.319047483996873e-05
5246.194139734373,0.00901207532066204,5.710838085013441e-05
5300.1879809503125,0.006763846949909107,4.386941570024048e-05
5354.737526894596,0.008936710887840012,5.3957240893408016e-05
5409.848496881465,0.006597945103435068,2.8080736296506047e-05
5465.526669088355,0.007184905307846057,4.512373061251045e-05
5521.777881161721,0.006978678407768247,4.472449991169605e-05
5578.608030829082,0.009212367352204818,5.7254836560239055e-05
5636.023076517386,0.006963024278447714,3.3026472086649515e-05
5694.029037977719,0.006514207509171003,3.302690591593883e-05
5752.631996916461,0.006582148017591449,3.532740536060676e-05
5811.838097632927,0.006951737970228037,2.7691740593739258e-05
5871.653547663573,0.008631270431845462,5.1913923249435876e-05
5932.084618432832,0.006629538035763561,2.7081511052093785e-05
5993.137645910653,0.008038268726030636,3.446385688128041e-05
6054.819031276799,0.006941654574606259,4.1048856368631096e-05
6117.135241591992,0.006371171989904457,2.6964897191636334e-05
6180.092810475951,0.00782859323584544,5.217398916712018e-05
6243.698338792429,0.007489947073223943,3.828380932723156e-05
6307.95849534128,0.005738291189751164,2.1511496201991094e-05
6372.880017557658,0.007562378340337039,7.027581722609475e-05
6438.469712218419,0.006055268941363151,2.3317716293463386e-05
6504.734456155777,0.008219549286043728,6.271986969539656e-05
6571.681196978318,0.006938151305581436,3.734114448410999e-05
6639.316953799433,0.006071348474558624,2.9085317608913287e-05
6707.64881797324,0.005611392889694835,2.9170910438788243e-05
6776.683953838089,0.007069976315225497,4.527130125203362e-05
6846.429599467717,0.007169579291005191,4.434071217995935e-05
6916.893067430131,0.006658614097508446,3.487770446187944e-05
6988.081745554302,0.005636782590714483,2.4631270910431094e-05
7060.003097704754,0.006352955705156689,3.162969147190767e-05
7132.664664564119,0.007071975429732268,3.307968678560557e-05
7206.074064423752,0.005240984196623214,2.2030149319785073e-05
7280.238993982479,0.006947087443863652,3.9156775509784735e-05
7355.167229153565,0.006463188455975744,3.554327672743115e-05
7430.866625879992,0.006622573495259556,3.684985094515372e-05
7507.3451209581235,0.0061185890183619055,2.9136841613948712e-05
7584.610732869848,0.007506871297001251,3.32560237320275e-05
7662.671562623287,0.006928046821033096,3.426416660780815e-05
7741.535794602154,0.00688859153069826,3.7042082958413605e-05
7821.211697423859,0.007581368936307635,5.2736154278939685e-05
7901.707624806436,0.005689424375211126,2.9280445414619146e-05
7983.0320164444065,0.006243976365655632,2.171303340999216e-05
8065.193398893645,0.007100011875142537,4.1270482074939e-05
8148.200386465357,0.006788253526641785,4.6588394156400615e-05
8232.061682129255,0.00663081155768236,3.6829015140183665e-05
8316.78607842604,0.0060901002606096755,2.4556188074596316e-05
8402.382458389251,0.007351013040715342,3.510969886638629e-05
8488.859796476638,0.005641599928026346,2.4138373530171588e-05
8576.227159511081,0.00679388984778928,3.415694044853026e-05
8664.493707631224,0.0056774362828153355,2.912842828861878e-05
8753.668695251878,0.007055989903770022,4.304683570907069e-05
8843.761472034308,0.006259197247776911,2.506207144793312e-05
8934.781483866514,0.004129622264837099,1.3760193857132746e-05
9026.738273853596,0.007869118925826327,4.649969951608639e-05
9119.641483318312,0.006598054236514591,2.880487642106575e-05
9213.500852811932,0.005332010340128781,2.1921336244932443e-05
9308.326223135522,0.004343280509099231,1.567408161748586e-05
9404.127536371636,0.007895810897444183,4.379339498053567e-05
9500.914836926819,0.00603155652771521,2.75709585571522e-05
9598.698272584648,0.005577732067076293,3.0332048256746405e-05
9697.488095569715,0.0060221747275684984,2.8681117053233817e-05
9797.29466362253,0.007198226911150135,3.6147000097258035e-05
9898.12844108548,0.00655908777425057,2.8860025336957343e-05
10000.0,0.006303907654361094,3.0408601293527154e-05
