a,Mean Deviation,Variance
0.0001,0.0003977103066020734,1.3054805780921614e-07
0.00010102920021214988,0.0003129151075697575,8.505147210348624e-08
0.00010206899295506665,0.0003387595802155339,7.238085925298633e-08
0.00010311948724709944,0.000405593749794218,1.5800516197039747e-07
0.00010418079322861446,0.00032082373771339057,8.479406582563878e-08
0.00010525302217354278,0.00032503787755392175,7.712916314204141e-08
0.00010633628650104704,0.00033097730645375976,8.013742569653613e-08
0.00010743069978730812,0.0002972481683066255,8.010308145863168e-08
0.00010853637677743319,0.0003782301374343314,1.0382982360765243e-07
0.00010965343339748633,0.00033225229709517995,1.017065030608633e-07
0.00011078198676664289,0.00032746659788858944,7.958520632212475e-08
0.00011192215520946903,0.00040220925833086624,1.3696377279204481e-07
0.0001130740582683276,0.0002972020511850051,7.935517114977527e-08
0.00011423781671591171,0.000382044540947283,1.3039390163482576e-07
0.00011541355256790726,0.00036725868564269564,1.1430365843958614e-07
0.00011660138909578599,0.000344817785586137,1.0772085886589082e-07
0.00011780145083972953,0.00034418851008805555,7.93238061600661e-08
0.00011901386362168765,0.0003452058329794408,1.0371478955394335e-07
0.00012023875455856984,0.00032697171856829965,1.0977526178234723e-07
0.00012147625207557301,0.0003385648924576273,7.969396594814595e-08
0.0001227264859196465,0.0003499345531550976,1.1364895244463496e-07
0.00012398958717309562,0.00030811781350480953,8.967671590587061e-08
0.0001252656882673249,0.00030124367560771363,7.110347073193586e-08
0.00012655492299672318,0.0003749353766082853,1.3719473467040608e-07
0.0001278574265326916,0.00039247759777166866,1.436526545974974e-07
0.00012917333543781541,0.000408240838382784,1.3821951956188008e-07
0.00013050278768018248,0.0003685734104486786,9.81603489410181e-08
0.00013184592264784843,0.0003798382732164413,1.072519269683474e-07
0.00013320288116345106,0.00031223483538507816,7.654911296783169e-08
0.00013457380549897503,0.0003676292549424624,9.032248814689304e-08
0.00013595883939066867,0.00038854702457433805,9.70757594679363e-08
0.00013735812805411394,0.00034219600759277316,9.744211808481388e-08
0.00013877181819945197,0.0003611465777522616,1.3292451989366474e-07
0.00014020005804676498,0.00035033720810258653,9.592802092919756e-08
0.00014164299734161653,0.00032999895811034624,9.361347472472174e-08
0.0001431007873707519,0.0002997471812123953,8.548994388772543e-08
0.00014457358097795983,0.00043142594260379594,2.0174540745185794e-07
0.00014606153258009765,0.0003637858992685506,1.0589417780342164e-07
0.0001475647981832814,0.000405045005685438,1.2670194174298992e-07
0.00014908353539924227,0.00038127832369165695,1.5201179968026832e-07
0.0001506179034618518,0.00043782083328579915,1.2701184112783038e-07
0.0001521680632438169,0.0003472960588500746,8.577678513339999e-08
0.00015373417727354677,0.00031650787517234084,8.752293025618295e-08
0.000155316409752193,0.0003732333729384917,1.0581165829951646e-07
0.00015691492657086612,0.00035898697458957657,1.1729957445896328e-07
0.00015852989532802832,0.000302388392181682,8.038732642691224e-08
0.00016016148534706535,0.0003504788551786369,1.100181477431429e-07
0.00016180986769403976,0.00043775630003813765,1.8825086537036213e-07
0.00016347521519562624,0.00046860104751861894,1.89656397688332e-07
0.00016515770245723212,0.00035405955196807736,9.626456178513047e-08
0.0001668575058813038,0.00039274519566948616,1.1684874434884095e-07
0.0001685748036858222,0.000359748469691547,1.072143186421124e-07
0.0001703097759229879,0.00037409297588897246,1.0926084526871536e-07
0.00017206260449809926,0.0003681695411392475,1.2558918320544668e-07
0.00017383347318862432,0.00043455082615763294,1.8660348422715844e-07
0.00017562256766346913,0.00037062770226500754,1.1671287159473156e-07
0.00017743007550244464,0.00045712814288891425,1.5276447651963455e-07
0.0001792561862159335,0.00041397323357921206,1.71410166236195e-07
0.00018110109126475967,0.00039782349950988815,1.210632292402661e-07
0.0001829649840802623,0.00041264221146625554,1.3413540959444235e-07
0.00018484806008457636,0.00039872003147688406,1.1653566531646817e-07
0.00018675051671112174,0.000501957231689183,2.5767075995480175e-07
0.0001886725534253036,0.0004092685457142417,1.3732237300770752e-07
0.00019061437174542543,0.0005171807316218275,2.2025133117850885e-07
0.0001925761752638175,0.00034838621590524194,1.2160178509307137e-07
0.00019455816966818283,0.00047478780047427254,2.7357047235159e-07
0.0001965605627631627,0.00041916116494795155,1.5898479361399323e-07
0.00019858356449212417,0.00044620083572474814,2.360013351746383e-07
0.0002006273869591719,0.00045364625852761407,1.799123844844406e-07
0.00020269224445138646,0.00038768007173708275,1.3252903726819822e-07
0.00020477835346129148,0.0004167945136121994,1.5128157334974385e-07
0.0002068859327095521,0.0004891953228885288,1.632826367396675e-07
0.0002090152031679071,0.0003978085993077445,1.1733806709852692e-07
0.0002111663880823369,0.0005060474138180998,2.470177514716854e-07
0.00021333971299646953,0.0005328236225125896,2.2270540048058294e-07
0.00021553540577522913,0.0004854659769818539,1.8811284663212519e-07
0.0002177536966287259,0.000492012496738804,2.022127271616699e-07
0.00021999481813639296,0.00046100141667971043,1.844147910143062e-07
0.00022225900527137146,0.0005459771358367201,2.6441705979676213e-07
0.00022454649542514663,0.0005071573884516624,1.9154603807564011e-07
0.00022685752843243733,0.0004561197542452811,1.5839439471727248e-07
0.00022919234659634196,0.000494515821451978,1.8223819703415215e-07
0.0002315511947137428,0.0004974328640070622,2.0879624588079817e-07
0.00023393432010097222,0.0004778708136436354,1.8797597140849155e-07
0.0002363419726197428,0.0004669868706848672,2.0601919573151023e-07
0.0002387744047033444,0.0004743619664432044,2.0183960697330045e-07
0.00024123187138311083,0.0005316238307326508,2.2197520394770053e-07
0.00024371463031515894,0.00047885729992554806,1.9036879291474197e-07
0.00024622294180740283,0.000503736622148595,2.0807123507473294e-07
0.0002487570688468463,0.0004827342677654956,1.7158320219624673e-07
0.0002513172771271559,0.0004621511466065398,1.869386704141417e-07
0.00025390383507651785,0.0005323646242214715,2.472218722916876e-07
0.00025651701388578206,0.0006136252313393567,2.9380650896774694e-07
0.00025915708753689504,0.0005509738078997917,2.6615353439627287e-07
0.0002618243328316262,0.000496760660487975,1.9175658663931826e-07
0.00026451902942058934,0.00046747922965184515,1.7086168406713335e-07
0.00026724145983256285,0.000595020421653271,2.831227977584052e-07
0.000269991909504112,0.0005700332729638341,2.8783178741456733e-07
0.0002727706668095161,0.0006179024763321629,3.4648198936838636e-07
0.0002755780230910023,0.0005363611730847452,2.717171146803285e-07
0.00027841427268929334,0.0005174537016973277,2.1971119696397177e-07
0.00028127971297446706,0.0006493913156999373,3.7664542825223584e-07
0.00028417464437713487,0.0005392700592654006,2.453385206585114e-07
0.0002870993704199405,0.0004916318384037062,1.6000602733579663e-07
0.0002900541977493835,0.0005699473225426084,2.773067091438065e-07
0.0002930394361679698,0.0005899164455366226,3.194827526851452e-07
0.00029605539866669334,0.0005740362750981622,3.3218539076705707e-07
0.00029910240145785213,0.0005644848816885163,2.876181055436023e-07
0.0003021807640082017,0.0005939480783209345,2.3895044115950294e-07
0.00030529080907245026,0.0005237296320128351,2.403237974351911e-07
0.00030843286272709796,0.0006126176380331113,3.260394374158008e-07
0.00031160725440462523,0.0006152161769246384,2.84831549771635e-07
0.000314814316928032,0.0006546697084599435,3.980467054308437e-07
0.00031805438654573353,0.0006455430142556129,3.463319240446714e-07
0.00032132780296681424,0.0004667171170490782,2.183739057342429e-07
0.0003246349093966452,0.0006462115709939403,3.7516147802173846e-07
0.00032797605257286805,0.0006301400189371495,3.891026238515595e-07
0.00033135158280174883,0.0005041503591587315,1.9765346536060373e-07
0.0003347618539949064,0.0005910789110874221,2.931154015377769e-07
0.0003382072237064188,0.0006118101861101597,3.5363707379297123e-07
0.0003416880531703115,0.0005382329609195948,2.909305507977171e-07
0.00034520470733843115,0.0007395630938373969,4.2424162363319567e-07
0.00034875755491870967,0.0005462316607240485,2.1243642659818893e-07
0.00035234696841382175,0.0005804160999715695,3.02933235294573e-07
0.00035597332416024047,0.0005645748794766287,3.3917107016569145e-07
0.00035963700236769464,0.0005774309273158942,2.2973505518403008e-07
0.0003633383871590324,0.0006097869358488246,3.0229639918372427e-07
0.0003670778666104951,0.0008034307626245951,5.759715247513322e-07
0.0003708558327924056,0.0006946453946963261,5.11664389735064e-07
0.0003746726818102752,0.0005934191033791113,2.5751458868053486e-07
0.00037852881384633423,0.0006388941662700149,3.918775800607644e-07
0.0003824246332014891,0.0007780119854985183,6.165097943752847e-07
0.0003863605483377126,0.0005584063057654086,1.8434528020701052e-07
0.00039033697192086776,0.0006833923137022735,3.4044469846097316e-07
0.00039435432086397674,0.0006803216934925075,3.331150930927326e-07
0.00039841301637093105,0.0005899943700358963,2.6877087443264763e-07
0.00040251348398065336,0.0005255655526481056,2.538203310737726e-07
0.00040665615361171415,0.0006259429748841657,3.2250693445089077e-07
0.00041084145960740645,0.0006804362299956112,3.341353445425385e-07
0.00041506984078128553,0.0006460351632043256,3.7421767012778206e-07
0.00041934174046317666,0.000671329644065,3.461756127838498e-07
0.00042365760654565666,0.0006038791115908142,3.681030678023074e-07
0.00042801789153101366,0.0005765695560888335,3.305202080895813e-07
0.0004324230525786903,0.0006820581168846768,3.9361006381247734e-07
0.00043687355155321516,0.0006362250347927423,3.177826381628078e-07
0.00044136985507262755,0.0006948990204780273,4.411233676271553e-07
0.00044591243455740067,0.0006915296372184355,3.7434356004177556e-07
0.00045050176627986813,0.0007260880671881664,4.3876630018829784e-07
0.00045513833141415947,0.0006126680538657008,2.8127830339483385e-07
0.00045982261608664945,0.0008172232008630471,5.183686873739608e-07
0.00046455511142692635,0.000718144625195699,3.2448564764753165e-07
0.0004693363136192854,0.0007095909326174179,3.882355618567052e-07
0.0004741667239547515,0.0006950448960551585,3.918214033749576e-07
0.0004790468488836384,0.0006931770554084144,4.569245072276115e-07
0.00048397720006864613,0.0007024599985905068,3.900910149181962e-07
0.0004889582944385097,0.0007006534951364443,3.897669185918809e-07
0.0004939906542421953,0.0006477899326337049,3.63364149376089e-07
0.0004990748071036564,0.0007334039815930949,4.4752010680944495e-07
0.0005042112860771539,0.0007082583119475767,3.65138059805355e-07
0.0005094006297031436,0.0006394522582043589,3.617757247202659e-07
0.0005146433820647412,0.0009219398030899393,5.975649391286093e-07
0.0005199400928447668,0.0007275037781384489,4.3410277213164194e-07
0.0005252913173833774,0.0007128074908033744,3.201912810486246e-07
0.000530697616736292,0.0007025654987862287,4.0222472496377806e-07
0.0005361595577336164,0.0009768690552287825,7.240372213315045e-07
0.0005416777130392725,0.0007318030419948958,4.3815720397132536e-07
0.0005472526612110413,0.0006039909612565103,3.0374838470676796e-07
0.0005528849867612213,0.0007720435487823393,6.703862605577793e-07
0.0005585752802179125,0.000731703817839015,4.453519898183073e-07
0.0005643241381869321,0.0007181427273056902,5.166072910772752e-07
0.0005701321634143649,0.0008261690823424377,5.58201503581038e-07
0.0005759999648497603,0.000730467969694706,4.891341321733133e-07
0.0005819281577099772,0.0007385304039277122,4.870095339140253e-07
0.0005879173635436883,0.0006680481800866,3.043275309385704e-07
0.0005939682102965459,0.0007658908190122177,4.964223574900038e-07
0.0006000813323770208,0.0007593057293507554,5.216289421101945e-07
0.0006062573707229169,0.0008219507385134291,5.009131882377328e-07
0.0006124969728685714,0.0008829985537911344,7.518198496257999e-07
0.0006188007930127464,0.0009415073491844124,9.855629857902312e-07
0.0006251694920872186,0.0007137212038397994,3.7101408240508183e-07
0.0006316037378260766,0.0006710702271450663,3.847394503976913e-07
0.0006381042048357291,0.0007176754816294276,4.083954382374039e-07
0.0006446715746656358,0.0007957634041529112,5.401111780518952e-07
0.0006513065358797644,0.0009291484815432458,9.699935326003967e-07
0.000658009784128785,0.0009214265108047011,8.808981885595483e-07
0.0006647820222230055,0.000786395835976641,5.903132164276787e-07
0.0006716239602060589,0.0007308993603091559,5.11951556215081e-07
0.0006785363154293491,0.0008181032201519799,4.947562076035217e-07
0.0006855198126272619,0.0008608122065219897,6.609196232946188e-07
0.0006925751839931518,0.0007918649302723116,5.355547292763008e-07
0.0006997031692561067,0.0008305971792488628,5.235319170626854e-07
0.0007069045157585101,0.0007023833845055254,3.931072814832355e-07
0.0007141799785343937,0.0009492822445498481,7.376800163861985e-07
0.0007215303203886017,0.0007312302743508691,4.51362274464436e-07
0.0007289563119767668,0.0009052251353908032,7.951716765918185e-07
0.0007364587318861117,0.0006615531927242051,3.404455104599157e-07
0.0007440383667170798,0.0007874601017143565,4.720311570709205e-07
0.0007516960111658085,0.0007231694944452792,4.4903259446782723e-07
0.0007594324681074492,0.0007383202110680077,5.373000588688582e-07
0.0007672485486803461,0.000979147295542927,6.933541420301058e-07
0.0007751450723710811,0.0008175623611430041,7.213290611521258e-07
0.0007831228671003936,0.0008433950223503755,7.320185529242264e-07
0.000791182769309985,0.0008608470076598323,6.27497583148644e-07
0.0007993256240502167,0.0008726629424527721,5.520480866694513e-07
0.0008075522850687099,0.000995493864044653,9.871869037951277e-07
0.0008158636148998582,0.0008520349615543378,5.886471590930523e-07
0.0008242604849552612,0.0009219466505180765,7.384295982886623e-07
0.0008327437756150884,0.0009777369430665514,6.591513367476525e-07
0.0008413143763203838,0.0009749097861121714,6.404922613306056e-07
0.0008499731856663206,0.0009594664495850641,7.423332083906252e-07
0.0008587211114964164,0.0008309664219042797,6.187768807149107e-07
0.0008675590709977132,0.0008184709075510651,5.989772650218493e-07
0.0008764879907969472,0.0008633980650869747,7.454996591180184e-07
0.0008855088070576976,0.0008753312178153606,5.538817552978276e-07
0.0008946224655785413,0.0008906979210107627,6.726518782106919e-07
0.0009038299218922161,0.0009741141973575781,1.000602439103872e-06
0.0009131321413658049,0.0008449433301832543,5.951723107653693e-07
0.0009225300993019505,0.0010314217571282753,1.1103795758697983e-06
0.0009320247810411127,0.0009732985645479616,7.607769666080947e-07
0.0009416171820648772,0.0007490124955879944,5.784599109288041e-07
0.0009513083081003287,0.0010648071982978088,1.024236030585306e-06
0.0009610991752254966,0.0008996777742471568,8.849493652996197e-07
0.0009709908099758883,0.0011094727215362136,1.0170729904415708e-06
0.000980984249452116,0.0010064830844406254,8.171236398529053e-07
0.000991080541428634,0.0009522403601548588,9.323164847659262e-07
0.0010012807444635936,0.0010040467465635065,8.374552156475763e-07
0.0010115859280098289,0.000978385744166127,8.498378282790024e-07
0.0010219971725269842,0.000904104976130009,7.027913531557513e-07
0.0010325155695947977,0.0010279188447194266,8.161067602960341e-07
0.001043142222027548,0.0009323578397175331,7.827537471502141e-07
0.0010538782439896805,0.0009244192531589231,7.256742150887974e-07
0.0010647247611126236,0.0011054745435564364,1.0093417814407469e-06
0.001075682910612807,0.001056445929069382,7.529059125574392e-07
0.001086753841410894,0.0012532370675814306,1.5303564604667605e-06
0.001097938714252242,0.0012745872026357164,1.637639744115848e-06
0.0011092387018286018,0.0012395084850786193,1.2955399377716037e-06
0.0011206549889010702,0.0009596626475310581,7.467539415146087e-07
0.0011321887724243082,0.0010903937648924198,1.0853889081889811e-06
0.0011438412616720363,0.0010884731570345928,9.54396355817819e-07
0.0011556136783638228,0.001144719247675944,1.171854526383856e-06
0.0011675072567931763,0.0011174944243107707,1.181702541074234e-06
0.0011795232439569569,0.0009420448772442203,7.691581986704566e-07
0.001191662899686119,0.0011403960191073122,1.0467851253872952e-06
0.0012039274967778,0.0010764354251788081,9.396922940855921e-07
0.0012163183211287678,0.00114487433071817,1.1036979841646583e-06
0.001228836671870243,0.00118702292309684,1.0177658482392193e-06
0.0012414838615041068,0.001116917600360863,1.1725920660720287e-06
0.0012542612160405136,0.0010317784396994107,9.316354870819229e-07
0.0012671700751369162,0.001208136670855881,1.262309636534801e-06
0.0012802117922385266,0.0011593028794207375,1.2693327267111318e-06
0.0012933877347202133,0.00130821434638399,1.4249682458710902e-06
0.0013066992840298742,0.0010605035645599402,8.513358189849444e-07
0.0013201478358332705,0.0011163919193898071,1.0078356763295036e-06
0.0013337348001603586,0.0010948494516422086,1.4285626141731194e-06
0.0013474616015531258,0.0012197037098767287,1.2585457851678064e-06
0.0013613296792149487,0.0012421513898256745,1.574399856411319e-06
0.0013753404871614883,0.0010351513589759932,7.849582409974967e-07
0.0013894954943731374,0.0011853246515240404,1.1649020251438803e-06
0.0014037961849490388,0.001215943922053403,1.3561003634448676e-06
0.0014182440582626863,0.001325709075500924,1.4948579231924207e-06
0.0014328406291191289,0.0013994001317561059,1.476445103225065e-06
0.0014475874279137925,0.0012005309420397808,1.3542426508036884e-06
0.0014624860007929363,0.0010566251609559333,1.206186475769122e-06
0.0014775379098157595,0.0011338769889235702,1.013791493594301e-06
0.0014927447331181797,0.0011658572628560678,1.2899474242875336e-06
0.001508108065078288,0.0012629422163163181,1.3458635305181395e-06
0.0015236295164835234,0.0013428740586475592,1.5149093689648885e-06
0.0015393107146995499,0.0011618287741533766,1.0467303580753786e-06
0.0015551533038408835,0.0013311185756112972,1.0911550298365696e-06
0.0015711589449432697,0.0014280456827435945,1.3517303269572093e-06
0.0015873293161378376,0.0014740175880073993,1.7671763619263998e-06
0.0016036661128270454,0.0010008408369136816,1.033590051220044e-06
0.001620171047862437,0.001414466322466805,1.5323171876958637e-06
0.0016368458517242283,0.0012716922734968563,1.2170507533427738e-06
0.0016536922727027404,0.0015474939002101799,2.474723606698288e-06
0.0016707120770817032,0.0012319768933471776,1.2681194557436667e-06
0.0016879070493234418,0.001131789043211817,8.305440587639325e-07
0.0017052789922559714,0.0011787318893576814,1.333251582228232e-06
0.001722829727262017,0.001245976841363981,1.9379334015390256e-06
0.001740561094469979,0.0012778461559646438,1.3957858433787326e-06
0.0017584749529468624,0.0012941851362297935,1.6670134559635918e-06
0.001776573180893194,0.0012894057673179377,1.5054965983079636e-06
0.0017948576758399445,0.00126833189003911,1.406519588523764e-06
0.0018133303548474775,0.001303328587486152,1.2241353791138573e-06
0.001831993154706546,0.0011302745833675304,1.041856546568039e-06
0.001850848032141357,0.00143769275239502,2.0569534088660174e-06
0.0018698969640147277,0.0013183312668004095,1.5272462042896356e-06
0.0018891419475353514,0.0015684244564289271,1.8919385673085706e-06
0.0019085850004671976,0.0012292248038082289,1.1566312799336553e-06
0.0019282281613410667,0.0014095385507934277,2.185429157553181e-06
0.0019480734896683226,0.0014498310814284325,2.062167856726347e-06
0.001968123066156825,0.0016226977961129195,2.0018105706892236e-06
0.0019883789929290813,0.001333292005165316,1.8620260753576492e-06
0.002008843393742651,0.0016545205866900434,1.8115886257480113e-06
0.002029518414212809,0.0012784331322746078,1.1053495135514754e-06
0.0020504062220375084,0.0011773785535558988,1.3250854978806587e-06
0.0020715090072246528,0.0014239252095708803,1.8233668810212942e-06
0.002092828982321713,0.001243951431842547,1.9745523829338496e-06
0.002114368382647702,0.0014607111228766689,1.7116960240869348e-06
0.002136129466527542,0.0013004520554228851,1.3436953727924943e-06
0.0021581145155288397,0.001449580483005615,1.6221139970635173e-06
0.0021803258347011,0.0014160779958323085,1.814963446639267e-06
0.002202765752817402,0.001292160385222122,1.471079919205619e-06
0.002225436622618564,0.0015837109033012481,2.193304758892419e-06
0.002248340821059815,0.0015338186427552006,2.553897744631526e-06
0.002271480749560015,0.0011772639460436794,1.3973018758705655e-06
0.0022948588342534327,0.0017736691593213312,2.32859183833756e-06
0.0023184775262441093,0.0015298491737996479,1.6630208302471015e-06
0.002342339301862861,0.0015471981329748614,1.785140305485472e-06
0.0023664466629269034,0.0014282065933598493,1.6787045451140428e-06
0.002390802137002161,0.0012659150870125277,1.2398489483885506e-06
0.0024154082776682707,0.0014153862479350148,1.7061139529770515e-06
0.0024402676647863183,0.0018934165867076132,2.7557328430327424e-06
0.002465382904769324,0.001492685979920097,1.6653113529442821e-06
0.002490756630855517,0.0017522664745042522,4.0881296436420695e-06
0.002516391503384419,0.0016434129696252726,2.179307367223696e-06
0.0025422902100757728,0.0016484110002972108,2.159631572711265e-06
0.0025684554663113384,0.0016945940312500603,1.8868755126199724e-06
0.00259489001541959,0.0015112515015703023,2.197412681660395e-06
0.0026215966289633444,0.001408281451353074,1.5937407818845037e-06
0.002648578107030349,0.0018231905798369121,2.5652525538452046e-06
0.0026758372785268634,0.0014119392996862878,1.802846420943611e-06
0.0027033770014742472,0.0013568098455915474,1.4436416897640133e-06
0.0027312001633086314,0.0013915060774837699,1.700539406770908e-06
0.0027593096811836418,0.0015334304646557118,1.849879875040407e-06
0.002787708502276256,0.0016833229182895099,2.3740236185736712e-06
0.002816399604095803,0.0019941006824130106,2.6415924852055368e-06
0.002845385994796146,0.0017369926431981366,2.3771342135102272e-06
0.0028746707134910707,0.0019524847606929626,3.817903739056978e-06
0.002904256830572931,0.0021154504672853927,3.505630723888163e-06
0.002934147448034565,0.0019721036810854188,2.857930112888275e-06
0.002964345699794527,0.0016094890116862685,2.5897149134357796e-06
0.0029948547520256682,0.0017895248934801482,2.551679774688442e-06
0.003025677803487097,0.0019334722832194638,4.221627458498891e-06
0.003056818085859558,0.0017486387468541697,2.7651619311081956e-06
0.0030882788640842606,0.0013876589063835426,1.4960029671514148e-06
0.0031200634367051956,0.00170542117964294,2.5445242270128163e-06
0.003152175136214976,0.0019552938294900616,3.4877235818468317e-06
0.0031846173294042364,0.0015606532679785623,1.7097131124074648e-06
0.0032173934177146266,0.0019655384079473467,2.8871061723737683e-06
0.0032505068375954416,0.0017568702638473875,2.535129846335588e-06
0.0032839610608639204,0.0019345156358320282,3.617612626544218e-06
0.0033177595950692512,0.0018959281326842742,3.495681486094562e-06
0.003351905983860327,0.0017788052320567632,2.643784364840125e-06
0.003386403807357282,0.0017271935016743806,2.8282046856569967e-06
0.0034212566825268546,0.0019698795313703556,3.310610463270823e-06
0.003456468263561613,0.002096491275351363,3.3034210046167145e-06
0.0034920422422630823,0.002049125041846469,3.112894095459411e-06
0.0035279823484288173,0.0019004231587090605,3.214901256163083e-06
0.003564292350243457,0.0018786176798919769,3.1201469497929477e-06
0.0036009760546738046,0.0015685965477055441,1.8730507071596843e-06
0.0036380373078679735,0.002247296580223267,4.4161184058368835e-06
0.0036754799955586426,0.001768090152184804,2.438353968853702e-06
0.0037133080434704584,0.0018944673229717686,3.0605666032730847e-06
0.003751525417731635,0.0019154507961637562,2.5294984188551556e-06
0.0037901361252897854,0.0016200756477705086,2.409037828433332e-06
0.0038291442143320374,0.0014793151636814837,2.0278368338118675e-06
0.0038685537747094674,0.002181928461801503,3.0098503736081502e-06
0.003908368938365909,0.001960646624603135,3.5372580589438667e-06
0.003948593879771171,0.0020292548564324222,3.921262649329305e-06
0.003989232816358713,0.002120239286160692,3.800296788652348e-06
0.00403029000896783,0.002149717514552062,4.214547831444751e-06
0.004071769762290382,0.0019247778620643291,3.024559089831252e-06
0.0041136764253221336,0.002268262309289736,3.7735485692655616e-06
0.004156014391818708,0.0020670288255580653,4.131501701811256e-06
0.004198788100756286,0.0023432695025513025,4.145588010330492e-06
0.004242002036796993,0.0018672792614193576,3.4152631169714716e-06
0.0042856607307591105,0.002130812641233762,4.453713237266513e-06
0.004329768760092108,0.0020944354827159943,3.222033916483042e-06
0.004374330749356574,0.0022758348576000912,4.503798369855263e-06
0.0044193513707090895,0.0021372440595427457,3.5241493097503356e-06
0.004464835344392076,0.00191487896536466,2.5822855877956923e-06
0.0045107874392287025,0.002344940006246575,5.742555322929461e-06
0.004557212473122874,0.0022759362650360913,4.548038336469264e-06
0.004604115313564376,0.0021190680316933185,5.07795560992635e-06
0.004651500878139205,0.0018358315336482276,2.8075716943410778e-06
0.004699374135045167,0.0021135124404909464,4.017678365988371e-06
0.004747740103612773,0.002852723671017665,7.280714763800816e-06
0.004796603854831481,0.0025986707040345563,7.588351158514102e-06
0.004845970511881396,0.0018467983922076394,2.8192247200397707e-06
0.0048958452506704,0.002062174101601036,2.8381695478150887e-06
0.004946233300376829,0.002156604444858394,3.0393440386763377e-06
0.004997139943997735,0.0022548322858125,4.264816146050429e-06
0.005048570518902787,0.002061503478059531,3.507770604953895e-06
0.00510053041739387,0.0022895629417447353,4.7734980058418216e-06
0.005153025087270457,0.0023310689341086302,4.811442125406904e-06
0.005206060032400781,0.0025272757769071196,5.0873742443122536e-06
0.0052596408132989,0.0020781302099599505,4.994463650840419e-06
0.005313773047707694,0.002380954785037401,5.615093777138185e-06
0.005368462411187864,0.002272665879199832,4.38116969181532e-06
0.005423714637712997,0.002505264375368222,4.195710027551179e-06
0.005479535520270743,0.0018490154946513068,2.814313448831267e-06
0.005535930911470197,0.0021532594137430184,4.573367312992554e-06
0.005592906724155519,0.0029334393183281355,8.433532086773422e-06
0.005650468932025873,0.0022473649323950995,4.7822968767739146e-06
0.005708623570261746,0.0022742731707867114,4.8099971688628975e-06
0.0057673767361577175,0.0021342277004011445,3.982140117972796e-06
0.005826734589761736,0.002382699038873418,4.618479833674092e-06
0.005886703354520973,0.002857642830614001,9.987555900866796e-06
0.005947289317934337,0.002572176861049318,6.798013665233394e-06
0.006008498832211685,0.0027318927093772714,5.891001269210301e-06
0.006070338314939831,0.0024021389709346216,4.961521565652478e-06
0.006132814249755407,0.002501469610559341,6.313917937410719e-06
0.006195933187024647,0.0026644286772756973,5.679635438811349e-06
0.00625970174453017,0.0023536370263953902,4.810233711603296e-06
0.006324126608164824,0.001872716271916565,2.634248811209741e-06
0.0063892145326326834,0.0023205232024801816,4.128784527032579e-06
0.006454972342157249,0.002410822535800373,5.711589729800349e-06
0.006521406931196948,0.002308465195239996,4.152579790500456e-06
0.006588525265167984,0.002319835126884928,4.69962258442655e-06
0.006656334381174641,0.0023977540188423576,5.307688180556139e-06
0.006724841388747096,0.0024902282682200557,5.035474205321304e-06
0.006794053470586824,0.002140253297984695,3.5990197820769595e-06
0.00686397788331968,0.0025194502407563392,5.884656012167385e-06
0.006934621958256727,0.0026147883130239248,4.975625789363418e-06
0.007005993102162897,0.0025237117383486406,4.76894341112231e-06
0.007078098798033563,0.002573150767961804,5.076949342246686e-06
0.007150946605879103,0.0026074950991125485,5.261094590156664e-06
0.007224544163517535,0.002862325348331473,6.4240130557497456e-06
0.0072988991873753194,0.0026477083739182214,6.606106957643593e-06
0.007374019473296399,0.0026703862391726026,8.01818127756894e-06
0.0074499128973595395,0.00264799138163471,7.05292898162815e-06
0.007526587416704145,0.0032657484478453903,9.788282977184925e-06
0.00760405107036451,0.002720327501477131,7.629457940933845e-06
0.007682311980112687,0.0028848434231725025,6.448516869331032e-06
0.007761378351310022,0.0026617934987420385,6.297362220125029e-06
0.00784125847376746,0.0022995185397778326,4.8938965353462015e-06
0.007921960722614694,0.0029401891605425595,7.160538566778069e-06
0.008003493559178275,0.002756636160423931,6.01421793606939e-06
0.00808586553186874,0.002754885764094299,7.634097174629707e-06
0.008169085277076887,0.0029469724605633847,7.596973197913807e-06
0.008253161520079266,0.0028273876165336386,7.622478369810795e-06
0.008338103075952995,0.0028605967165659394,5.978873105573347e-06
0.008423918850499978,0.002784283920055659,6.001483103339604e-06
0.008510617841180667,0.0027247959888873053,6.4311954235317465e-06
0.008598209138057363,0.002712127865496499,6.968042037090795e-06
0.00868670192474734,0.003198042027592202,9.866545817005596e-06
0.008776105479385668,0.002802032676385372,6.8599005387346454e-06
0.008866429175598002,0.003271838056190476,8.653602264879353e-06
0.008957682483483375,0.002851850296644159,5.732313713935064e-06
0.009049874970607098,0.002803307165736876,6.366375846518892e-06
0.009143016303003886,0.002284129956711592,4.9630433823796704e-06
0.0092371162461913,0.003109909182071753,9.282325782608361e-06
0.009332184666193632,0.0028400503723311522,7.004863525585763e-06
0.009428231530576314,0.003414599336610823,9.210471824692206e-06
0.009525266909490987,0.002653838913145418,6.405617551306766e-06
0.009623300976731312,0.0031857199658045475,8.396402339643853e-06
0.00972234401079965,0.0026865971110164267,6.409531285808608e-06
0.009822406395984742,0.0032495227578688557,9.152102619296214e-06
0.00992349862345044,0.0028169207165890113,5.596617902228109e-06
0.010025631292335682,0.0033408712256353143,9.503066362162082e-06
0.010128815110865766,0.003150800317569049,7.292538540033823e-06
0.010233060897475065,0.0029925980022722253,7.327614760300599e-06
0.010338379581941306,0.004102308121676154,1.1663451045759692e-05
0.010444782206531505,0.0034274163993375214,1.0393586351485639e-05
0.01055227992715972,0.0027321138357459737,6.815399697143792e-06
0.010660884014556697,0.003527301259433063,9.74539052637555e-06
0.010770605855451566,0.0028907198021002325,9.783898515292083e-06
0.010881456953765701,0.002615183814692237,5.20413477007696e-06
0.010993448931818856,0.003173030569346922,8.788001267493288e-06
0.011106593531547724,0.0033497053309472988,9.283643949232276e-06
0.011220902615737037,0.0030350459083853475,7.122050112328667e-06
0.011336388169263335,0.0037415900789468963,1.1522061969533191e-05
0.011453062300351527,0.0028816610119649757,5.615199360352587e-06
0.011570937241844402,0.00370674554169297,1.1296868473998825e-05
0.011690025352485195,0.0029319063685824113,7.3812239514242635e-06
0.011810339118213347,0.003149562232291854,7.475945069373293e-06
0.01193189115347362,0.0029345543712641876,8.5979382130188e-06
0.012054694202538662,0.0027593614785672094,6.1579938991065256e-06
0.012178761140845209,0.0027748968279472986,6.170859722499919e-06
0.012304104976344028,0.0038185156479196096,1.073662762680302e-05
0.012430738850863704,0.003015828783977056,6.959890948665593e-06
0.01255867604148859,0.0034875454484736435,1.0693790263961145e-05
0.012687929961950808,0.003712586974731419,1.270176550648967e-05
0.012818514164036633,0.0033989155426356167,1.104212152143706e-05
0.01295044233900736,0.0033726178602122505,1.0413706315097747e-05
0.013083728319034772,0.003552168417058161,9.104174713490162e-06
0.013218386078651391,0.0033858034970297296,8.670943201541147e-06
0.01335442973621566,0.003313869886536839,8.763348982763336e-06
0.013491873555392199,0.0036112359261619253,9.662662635442736e-06
0.013630731946647288,0.0034907601703095745,9.902873530066025e-06
0.013771019468759764,0.003110238760552199,7.821331558584778e-06
0.013912750830347442,0.0037410065701082964,1.2218671145579059e-05
0.01405594089140926,0.003806347574495782,1.0909733168556545e-05
0.014200604664883307,0.003552717340249371,1.1581087410108909e-05
0.01434675731822085,0.0034070887699133175,1.1050352783309602e-05
0.014494414174976608,0.003252882727039432,7.438996217091272e-06
0.01464359071641535,0.002839364649134473,8.76564935641966e-06
0.014794302583135056,0.0033069127663376305,8.103605697107643e-06
0.014946565576706778,0.0034908820190427668,8.980907436729669e-06
0.015100395661331364,0.00407614428422841,1.2922223800125942e-05
0.015255808965513257,0.0036609656789859143,9.352431629858692e-06
0.015412821783751501,0.004775647747001176,1.719576847136588e-05
0.015571450578248153,0.0035120628740274613,9.843208423995889e-06
0.0157317119806343,0.004228954958103303,1.4293386818225512e-05
0.015893622793713792,0.0037359980106841666,1.2132887843813878e-05
0.016057199993224996,0.004601272581662977,1.9440243333899268e-05
0.016222460729620598,0.003337910852862617,8.831340928423988e-06
0.016389422329865802,0.004141028065186397,1.5853195312744353e-05
0.01655810229925492,0.003754904169155014,9.66947950509858e-06
0.016728518323246847,0.0034440832394785777,1.0184652996147492e-05
0.016900688269319234,0.0038196970481485706,1.3858398275131384e-05
0.017074630188841856,0.0030323483105818756,8.23625785478212e-06
0.017250362318969224,0.004701141019335637,1.978542340284918e-05
0.01742790308455268,0.003247607134748361,8.810086268466416e-06
0.01760727110007217,0.004076720713038961,1.255006224096152e-05
0.017788485171587917,0.0037552758754261627,1.2459789875469157e-05
0.01797156429871215,0.003980873457675144,1.5067821886799568e-05
0.018156527676601145,0.003708189996303694,1.1040896030004804e-05
0.018343394697967776,0.003962364976214932,1.3947535482432827e-05
0.01853218495511475,0.003653927884968592,1.0347424952065101e-05
0.018722918241988802,0.004494223461837554,1.68260081793802e-05
0.018915614556255997,0.003726458757541088,1.2742515588618848e-05
0.019110294101398438,0.004007669315677107,1.315961126507052e-05
0.019306977288832496,0.00407601486648805,1.680770387890664e-05
0.01950568474004889,0.004387938921904901,2.117325249141542e-05
0.019706437288774758,0.004278454839067418,1.3230287418971317e-05
0.01990925598315801,0.004530246325086638,1.9199133311112424e-05
0.020114162087974136,0.004089865506416618,1.41277085161264e-05
0.020321177086855737,0.004159707911963333,1.4916497030793077e-05
0.020530322684545008,0.004908749000775417,2.1808672764530014e-05
0.0207416208091694,0.0034857978733459994,1.049574849504448e-05
0.020955093614540694,0.00392864376809945,1.2792668384984443e-05
0.021170763482477754,0.005948698899101812,2.537059239022394e-05
0.021388653025153165,0.004228034887513837,1.5541842615321588e-05
0.02160878508746404,0.004744280408318668,1.6585044883577372e-05
0.021831182749427233,0.0038389123583656296,1.1369072406727218e-05
0.02205586932859919,0.003696557972565375,1.0883023569349655e-05
0.02228286838252063,0.00518461344251755,1.959739603225299e-05
0.02251220371118661,0.003978965554008768,1.4962787962614103e-05
0.022743899359541755,0.005067188382230172,2.124618822620014e-05
0.022977979620001317,0.00451963265392757,1.6779172735441852e-05
0.023214469034998124,0.004613783232139782,1.670762853243023e-05
0.023453392399555795,0.003747260269496278,1.254966234866755e-05
0.023694774763888364,0.005533021825670901,2.533652836583122e-05
0.02393864143602674,0.005740835825365936,2.7440655451332263e-05
0.024185017984472125,0.00416688409972466,1.351591256580672e-05
0.0244339302408768,0.004208051555666966,1.3867589978690391e-05
0.024685404302752456,0.0044812125911478365,1.6936512945163255e-05
0.02493946653620644,0.004442233011117875,1.7552655696361723e-05
0.025196143578706125,0.00501085550912378,1.9459228417418465e-05
0.025455462341871758,0.004055890255400655,1.2866933891337332e-05
0.025717450014298034,0.004913759386382265,2.1897283806885803e-05
0.02598213406440473,0.004376051589437449,1.3232399225215313e-05
0.02624954224331665,0.004218855900505683,1.3640037221048917e-05
0.026519702587773235,0.004327205818201659,1.5042296181789865e-05
0.026792643423068113,0.005199621744536292,1.9422531148073943e-05
0.027068393366018892,0.003851051637447049,1.289497009291748e-05
0.02734698132796752,0.003952171991601659,1.1735242209501721e-05
0.02762843651781155,0.004588687887057509,1.517252795717532e-05
0.02791278844506656,0.0045088547684561464,1.8500850972662683e-05
0.028200066922960135,0.005920440633507827,2.5088580564514494e-05
0.028490302071557647,0.005010978922817782,2.5066869103794476e-05
0.02878352432092026,0.005517706917235443,2.5654117478702763e-05
0.029079764414295384,0.004498577066667416,1.8783868739545853e-05
0.029379053411340027,0.0043699933656065285,1.2554228703514896e-05
0.029681422691377163,0.004464405328524521,1.6091816222351618e-05
0.02998690395668592,0.00526227602794357,1.943852218433358e-05
0.030295529235825312,0.004579793259033254,1.5805981109146828e-05
0.030607330886992353,0.004868756877899429,1.9343257327072263e-05
0.030922341601414695,0.0053017512804836835,1.926573854289766e-05
0.031240594406778167,0.0050061560978732185,1.5933920409714158e-05
0.031562122670689606,0.0046336178457155085,1.522252484904063e-05
0.031886960104175355,0.004642768670327178,1.6829927644345193e-05
0.03221514076521567,0.005336018448578237,2.2612153517736273e-05
0.03254669906231565,0.005339096372527145,2.9828080365641493e-05
0.03288166975811279,0.004848446676136621,1.961524086733828e-05
0.03322008797302171,0.006077496478339,2.3720886573301647e-05
0.033561989188916425,0.0042184868549686,1.6732779165482556e-05
0.03390740925285047,0.004687885364608689,1.4429298926678637e-05
0.03425638438081534,0.005441910746445032,2.6584418978656665e-05
0.03460895116153757,0.004695577194608825,1.883680835180342e-05
0.03496514656031496,0.005092556242235959,2.074114670807181e-05
0.03532500792289223,0.005265024693734457,2.3656821549239153e-05
0.0356885729793766,0.005544757263428975,2.339852703638078e-05
0.03605587984819361,0.005765976015007003,3.109198514076733e-05
0.036426967040083726,0.004921965884840628,1.778000796515625e-05
0.03680187346214003,0.005209025116298343,2.2607811638916804e-05
0.037180638421887506,0.006135552838073936,3.1424955686386374e-05
0.037563301631404256,0.005055425251885277,2.3132101564694024e-05
0.03794990321148516,0.005938366040329886,2.397609793116112e-05
0.03834048369584844,0.005182432013079365,1.9492169377117982e-05
0.038735084035385406,0.004496752946932685,1.6897518674875823e-05
0.03913374560245403,0.005669527497101845,2.0525032441964267e-05
0.03953651019521672,0.00510607566884941,2.4076198001244687e-05
0.039943420042022545,0.0050125619826040975,1.7372236665829945e-05
0.04035451780583496,0.005096689888224524,2.1919669399469115e-05
0.040769846588704674,0.0063040299743161105,3.628941708317226e-05
0.041189449936288806,0.0064292831622701045,3.0123088506343635e-05
0.04161337184241645,0.004961213728358726,1.988536727605608e-05
0.04204165675370132,0.005291868359610295,2.2533806172915184e-05
0.04247434957420174,0.005754145770133278,2.6597904064914466e-05
0.04291149567012871,0.006056613076064839,3.293103132614355e-05
0.04335314087460236,0.006403354966278781,2.6763032150419975e-05
0.0437993314924574,0.006467975480676502,3.2700623338264125e-05
0.044250114305098,0.005964408639431075,3.5704668655090595e-05
0.04470553657540263,0.0051472874684891515,2.8802145428394194e-05
0.04516564605267942,0.005392312456654637,2.7041764843278857e-05
0.04563049097767246,0.005811043887034363,2.39470033485685e-05
0.0461001200876197,0.006350142418372972,3.3759752278242765e-05
0.046574582621362826,0.00533673990502755,2.4754249458178693e-05
0.04705392832450981,0.006347843191647107,3.4337972575114696e-05
0.04753820745465052,0.0062672432488431705,3.209366815368282e-05
0.04802747078662603,0.005522560883257009,2.610122152817061e-05
0.048521769617852206,0.005057738441426628,2.6078927779458166e-05
0.04902115577369802,0.006145348564092762,2.3623799448861678e-05
0.04952568161291924,0.0061001336662915955,2.8683465965303854e-05
0.05003540003314808,0.005845933773696894,2.9331558200133015e-05
0.05055036447643928,0.005844665110141329,2.7558507395138352e-05
0.05107062893487333,0.007166966432164006,4.431735118623387e-05
0.051596247956217325,0.005417458544224367,2.1842265787083215e-05
0.05212727664964409,0.005694896326577367,2.0871324861814956e-05
0.05266377069151024,0.007114584357516583,3.3778601133832234e-05
0.05320578633119338,0.006380861164714623,2.6290906830726878e-05
0.053753380396990035,0.006232671034271683,3.299781935400883e-05
0.054306610302073594,0.006620587972918043,3.0131487387252966e-05
0.05486553405051394,0.005740184538411098,2.9488424789996933e-05
0.05543021024335899,0.006056552022962294,2.6002024230820244e-05
0.05600069808477877,0.006664635244016673,4.072928771527509e-05
0.056577057388272727,0.0055476122780059554,3.227326852087741e-05
0.057159348582940986,0.0061363371206428164,3.611628204774141e-05
0.0577476327198201,0.005753687732076173,2.7592981862519643e-05
0.05834197147828402,0.0064489160133674546,2.9283096546147647e-05
0.05894242717251094,0.005850302232050807,2.7418292911233782e-05
0.05954906275801672,0.005955490939347445,2.6010859815143905e-05
0.06016194183825549,0.00615615745906149,2.8850014428272443e-05
0.0607811286712883,0.006375196897953263,2.806516174334434e-05
0.06140668817652029,0.006445799229661868,3.43969058454808e-05
0.06203868594150725,0.006132714115123692,2.754795509988814e-05
0.06267718822883224,0.0066692780446396625,3.390768620278954e-05
0.06332226198305296,0.005980014711941374,2.8353421642126322e-05
0.06397397483772065,0.00613931370280383,2.62480627934697e-05
0.06463239512247118,0.006870616532483567,3.128621211167399e-05
0.0652975918701892,0.008125698534485333,4.428078474724481e-05
0.06596963482424595,0.0063552069344842595,3.1164393248294824e-05
0.06664859444581159,0.006499484892307663,3.1329160482474583e-05
0.06733454192124279,0.006269987713959561,3.198529532599837e-05
0.06802754916954637,0.0069168576173949435,3.743035198310953e-05
0.0687276888499197,0.006820732894856387,3.691744435134884e-05
0.06943503436936879,0.006929217979136004,4.086790044029752e-05
0.07014965989040467,0.007085683043175199,3.7526719588104136e-05
0.07087164033881921,0.006779929817931809,4.246058147870995e-05
0.07160105141154044,0.007404006267239353,4.042658622744666e-05
0.07233796958456955,0.007325909622262581,4.0395605059131746e-05
0.07308247212099886,0.007665761415222434,4.638249571544016e-05
0.07383463707911256,0.006866379245782961,3.807863452915697e-05
0.07459454332057087,0.00721116399780052,3.837044346247634e-05
0.07536227051867841,0.00727063585001724,4.6077533955224036e-05
0.07613789916673762,0.006403155181928267,3.512699385053714e-05
0.07692151058648815,0.007116541453618206,3.902829422708808e-05
0.07771318693663318,0.006886371412132034,3.435503464422457e-05
0.07851301122145343,0.007843224146800516,4.919726659957035e-05
0.0793210672995099,0.006655031686618355,3.209073776128274e-05
0.08013743989243599,0.0061685363871251744,3.096136275916722e-05
0.08096221459382043,0.007731793853505124,4.333249542042943e-05
0.08179547787818127,0.007563971101605804,4.3994128198491305e-05
0.08263731711003251,0.008621520052035194,6.358336697267534e-05
0.08348782055304395,0.0067579377507287815,3.9230549818466704e-05
0.08434707737929519,0.006616783716323052,2.9900426609204134e-05
0.0852151776786251,0.00696656892229452,3.6807053229982896e-05
0.08609221246807741,0.007087961113941204,3.349433857562156e-05
0.0869782737014434,0.007998629530353915,5.172783813169912e-05
0.08787345427890295,0.006685362902285289,3.2284080313080965e-05
0.08877784805676485,0.007416368284358631,4.53902277888547e-05
0.08969154985730717,0.006587986613508698,3.9756253485167966e-05
0.09061465547871908,0.0069705713988723935,3.489597933840026e-05
0.09154726170514495,0.006575979035167698,3.790120530674824e-05
0.0924894663168317,0.007834921742769988,4.6563442121587084e-05
0.09344136810038083,0.006252013824121496,2.618603184218859e-05
0.0944030668591058,0.0077864797288003315,4.212737675561987e-05
0.0953746634234957,0.008639843251960825,5.471872476881167e-05
0.09635625966178754,0.007713820165588211,4.736155403976699e-05
0.09734795849064636,0.0084107083451049,4.759911271322816e-05
0.09834986388595567,0.006962431623415132,3.4899734293712625e-05
0.09936208089371903,0.0075572783445617235,4.000308316669741e-05
0.10038471564107372,0.006061828383128666,2.5364337013759344e-05
0.10141787534741771,0.007703720629688004,5.177407903200959e-05
0.10246166833565123,0.008541855942418224,5.328616315521166e-05
0.10351620404353405,0.006825226861630602,3.5191196540622294e-05
0.10458159303515961,0.007695503970126093,4.61422568139231e-05
0.1056579470125472,0.008665789083573858,5.554226813748612e-05
0.10674537882735353,0.007116430927398948,3.9575193752404216e-05
0.10784400249270486,0.007633434155677021,4.391121443404395e-05
0.10895393319515069,0.008163554641966378,4.9045315403237316e-05
0.11007528730674082,0.007169813531138742,4.945869427393913e-05
0.11120818239722638,0.006465471585539869,2.7778897968811692e-05
0.11235273724638667,0.007621315735890148,4.474314939341884e-05
0.11350907185648267,0.008145571239938395,5.164854606200165e-05
0.11467730746483895,0.006818813865956291,3.4844434288785036e-05
0.11585756655655484,0.007017709171228438,3.686146627887678e-05
0.11704997287734659,0.008144664215424086,5.3433826623365435e-05
0.11825465144652161,0.0065066380185966445,3.582845197260968e-05
0.11947172857008631,0.007977956515106417,4.429716778603439e-05
0.12070133185398878,0.007051880181617385,3.6893992814792035e-05
0.12194359021749775,0.007709347417822968,4.514954913591827e-05
0.12319863390671942,0.007332694819938368,3.74012404045955e-05
0.12446659450825313,0.00815038594581408,4.559769566065105e-05
0.12574760496298792,0.00780681069194865,4.575272012934226e-05
0.1270417995800404,0.00967185803244103,6.997256325025588e-05
0.1283493140508372,0.008536747408026884,5.373376982660204e-05
0.12967028546334133,0.007486421353853495,4.122446754133592e-05
0.1310048523164254,0.008502801935212504,4.44422317103372e-05
0.13235315453439267,0.008443319257537907,4.807319998429766e-05
0.13371533348164769,0.007528218969312172,3.560802707948721e-05
0.13509153197751772,0.008047644142410276,4.5087888184673836e-05
0.13648189431122687,0.0075733418236139894,4.558397993393824e-05
0.1378865662570242,0.008259514789495413,5.219176791622116e-05
0.13930569508946766,0.008073824389075775,4.6722477734921546e-05
0.14073942959886532,0.008517223387549084,6.48502190272631e-05
0.14218792010687537,0.007352048134253092,5.080896841591144e-05
0.14365131848226684,0.00811977535055192,5.677262249127438e-05
0.14512977815684242,0.008048784111447958,4.862677926577302e-05
0.1466234541415253,0.00870590964016255,5.4145458093884146e-05
0.14813250304261136,0.007773356778649052,4.4567845666428054e-05
0.14965708307818884,0.008123489567858298,4.6042191104965285e-05
0.15119735409472687,0.007491090533715573,3.874536559071944e-05
0.1527534775838348,0.007311077914369526,4.4236535652848616e-05
0.15432561669919395,0.007377102548798598,4.9244623693184234e-05
0.15591393627366368,0.008251441504589568,4.56952753733485e-05
0.15751860283656344,0.007939070738453022,3.7324560430986216e-05
0.15913978463113287,0.007430089248431079,3.7938095703936985e-05
0.16077765163217136,0.009109906067302182,6.458572746620637e-05
0.16243237556385925,0.00842333555600795,5.002301198482442e-05
0.16410412991776258,0.008485301269392648,6.063189583189729e-05
0.1657930899710229,0.00850822999533322,5.397155310284162e-05
0.1674994328047345,0.009126323419737249,5.876437455323376e-05
0.16922333732251085,0.00890402439487748,6.476150014067169e-05
0.17096498426924125,0.008247431092457446,4.805680091600316e-05
0.1727245562500423,0.008835512911553755,5.6786608581331686e-05
0.17450223774940266,0.008768841354186672,6.056762053485965e-05
0.1762982151505258,0.009469340530843078,5.4585299244562e-05
0.17811267675487147,0.00743681451077574,4.391152097020942e-05
0.17994581280189842,0.008905805755823117,5.4391420708427786e-05
0.1817978154890104,0.00825927797330814,4.72683406668797e-05
0.1836688789917071,0.009003106138569316,5.494313390928224e-05
0.1855591994839431,0.009885968100979943,6.548667896080922e-05
0.18746897515869543,0.008402471318304334,5.3774991277655355e-05
0.18939840624874393,0.008586083484026402,4.8271076655381694e-05
0.1913476950476645,0.009024290001909161,7.10081170228411e-05
0.19331704593103896,0.008631975626150652,5.45174632531548e-05
0.1953066653778831,0.008766616915661496,5.1390132253548276e-05
0.19731676199229511,0.00831227927181816,5.1983884345626236e-05
0.1993475465253271,0.008019957296815131,4.9422998543649515e-05
0.20139923189708134,0.008156548178040542,5.2113292952083714e-05
0.20347203321903432,0.008436723953177475,5.121928298769697e-05
0.2055661678165903,0.008712040292064462,5.719335623137108e-05
0.20768185525186703,0.008927028862273752,5.2875088263484545e-05
0.20981931734671605,0.00914166001147361,5.651759960797822e-05
0.21197877820597988,0.00847448573548205,4.900951889010389e-05
0.21416046424098853,0.008605531773465623,4.9306273193026664e-05
0.21636460419329795,0.009205990423386155,5.718660677185946e-05
0.2185914291586726,0.009034464859728142,6.893085019802923e-05
0.22084117261131514,0.010806583924568998,8.822744744015473e-05
0.22311407042834505,0.008718286471174449,4.892587947827536e-05
0.22541036091453004,0.008308775789823912,5.185637949833292e-05
0.2277302848272702,0.008766982625032033,6.561180922076691e-05
0.230074085401842,0.008976099990713688,6.28982762392774e-05
0.23244200837689966,0.00914427214882348,6.134029891685589e-05
0.23483430202024014,0.008117898621754546,4.789901048488768e-05
0.23725121715483313,0.009060211812616039,5.396918573416336e-05
0.23969300718511885,0.009348652466132737,6.976959124118663e-05
0.2421599281235765,0.00937147905526617,6.546089529970269e-05
0.24465223861756635,0.008988945040860945,5.2509132200897536e-05
0.24717019997644776,0.008040682400368943,4.210020021109691e-05
0.24971407619897665,0.009003145542914296,6.151830897046361e-05
0.25228413400098465,0.009293833079653755,5.978534081262839e-05
0.2548806428433433,0.008720564635603747,6.510945693171995e-05
0.25750387496021593,0.00997151707261682,7.697784200173679e-05
0.2601541053876006,0.008581144750999843,5.086876673518248e-05
0.2628316119921664,0.008744242015122467,6.253569327113395e-05
0.26553667550038673,0.009119674577109256,6.667145295195013e-05
0.2682695795279725,0.009849568964877386,6.5314770154756e-05
0.2710306106096079,0.010056435128740408,8.444432836680608e-05
0.27382005822899314,0.010181544327596928,6.698018721453551e-05
0.2766382148491949,0.009201275020772169,6.127623959039353e-05
0.2794853759433104,0.010141430809156197,7.332634672183796e-05
0.28236184002544684,0.008644002057493272,5.571311106334007e-05
0.28526790868201907,0.009348929023697465,6.290651957487573e-05
0.28820388660336993,0.009443878472101713,7.41985266822646e-05
0.291170081615716,0.009252981417827735,7.252266568821318e-05
0.2941668047134219,0.008787492621608679,5.906910069706833e-05
0.297194370091607,0.008663632849911715,5.462495906984466e-05
0.30025309517908727,0.01033616962162172,6.426052461519089e-05
0.3033433006716573,0.010326091456036739,7.602121690892813e-05
0.30646531056571247,0.008520993160932301,6.124075968963787e-05
0.3096194521922206,0.008245303946948609,4.704904499422574e-05
0.3128060562510402,0.010370226050082369,5.837492082063614e-05
0.3160254568455936,0.00886745515619395,4.780403780087978e-05
0.31927799151789604,0.00870135291312906,4.918649787107927e-05
0.3225640012839461,0.009371568008256299,6.185852256224458e-05
0.3258838306694796,0.010079210166232758,6.492148139088088e-05
0.32923782774609206,0.008290676016553786,4.1066565743543514e-05
0.33262634416773246,0.009536101806076492,5.825337333810628e-05
0.3360497352075732,0.008731675745771356,5.353210283285717e-05
0.3395083597952586,0.008824078295169388,5.90964558287961e-05
0.343002580554538,0.009279836467140569,6.164258380380843e-05
0.34653276384128484,0.009620672401089157,6.434939861760158e-05
0.3500992797819082,0.009295877049435384,5.921305025650103e-05
0.3537025023121588,0.009198916689368883,6.531714430215334e-05
0.357342809216335,0.008982021383765923,6.675277795251634e-05
0.3610205821668918,0.008910197973059374,5.714735801281685e-05
0.3647362067644582,0.009654688511829131,6.729567331185028e-05
0.36849007257826544,0.010367087037383375,7.427957124299805e-05
0.37228257318699215,0.00961617852884036,6.002286134192166e-05
0.3761141062200297,0.009937545775010794,6.732678217911239e-05
0.37998507339917187,0.010615418560725861,8.952654072683387e-05
0.38389588058073404,0.010796032326796108,7.757489159465371e-05
0.3878469377981056,0.009305322773867244,5.544925282232764e-05
0.3918386593047405,0.009298003731409495,6.620626423963277e-05
0.3958714636175901,0.010152298233785221,6.222815113682091e-05
0.3999457735609832,0.009351164966894311,6.425723792748852e-05
0.40406201631095773,0.011039698993126115,8.388363591405438e-05
0.40822062344004717,0.01041957948877475,6.751724996056684e-05
0.4124220309625317,0.00926230875666642,6.0990873156846316e-05
0.41666667938015095,0.009918767233082186,7.407008947355438e-05
0.4209550137282893,0.009871604393644599,6.781157158334514e-05
0.4252874836226364,0.009883301817964582,6.678873282848919e-05
0.4296645433063275,0.009720216242966656,6.69095005047488e-05
0.434086651697569,0.00954369589358743,7.020473045727695e-05
0.4385542724377547,0.010053732150126697,6.456142464103523e-05
0.4430678739400764,0.009275991338659171,6.263441934590298e-05
0.4476279294386356,0.010343925956081806,7.774650523682258e-05
0.4522349170380602,0.009676516771154099,7.25550887986333e-05
0.45688931976363173,0.010165610983290559,8.151614465852395e-05
0.4615916256119291,0.008753152073414053,5.1950583203053154e-05
0.4663423276019932,0.009505599612566407,5.6883832221655376e-05
0.4711419238270176,0.009615172937272792,6.426530168619478e-05
0.4759909175065723,0.01048953752821604,7.161580282165824e-05
0.48088981703936406,0.009745815248770814,6.079845231641746e-05
0.4858391360565404,0.010108667431381611,7.099092862157397e-05
0.49083939347554145,0.010379373514160234,7.410467278956543e-05
0.4958911135545069,0.009816665484686002,5.5764176460163135e-05
0.5009948259472422,0.00929873102257888,6.310038615994754e-05
0.5061510657587512,0.010275865961902358,6.519930190827519e-05
0.5113603736013391,0.010858824276814385,6.670518678388153e-05
0.5166232956512945,0.009314847794772135,5.7496091972310484e-05
0.5219403837061534,0.009275153529975867,5.349110862318307e-05
0.527312195242553,0.009020848220525684,5.957853729394224e-05
0.5327392934746815,0.009393383387803964,5.9816427099335985e-05
0.5382222474133287,0.009587087485766093,6.04877736452139e-05
0.543761631925545,0.008838077878229681,5.244599763269789e-05
0.5493580277949124,0.010434258151064463,7.4635486479895e-05
0.55501202178244,0.009736139165449853,6.764934917901933e-05
0.5607242066880822,0.010383495763329942,8.165489132465005e-05
0.5664951814128917,0.010140215758460464,7.830064126520503e-05
0.572325551021812,0.010058170765252322,8.537258153547965e-05
0.5782159268071165,0.00875086132289706,5.032667464602269e-05
0.5841669263524998,0.009479012892737528,5.845643103217207e-05
0.5901791735978291,0.011563421440288543,8.200680124161025e-05
0.5962532989045624,0.009342241527812049,6.0223189404912174e-05
0.6023899391218388,0.010126854873070282,6.613266138439114e-05
0.6085897376532502,0.009440788506184223,5.81151831741452e-05
0.6148533445242998,0.009364492305721577,5.63195762552493e-05
0.6211814164505546,0.010569309662258077,6.946910668113477e-05
0.6275746169064993,0.010787438160879285,8.084019246927723e-05
0.6340336161950998,0.010117153979623903,7.313867735803052e-05
0.6405590915180813,0.010767632285700934,6.904717478383e-05
0.6471517270469308,0.008691260484612748,5.301920219133602e-05
0.6538122139946294,0.009227528701637969,5.43624766310599e-05
0.6605412506881239,0.008607926208649431,4.673999587296542e-05
0.6673395426415435,0.009424302940563381,6.763902882413365e-05
0.6742078026301703,0.010446860951006899,6.643537832304547e-05
0.6811467507651711,0.009192910786174971,5.8555328474597536e-05
0.6881571145690982,0.009221467140904676,5.853405344044984e-05
0.6952396290521679,0.009802014249129501,6.568559332526966e-05
0.7023950367893228,0.009783556861080431,7.217254853187866e-05
0.7096240879980887,0.009338293976579492,5.0083346452131254e-05
0.7169275406172317,0.008699348657162424,4.9265612852769547e-05
0.724306160386226,0.009165041682422688,4.9674946144527186e-05
0.7317607209255356,0.010052395349587797,6.200724403057673e-05
0.7392920038177307,0.009551239803610674,6.073814752423019e-05
0.7469007986894298,0.008319370584649734,4.9561111077092574e-05
0.7545879032940906,0.009158571233145127,5.517647269922093e-05
0.7623541235956507,0.009429127887813056,5.4252321025525277e-05
0.7702002738530305,0.010115777424412125,6.517697784861369e-05
0.7781271767055048,0.009899464695078264,7.041208149063321e-05
0.7861356632589538,0.008699658822754615,4.9018492178228956e-05
0.7942265731730008,0.009886671204109177,6.127685532756904e-05
0.802400754749048,0.00950194437088117,7.340746575606503e-05
0.8106590650192175,0.009736993955183234,5.765862663204615e-05
0.8190023698362074,0.009625679157377956,7.08955513875831e-05
0.8274315439640743,0.01078668593758489,8.025469666487609e-05
0.8359474711699475,0.009510348999944573,5.952090904168901e-05
0.8445510443166901,0.009489556076218908,7.073535755920065e-05
0.8532431654565116,0.00931175061451861,5.699153009394446e-05
0.8620247459255443,0.009795185583246324,5.764512535012399e-05
0.8708967064393944,0.010606683074532565,6.244401276103435e-05
0.879859977189675,0.00996354000507911,7.102547216998557e-05
0.888915497941533,0.009832075213546156,5.80835926724642e-05
0.8980642181321804,0.009187972520286145,5.9146985829459155e-05
0.907307096970439,0.009710969011530226,6.992365899348833e-05
0.9166451035373097,0.01062211317874163,7.043470415149807e-05
0.9260792168875771,0.010173122474949059,6.27292334441557e-05
0.93561042615246,0.00926313164984958,6.398781636652395e-05
0.9452397306433175,0.00949509535139466,5.8014868307506765e-05
0.9549681399564235,0.0102150766156581,5.952833858922235e-05
0.9647966740788197,0.009258778905616607,6.43293093574368e-05
0.9747263634952539,0.009052595040160618,5.418927720227859e-05
0.9847582492962278,0.010277775957325748,7.198114118346203e-05
0.994893383287148,0.009629471668304437,5.0651859505357674e-05
1.0051328280986045,0.008989746269297504,5.4745268374989256e-05
1.0154776572977835,0.00873122711852243,5.381892067584732e-05
1.0259289555010267,0.010442670351728401,6.903722482903863e-05
1.0364878184875503,0.009701302876920977,5.8702268004723145e-05
1.0471553533143318,0.007519484618845833,4.060546640726582e-05
1.0579326784321819,0.009295317769691612,5.51433224609477e-05
1.0688209238030089,0.00937830140931219,6.154630108281509e-05
1.0798212310182915,0.010338658434208975,8.257987252419174e-05
1.0909347534187712,0.01004133904775537,6.35811931047554e-05
1.1021626562153741,0.009755751913932872,6.358412352305973e-05
1.1135061166113793,0.008711625398316606,5.69049321008329e-05
1.1249663239258456,0.008851742660541029,5.2507495458292155e-05
1.136544479718305,0.009908134222997878,7.069391887329746e-05
1.1482417979147437,0.009105131802054139,4.7686618028772125e-05
1.1600595049348759,0.009790171516222293,6.999246740830372e-05
1.1719988398207304,0.009122613973768368,5.090712571552926e-05
1.1840610543665595,0.0087671947464432,4.2345168236936455e-05
1.1962474132500842,0.00846553574815626,4.120184871549369e-05
1.2085591941650915,0.00849858973755796,4.61146148617054e-05
1.2209976879553954,0.009273333377991501,6.171663946127457e-05
1.2335641987501775,0.00823140585662148,4.528265594436658e-05
1.2462600441007192,0.009539040403072734,5.942871078943176e-05
1.259086555118543,0.009420608553642806,5.2820987457995416e-05
1.2720450766149736,0.008948376653532467,5.682551061266498e-05
1.285136967242137,0.008889860274054357,4.848814445508948e-05
1.2983635996354097,0.009352045398401967,5.233018639400847e-05
1.3117263605573342,0.008907721937424472,5.7311026285407194e-05
1.325226651043016,0.007932905316485538,4.001828145397239e-05
1.3388658865470175,0.008491489885037243,4.625908614720968e-05
1.3526454970917619,0.00825611843061618,4.477979195111054e-05
1.3665669274174659,0.009358493468604793,5.138767282649118e-05
1.3806316371336167,0.009398401281498185,5.915257468439227e-05
1.394841100872004,0.008449445840392594,3.71233483440251e-05
1.4091968084413324,0.009011392041490034,5.656627231568931e-05
1.42370026498342,0.00874098073855434,5.057205824365277e-05
1.4383529911310078,0.009073674827560014,4.501826777792556e-05
1.4531565231671921,0.009377113691620559,4.846893127026724e-05
1.4681124131864987,0.007949141785630175,4.2049746719748145e-05
1.483222229257613,0.00945623792474609,5.691227459827942e-05
1.4984875555877895,0.009149381199212256,4.830206087489738e-05
1.5139099926889386,0.008063028739653944,4.5641507321537216e-05
1.5294911575454513,0.007968956508556545,3.7527265669247176e-05
1.5452326837837227,0.008757216372865381,3.874429899785823e-05
1.5611362218434341,0.008632424392710428,5.151585320531454e-05
1.5772034391505954,0.009196280231025127,4.898159548279384e-05
1.5934360202923685,0.008151619729131459,4.800263243650836e-05
1.60983566719369,0.009352701933317376,5.22062121872898e-05
1.6264040992957118,0.008332024842559517,4.262259308932468e-05
1.6431430537360778,0.008130077955957517,3.7799600885834534e-05
1.6600542855310554,0.008809539597085294,4.849835149902723e-05
1.6771395677595442,0.008212863643500946,3.8487792840579714e-05
1.694400691748975,0.008146048811998126,4.0835134177661763e-05
1.7118394672631245,0.008336522199711554,4.382452057999886e-05
1.729457722691862,0.008158270492309843,3.7906047483581655e-05
1.747257305242849,0.007990974704216263,4.1850019043713994e-05
1.7652400811352127,0.008479404102376936,4.072031586396648e-05
1.783407935795211,0.00791206057167681,3.3280200472011055e-05
1.801762774053913,0.0078097828508663925,3.785703412662793e-05
1.8203065203469135,0.008041930371441332,5.3072359976033705e-05
1.839041118916102,0.007022285117253823,2.9980983907407155e-05
1.85796853401351,0.007769771089051737,4.091619525825683e-05
1.8770907501072551,0.007829146023742689,3.208113056016947e-05
1.8964097720896047,0.0083993507042306,4.654426540049319e-05
1.915927625487182,0.007877804079009957,4.058194901498232e-05
1.9356463566733342,0.008578221194391566,4.7938473881399535e-05
1.9555680330826875,0.00850626186877798,4.0584371372504177e-05
1.9756947434279097,0.007287524172282476,2.9132988976859402e-05
1.9960285979187038,0.009264599647057144,5.445874256388527e-05
2.016571728483055,0.007908656118654288,4.022530008171527e-05
2.0373262889907573,0.007408154016476636,3.2279867603275356e-05
2.0582944554792353,0.007971808124420344,3.406841241642519e-05
2.079478426381697,0.007372845342534479,3.391585225681078e-05
2.1008804227576285,0.007896907444301209,3.9026266870099385e-05
2.1225026885256653,0.007392272154911905,3.340074038874597e-05
2.144347490698858,0.0075683343838992174,3.60089856455284e-05
2.1664171196223614,0.007403986450099039,3.498525136915518e-05
2.1887138892135662,0.0074883900867056975,3.7096962656325895e-05
2.211240137204706,0.007795411450930306,4.068954880757396e-05
2.23399822538796,0.00740020339464515,3.2132676507439454e-05
2.2569905398630774,0.007384838099486949,3.157226886111174e-05
2.280219491287551,0.007060702978914893,3.143485389132096e-05
2.3036875151293654,0.007488384699446446,3.302609104204883e-05
2.327397071922347,0.006972097516065135,2.9702037053275583e-05
2.351350647524142,0.008249850429071176,4.20856670372538e-05
2.375550753376848,0.008657203068604721,4.482250177897868e-05
2.3999999267703305,0.007957900420052233,3.8434315685356956e-05
2.424700731108248,0.007547075522038447,3.264268182247827e-05
2.4496557561768135,0.007327376421374989,3.367838948929848e-05
2.4748676184163267,0.006877869623650765,3.2003653922264785e-05
2.5003389611954963,0.007860126478212876,3.581175961491467e-05
2.5260724550885865,0.007175600390826231,3.19373845970588e-05
2.552070798155418,0.007009694042907699,3.088141389060609e-05
2.5783367162242485,0.007304034032330733,3.1483434077934164e-05
2.604872963177567,0.007322299186862957,3.163408051354615e-05
2.631682321240825,0.007447782483988646,3.3870779113431315e-05
2.6587676012741466,0.007047943314097726,3.240683824256595e-05
2.686131643067038,0.007343813094642335,3.198737524195773e-05
2.7137773156361087,0.006387594762486941,2.363115158552752e-05
2.741707517525911,0.007125153987691701,3.161780466994952e-05
2.7699251771128166,0.006327565214567358,2.5730479262694566e-05
2.7984332529120546,0.006857921305735756,3.2068470644620876e-05
2.8272347338878983,0.00692324954323284,3.4624358609437046e-05
2.8563326397670474,0.006755040886963874,2.7421633250770906e-05
2.8857300213552364,0.006768654289872284,2.8792798674824252e-05
2.915429960857097,0.006424185526650447,2.23318956590744e-05
2.9454355721993193,0.007523736642503455,3.378682081934817e-05
2.9757500013571327,0.007011493175693402,2.7948488728506115e-05
3.0063764266841506,0.007150092614220797,3.62331958908303e-05
3.0373180592456075,0.006861111827198127,2.6334540554061726e-05
3.06857814315503,0.007200681595078365,3.379311117985456e-05
3.1001599559143664,0.0065087013470647645,2.52087654858645e-05
3.1320668087576227,0.006584048956923135,3.070581554956822e-05
3.1643020469980323,0.006961734142347313,2.6479065461711804e-05
3.196869050378799,0.006611771416358667,3.0486594443487665e-05
3.229771233427451,0.006084258110636979,2.5588101967217194e-05
3.2630120458138423,0.006133769023037035,2.734747753877444e-05
3.2965949727118344,0.006882501434265827,2.600862112421317e-05
3.330523535164707,0.006841697784673245,2.4476518162622158e-05
3.3648012904543236,0.006927696270118342,2.909662534546897e-05
3.3994318324741015,0.006329786561429037,2.2893248809373948e-05
3.4344187921058156,0.007275840725995721,3.2466782807179135e-05
3.4697658376002836,0.006823451810696252,3.44937291975564e-05
3.50547667496197,0.006169833575257665,2.6377943078587047e-05
3.541555048337543,0.006186101679210577,2.3293871209284174e-05
3.5780047404084376,0.0065292461963296425,3.002499815069818e-05
3.614829572787454,0.006041953674590932,2.1826621375965958e-05
3.6520334064194393,0.006447111525293593,2.3726731460509353e-05
3.6896201419860923,0.006672679730129906,2.6740717979467144e-05
3.727593720314938,0.005687794414812524,2.3565611884345406e-05
3.765958122792505,0.006619126072626479,3.037172808377522e-05
3.804717371781761,0.006559630727947111,2.460239607966244e-05
3.843875531043842,0.006404667314783717,2.389962785064399e-05
3.8834367061641224,0.006122346359076549,2.4058817205945518e-05
3.92340504498267,0.00639204667415795,2.566829133655884e-05
3.9637847380291307,0.005489391055474019,2.1409074879719024e-05
4.004580018962091,0.0061168458213950285,2.407497045378988e-05
4.045795165012961,0.005570731053708837,1.9164733446506682e-05
4.087434497434423,0.005287187491830511,1.7659415009385325e-05
4.129502381953506,0.005991627628442441,2.2299811569022412e-05
4.172003229229306,0.005836521969739921,1.919812365060942e-05
4.214941495315434,0.005652029378407351,1.9708283161200252e-05
4.258321682127213,0.005966060244008268,2.124340491970718e-05
4.302148337913691,0.006353570001887722,2.4723439784266594e-05
4.346426057734501,0.0063873392122897115,2.3668401529786787e-05
4.391159483941642,0.0064638494139063925,2.4650217171192585e-05
4.436353306666209,0.005877579760200987,2.0089321193492427e-05
4.482012264310136,0.00569983067917514,1.8218540503802e-05
4.5281411440429995,0.005381853525343497,1.721622851856069e-05
4.574744782303935,0.005784863742761418,2.0227070385565867e-05
4.621828065308724,0.005676003498899544,2.193186193215635e-05
4.669395929562083,0.005848990914117783,2.2628444562947843e-05
4.717453362375254,0.006395796411583409,2.0280486144070545e-05
4.766005402388892,0.00517369108251004,1.654972943133745e-05
4.815057140101363,0.0059413742651422494,1.9932860524215373e-05
4.864613718402424,0.005428458450394617,1.6775632465092784e-05
4.914680333112494,0.005578458456059765,1.7738283732066737e-05
4.965262233527376,0.005271106363581533,2.0681433794859304e-05
5.016364722968637,0.005635740030676863,1.842094891451093e-05
5.067993159339642,0.005126117034150547,1.5203799439803446e-05
5.120152955687307,0.005367814561944497,1.6066607897450454e-05
5.17284958076964,0.0056618067936003045,1.9850097792310126e-05
5.2260885596291144,0.005602770450635082,2.0906430781760408e-05
5.279875474171958,0.00545439037663024,1.6576800936630148e-05
5.334215963753385,0.005634159986126155,1.715038926569413e-05
5.3891157257688675,0.004940804579498102,1.455850000177654e-05
5.4445805162514835,0.005956784002489746,2.1286058050470734e-05
5.500616150475414,0.00494716421194359,1.6265381271691706e-05
5.557228503565658,0.004897527397067723,1.532357619799958e-05
5.614423511114009,0.0050107944205538555,1.663333643732224e-05
5.672207169801387,0.005339555486978305,1.6649229788965595e-05
5.730585538026564,0.005123746881360097,1.6976871227075832e-05
5.789564736541363,0.005234950375087875,1.514163294635238e-05
5.849150949092402,0.0050138727267643535,1.580133832358797e-05
5.909350423069427,0.00465021655093832,1.411306842746462e-05
5.970169470160338,0.005064974699329687,1.568647973494925e-05
6.031614467012935,0.005033513392216586,1.5846099625620904e-05
6.093691855903495,0.004790737024628094,1.3808130271131546e-05
6.156408145412214,0.0048298140545896115,1.518342379316234e-05
6.219769911105609,0.005322778175835703,1.6731693782458945e-05
6.283783796225942,0.004895346558707753,1.5178532350179732e-05
6.348456512387739,0.004245785942994253,1.1579278429240003e-05
6.413794840281477,0.005502163175225731,1.961691834438159e-05
6.4798056303845115,0.0048247605836597,1.2687041937254476e-05
6.546495803679329,0.004464053402134509,1.3100364598861485e-05
6.613872352379179,0.004598891620852558,1.190512828920194e-05
6.681942340661188,0.00468044347864496,1.575079503970235e-05
6.750712905407005,0.004483519326689457,1.1505894921387313e-05
6.820191256951084,0.004905367042548974,1.645537292592783e-05
6.890384679836652,0.004546182451375446,1.3566693962067957e-05
6.9613005335794735,0.003946657975755455,9.206799741023117e-06
7.032946253439464,0.005426659854537975,1.627888049593175e-05
7.1053293512002496,0.00441613481945875,1.0614755036713446e-05
7.178457415956751,0.004395958372862855,1.1771062971151473e-05
7.252338114910866,0.004678612461859735,1.39792318368844e-05
7.3269791941753555,0.004550758950472858,1.1907907084268852e-05
7.402388479585985,0.004403448982684252,1.28873416795877e-05
7.4785738775220425,0.004765796976597849,1.2748725516889558e-05
7.555543375735285,0.00445962768529755,1.0886037462429921e-05
7.633305044187428,0.004842194251301917,1.394009794778131e-05
7.711867035896253,0.004707232970146242,1.2547704345861241e-05
7.791237587790413,0.004308258575585567,1.0990217735273694e-05
7.871425021573054,0.004538234190618408,1.147470147134939e-05
7.952437744594302,0.004328705889982269,1.2454310988043175e-05
8.034284250732753,0.004708825479507109,1.4131655880164569e-05
8.11697312128602,0.004517828913896748,1.253540443731463e-05
8.200513025870444,0.004430171195306626,1.2333699833238891e-05
8.28491272333008,0.00428366696175924,1.1548803159176703e-05
8.370181062655027,0.004272673441815368,1.1527906503408172e-05
8.4563269839092,0.004406320141634994,1.1504718887881627e-05
8.543359519167682,0.004102911336099571,9.664438603777664e-06
8.6312877934637,0.004264820702657659,1.1770411092878692e-05
8.720121025745295,0.004320998091574937,1.0258707938377102e-05
8.809868529841992,0.004179133444749421,8.722186480290457e-06
8.900539715441251,0.004191162546271383,8.856628955478422e-06
8.992144089075056,0.004232931209061124,1.2439106416374052e-05
9.08469125511664,0.004225044175240904,1.1813818920421455e-05
9.178190916787463,0.004289615539545274,1.0907125541248068e-05
9.27265287717456,0.003902675064959832,9.3364412951716e-06
9.368087040258361,0.003694453023926571,8.289529983388698e-06
9.464503411951085,0.0038608293491178094,8.28876668710263e-06
9.561912101145818,0.003927782061560116,9.89107632784985e-06
9.660323320776397,0.0042022782851373385,9.848275192288104e-06
9.759747388888192,0.0037429253278284443,8.661571148076903e-06
9.860194729719922,0.004098427539504985,1.0388226205318253e-05
9.96167587479659,0.00414166863267542,1.0596802124447597e-05
10.06420146403368,0.003955928471924389,9.33966748301522e-06
10.167782246852706,0.0036006794522117675,8.316021291033459e-06
10.272429083308252,0.003999839571333656,9.735428827512109e-06
10.378152945226606,0.0038915785770115086,9.941912110596336e-06
10.484964917356116,0.003974717349370555,1.0007127146305174e-05
10.592876198529385,0.003661442554068232,8.736402239994413e-06
10.701898102837424,0.003905580082352479,9.298860089501803e-06
10.812042060815891,0.003586988857126993,7.5070058367991915e-06
10.923319620643543,0.0038369144155514386,8.849239829031075e-06
11.035742449353016,0.0036279039514059254,8.588579083353726e-06
11.149322334054071,0.0036325022120120877,8.257721765512258e-06
11.26407118316943,0.003891542822503878,8.54200716852619e-06
11.380001027683322,0.0036733432926036994,7.917777251476934e-06
11.497124022402897,0.003662914049100048,7.729492381131525e-06
11.615452447232602,0.003826879832948825,9.138934887006293e-06
11.734998708461688,0.003361845106994291,6.79082254483387e-06
11.855775340064962,0.0038306529223657813,9.272702244860526e-06
11.977795005016924,0.0039423744487637495,8.074421426977846e-06
12.101070496619435,0.004029574322302029,9.669906759323418e-06
12.22561473984305,0.0034866669318370565,6.839984284549304e-06
12.35144079268214,0.003529231370157206,7.086086216751818e-06
12.478561847523991,0.003671534747703848,8.528882279683179e-06
12.606991232531962,0.0037553651719115727,8.022333925841128e-06
12.736742413042897,0.003238102173818538,5.841905590144151e-06
12.86782899297892,0.0031015530954707927,6.052301758229538e-06
13.000264716273742,0.0033840178040441472,7.508573150244733e-06
13.134063468313677,0.0036277479221076157,8.64376961226863e-06
13.269239277393462,0.00335422074277359,6.410763345564938e-06
13.40580631618707,0.0035601394478344695,6.982863250121407e-06
13.543778903233669,0.003315662386030714,6.590324299834819e-06
13.68317150443886,0.0035850695067961686,8.327816630864177e-06
13.823998734591378,0.0037876841742645953,8.021017751606933e-06
13.966275358895388,0.0035757630673178575,8.100886944974041e-06
14.110016294518575,0.0035133310326151803,7.296330240701678e-06
14.255236612156143,0.003520907762248607,8.010253764752531e-06
14.401951537610922,0.003545811585089564,8.151145735702752e-06
14.550176453389735,0.0034383375796409195,7.180517169636081e-06
14.699926900316205,0.0031520789578661787,6.1941429220793096e-06
14.851218579160136,0.00316565401431532,6.039316696528656e-06
15.004067352283695,0.0034259356752084917,6.8303180494673684e-06
15.158489245304509,0.0030384433378559564,5.866122847572566e-06
15.314500448775899,0.0027851341644220683,4.646923189906517e-06
15.472117319884427,0.003532628418283824,7.130363184719225e-06
15.631356384164755,0.0027864111315120954,4.818831626001755e-06
15.792234337232482,0.0033201619007821636,6.659307113773255e-06
15.954768046534484,0.0029866730194321243,5.945599762915864e-06
16.11897455311744,0.0029004580400603616,5.407464112751119e-06
16.284871073414507,0.003500684620929855,6.763691166180107e-06
16.452475001050423,0.0033907118771602835,6.304023209120506e-06
16.621803908665143,0.0033945883208355778,6.739438185924798e-06
16.79287554975626,0.003150809996874384,5.633142664406996e-06
16.965707860540416,0.0027449956418562392,4.482420113610082e-06
17.140318961833827,0.002873073185316046,5.5068704867468455e-06
17.316727160952187,0.0029655247720369675,6.271793524078467e-06
17.494950953630124,0.003241089987592095,6.050613869393036e-06
17.675009025960403,0.0030431412893165855,4.889521184450264e-06
17.856920256353096,0.003019984966186401,5.934224276591e-06
18.040703717514916,0.0031641287684170526,5.8552754066476e-06
18.22637867844891,0.0032985899437115544,6.6675797567786504e-06
18.413964606474746,0.0029759452172192715,5.217073739175787e-06
18.603481169269788,0.003092767705005477,5.049783803730401e-06
18.794948236931177,0.0031022598666552836,5.864017156847193e-06
18.98838588405913,0.002872156546574412,5.1552915637764594e-06
19.183814391861706,0.0029942858090203943,5.284206026124592e-06
19.381254250281188,0.0030700761122952557,5.659498902197759e-06
19.580726160142387,0.0027750063849633633,4.443706122015358e-06
19.78225103532306,0.002812302194346083,4.584497658313973e-06
19.985850004946627,0.0030440614020314175,5.833839941870312e-06
20.191544415597495,0.002678671705693482,4.261894705687735e-06
20.39935583355916,0.0029001960775997897,4.681244700250737e-06
20.60930604707536,0.00268491633172764,4.408826448588695e-06
20.821417068634478,0.002754973684474957,5.037109704374419e-06
21.035711137277474,0.0027546282969884823,4.386316720355049e-06
21.25221072092957,0.0027156318578478657,4.088189189812481e-06
21.470938518755915,0.002581405649412604,4.288188210763884e-06
21.69191746354152,0.002952153663557061,5.6344598888678075e-06
21.915170724095667,0.002580586816288772,3.917485759960042e-06
22.140721707681067,0.0028909227004141175,5.053941088195057e-06
22.368594062468038,0.0025646179856184193,3.8641981227986e-06
22.598811680013903,0.0026142142977356865,4.0881721362311915e-06
22.831398697767955,0.0026281577506222435,4.520685260424871e-06
23.06637950160217,0.0026622795937379165,3.863842010972461e-06
23.303778728367956,0.002950282953032004,5.015624864897935e-06
23.543621268479257,0.002744030959724472,4.373003033799138e-06
23.78593226852221,0.0028670415976083776,4.724221478541303e-06
24.030737133891666,0.0024962423307978705,3.94153862655465e-06
24.27806153145486,0.0027315829983257586,3.7629199501219403e-06
24.527931392242472,0.002460317303310615,3.995668642205644e-06
24.78037291416741,0.002587092056445316,4.225186663196045e-06
25.035412564771548,0.0024912534385132345,3.5280258643870345e-06
25.293077084000775,0.002525555290342633,3.7154320301649202e-06
25.55339348700854,0.002572558733989564,3.776736389513377e-06
25.81638906698833,0.0023505757578254284,3.6760343276452398e-06
26.08209139803521,0.002429203348305654,4.017385962455925e-06
26.350528338036913,0.0027044111369679946,4.002664494770365e-06
26.621728031594603,0.002362905463033251,3.4186220689638504e-06
26.895718912973738,0.002436385654513732,3.5620602552646348e-06
27.1725297090853,0.002382562496272735,3.288292442530061e-06
27.452189442497694,0.0022982694904221785,2.8701337519404446e-06
27.734727434479723,0.0024333506962448755,4.117596842904956e-06
28.02017330807458,0.0024003418237479998,3.6330273723057285e-06
28.308556991206046,0.0022467523679961547,3.0851926500639696e-06
28.59990871981611,0.002640021939266143,3.851924453179958e-06
28.894259041035127,0.0023246060461182467,3.2466626901182184e-06
29.191638816384597,0.002385519032829737,3.2862936911149283e-06
29.492079225012855,0.0025640710088097036,4.371876669668086e-06
29.795611766964097,0.0024501349764563403,3.369000144550739e-06
30.102268266481044,0.0023019701619787303,3.3804306838095842e-06
30.412080875341594,0.002250759440120926,3.3562766611150096e-06
30.725082076229803,0.0023672056506901396,3.5011500548937975e-06
31.041304686141583,0.002347912520075644,3.2991398927219725e-06
31.360781859825444,0.0025107485459419997,3.645325597954231e-06
31.68354709325863,0.0023402238031665383,3.1137882419340306e-06
32.009634227159054,0.002326133711361728,3.704609356113806e-06
32.339077450533374,0.0023879021626052794,3.2051853084926148e-06
32.67191130426158,0.002325038106094172,3.22755954840834e-06
33.00817068471846,0.0021739322259979378,2.6860006096055796e-06
33.347890847432375,0.0021800753511617443,2.700668004496179e-06
33.691107410781655,0.002370400841807833,2.886538111926097e-06
34.03785635972906,0.0021964740437805065,3.4841171354958084e-06
34.38817404959467,0.0020990706277535204,2.392492157848449e-06
34.742097209867566,0.002145665759437503,2.46490280384103e-06
35.09966294805684,0.002276901430602426,2.779081560231247e-06
35.46090875358213,0.0020925530303631556,2.574748681041177e-06
35.825872501704275,0.0022866042124380617,3.0470548440881983e-06
36.19459245749636,0.00197934780008621,2.495167910373407e-06
36.5671072798557,0.0019855788055474673,2.2252850151832336e-06
36.94345602555705,0.0023440588900293315,3.113203070668921e-06
37.32367815334758,0.0020194097479548606,2.223689034096563e-06
37.70781352808397,0.00211493301163168,2.773692408180931e-06
38.09590242491209,0.002122132029687063,2.68527668496019e-06
38.48798553348969,0.002068248928373592,2.7863499706966834e-06
38.88410396225259,0.0019245507275444014,2.4725283574517852e-06
39.28429924272467,0.002112098472199062,2.584275869091895e-06
39.68861333387238,0.0021398661892039466,2.738863944163036e-06
40.09708862650395,0.001829512610334553,1.92621809748899e-06
40.50976794771385,0.002077831107909294,2.578255250388586e-06
40.92669456537314,0.0021170164685723157,2.347439937047966e-06
41.347912192665895,0.0018382641186976494,2.2682475047045854e-06
41.77346499267236,0.002034852394368718,2.545020702985125e-06
42.203397582999294,0.0019280189721295803,2.3985536284372246e-06
42.63775504045798,0.001958242923807788,2.2419280782923306e-06
43.076582905790325,0.0020118629463450745,2.42127273086026e-06
43.51992718844363,0.0019484964711462285,2.427793238968091e-06
43.96783437139457,0.002218641918715582,2.7836841069957337e-06
44.42035141602267,0.0018649862862138995,2.15691068850208e-06
44.87752576703409,0.0019860226556415324,2.3573195389774174e-06
45.33940535743603,0.0018651553801864109,1.871087062344322e-06
45.80603861356225,0.0018091720567158915,1.8480320566071254e-06
46.27747446015049,0.0018863837083438985,2.316191232159716e-06
46.75376232547197,0.0019197052092763949,2.2242087910816057e-06
47.23495214651377,0.001908533647882637,2.1568893500559323e-06
47.72109437421459,0.0018845518142819393,2.2725506195075135e-06
48.21223997875425,0.0019243707973887504,2.2233660299920455e-06
48.7084404548978,0.001745285137743295,1.8168389613741924e-06
49.2097478273945,0.0020311574892832975,2.557906338120458e-06
49.71621465643256,0.0018724312659991295,2.166905063765567e-06
50.22789404314946,0.0017938914524990828,1.726903273387204e-06
50.744839635199966,0.00193809936325986,2.4744758994206032e-06
51.26710563238056,0.0016947868170957632,1.7588098706320899e-06
51.794746792312125,0.0017189749079202375,1.7668931767547434e-06
52.3278184361811,0.0019080528573496894,2.2592665359514187e-06
52.866376454539676,0.001725032218269922,1.8485878542090386e-06
53.41047731316575,0.0015996584591545094,1.5692932975369241e-06
53.96017805898312,0.0016819924803603977,1.8454479418664316e-06
54.51553632604262,0.001771607592149114,2.179559750635829e-06
55.076610341564894,0.0017877694083884314,1.8400880952088136e-06
55.64345893204524,0.0015697819979259584,1.3595388160697481e-06
56.216141529421385,0.0017015532868155958,1.8147930412595246e-06
56.79471817730467,0.0017126045637915915,1.7637087673217881e-06
57.37924953727541,0.0017543758341818224,1.687632951115805e-06
57.96979689524306,0.0016358290716683103,1.5117594141167618e-06
58.56642216787176,0.001824247650708267,2.2197107804261925e-06
59.169187909072086,0.0015985300241590833,1.5626039454515989e-06
59.778157316559614,0.0016026286638346837,1.4347698024795428e-06
60.39339423848093,0.0016679154658403978,1.4944544593974117e-06
61.01496318010789,0.0016696186684772858,1.7108218286220434e-06
61.642929310600735,0.001565970477218652,1.5669607917771228e-06
62.277358469840834,0.0017086466677880693,1.694959657296251e-06
62.918317175333776,0.0016564748828594752,1.7550222465351107e-06
63.565872629183445,0.0015905328745619265,1.4792176006600886e-06
64.22009272513792,0.0016004575945422154,1.5303802856564579e-06
64.8810460557079,0.0017649329163187608,2.0230245128860324e-06
65.5488019193583,0.0015585450123421056,1.34862172554688e-06
66.22343032777404,0.0015113575470116613,1.4227604406999379e-06
66.90500201320042,0.0014932240746638415,1.3781379029280767e-06
67.59358843585916,0.0013572752124655506,1.1484261156604e-06
68.28926179144074,0.0014415029109432242,1.212631289581926e-06
68.99209501867382,0.0016142562019567132,1.3904285359007811e-06
69.70216180697267,0.0016488890628294935,1.6421747839888189e-06
70.41953660416308,0.0015000194660589187,1.2892982074238481e-06
71.1442946242881,0.0014662571945385757,1.2057474846610597e-06
71.87651185549379,0.0014548237259560187,1.3756655692175707e-06
72.61626506799647,0.0014553896196199264,1.3037179068804626e-06
73.36363182213161,0.0015835004128594355,1.3383841105390148e-06
74.11869047648584,0.0014913764470570058,1.5048554182448464e-06
74.88152019611255,0.0015672891956018589,1.4002481836184905e-06
75.65220096083199,0.0016016094805871102,1.4791638273748832e-06
76.43081357361693,0.0014141107975115521,1.150877215970064e-06
77.21743966906448,0.0014560956379122316,1.185383669436884e-06
78.01216172195518,0.0014028823905363962,1.1291273532677017e-06
78.81506305590025,0.001497091917287942,1.4384912751654193e-06
79.62622785207765,0.0015428889918714598,1.494277408351501e-06
80.44574115805817,0.0013726492508851285,1.238332292020771e-06
81.27368889672245,0.001417511473864353,1.1543896547907517e-06
82.11015787526955,0.00141726158567073,1.2036193743368582e-06
82.95523579431843,0.0015451858493960467,1.436884045164771e-06
83.80901125710298,0.0014154749735044798,1.255524010646296e-06
84.6715737787618,0.0013372170600991192,1.0378641857830424e-06
85.54301379572345,0.0014040802174459942,1.1567038767509976e-06
86.42342267518845,0.0012637798901241556,9.64444983095473e-07
87.31289272470868,0.001386491455878744,1.1734582226216224e-06
88.21151720186575,0.0013759851619827839,1.1550502171773127e-06
89.11939032404797,0.0014485321090776059,1.314905971992671e-06
90.03660727832975,0.001371736791240224,1.0751807012155753e-06
90.96326423145088,0.0012749487902440145,9.894194886253487e-07
91.89945833989943,0.0014347625097565282,1.4068428239854092e-06
92.84528776009826,0.0013387910002867637,1.1478179019471343e-06
93.80085165869636,0.0012625357124841912,1.0142471567018838e-06
94.76625022296605,0.0013643064228809586,1.0371581950606004e-06
95.74158467130731,0.0014863389591495964,1.3329241949658482e-06
96.72695726386006,0.0014048688258274631,1.1243764297523187e-06
97.72247131322582,0.001342216268130544,1.0187226134861322e-06
98.72823119529966,0.0012216798703535386,8.508552981702824e-07
99.7443423602135,0.0012929650895498075,9.393338064360321e-07
100.77091134339231,0.001295505440349509,1.088042342851106e-06
101.80804577672387,0.001127347025364048,8.31058621580043e-07
102.85585439984357,0.001225389486352859,9.471237000405091e-07
103.91444707153532,0.001184826353530663,8.481952474917731e-07
104.98393478124994,0.0012474159799919311,9.629016446775484e-07
106.06442966074185,0.0011949308301298215,8.742273535380974e-07
107.15604499582577,0.0012720953990849502,9.557199607011974e-07
108.25889523825423,0.0012613558903292773,9.258492410602892e-07
109.37309601771746,0.0012572953609163268,1.0149811729052825e-06
110.49876415396669,0.0012798487514566832,9.296113265241946e-07
111.63601766906231,0.0012921615942326431,9.016553872981796e-07
112.78497579974798,0.001349820036100653,9.959541815440431e-07
113.94575900995217,0.0011615113319609455,8.099810336785805e-07
115.11848900341839,0.0011321276040656832,8.215987905409076e-07
116.3032887364653,0.0012472477735046821,9.422880592879525e-07
117.50028243087829,0.0011432714849476749,7.893431235601332e-07
118.7095955869336,0.001207968994410553,8.531670064170878e-07
119.93135499655658,0.001179360137938274,8.896868616023565e-07
121.16568875661537,0.0012409094930699001,9.321089666936457e-07
122.41272628235131,0.001205373118289642,8.108087430810289e-07
123.67259832094773,0.0011536097374139423,7.841243431511568e-07
124.94543696523819,0.0011777003718328376,7.945991627312077e-07
126.23137566755601,0.0010817399665305977,7.478630866102881e-07
127.5305492537262,0.0011601826707992146,6.918011367129531e-07
128.84309393720147,0.0011443207048109569,7.270888623591102e-07
130.1691473333436,0.001183464585573996,8.426569775830912e-07
131.50884847385205,0.001071743590451942,7.749827239288067e-07
132.86233782134082,0.0011072367333367463,6.897691274832294e-07
134.22975728406536,0.001049665967304613,6.907952748253392e-07
135.6112502308012,0.001180383006134997,9.477270568476173e-07
137.00696150587572,0.0010693133549417812,6.95740691704604e-07
138.4170374443543,0.001145428325776875,7.419068106997163e-07
139.84162588738317,0.001091813767466372,7.723835604885911e-07
141.28087619768996,0.0010632880021008938,6.457753722179653e-07
142.7349392752438,0.0011314938696600964,7.866326800699592e-07
144.2039675730766,0.0011073287582221648,7.745083669943163e-07
145.68811511326726,0.0010689305650081258,6.547450633155383e-07
147.18753750309014,0.0009907892107927868,5.955198685817322e-07
148.70239195133013,0.0011441586618450197,7.325363859795251e-07
150.23283728476517,0.0010638840972845183,6.560189066703666e-07
151.77903396481875,0.0009267847246035631,5.433615298826356e-07
153.34114410438372,0.0010488565632338761,5.931887449186451e-07
154.91933148481908,0.0010375820375584728,6.810315006893313e-07
156.513761573122,0.0011463248125488153,6.932892044207742e-07
158.12460153927665,0.0010797915817141869,7.253634817751337e-07
159.75202027378003,0.0009938402203706989,6.820543731797518e-07
161.3961884053515,0.001018393796540967,6.128631881831615e-07
163.0572783188212,0.0010370489313663038,6.336891395644285e-07
164.73546417320432,0.0009629553486229696,5.711568513411973e-07
166.43092191996104,0.000977007279838545,5.163438473356838e-07
168.1438293214443,0.0009217155127981779,5.538860555475266e-07
169.8743659695375,0.0010952389725407427,8.009374515651961e-07
171.62271330448425,0.0009618888467040928,5.393561499935741e-07
173.38905463391137,0.0008804907479421047,4.783488712848797e-07
175.17357515204827,0.0009686297972937316,5.483481243633028e-07
176.97646195914368,0.0009152152116898448,4.999776637579968e-07
178.79790408108252,0.0011089435294726598,7.58071851894404e-07
180.63809248920455,0.0009608073127355552,5.70592535744167e-07
182.49722012032694,0.0009396004246050768,5.254590576225531e-07
184.37548189697299,0.0009375782636174842,5.417806614975196e-07
186.273074747809,0.0009703791266379114,5.816236654598251e-07
188.19019762829154,0.0009200578620307553,5.051154011887936e-07
190.1270515415272,0.0009900699841230655,5.729645822472234e-07
192.0838395593469,0.0009295090256441944,5.352275752789405e-07
194.06076684359735,0.0008730284251436018,4.717091610203839e-07
196.0580406676513,0.0009040955347386748,4.909004565238941e-07
198.0758704381397,0.0008332835376311464,3.6550539700496565e-07
200.11446771690674,0.0009932089942601753,6.067777800739626e-07
202.17404624319175,0.0009639496034415136,5.265537402165277e-07
204.25482195603868,0.0009284747052489029,4.6760671099645514e-07
206.35701301693658,0.0009365601717412819,4.7678614836930655e-07
208.48083983269305,0.0008607389050186212,5.06305611688216e-07
210.62652507854295,0.0008805875180680061,4.4785170430999523e-07
212.79429372149525,0.0009444237219865637,5.319962081635121e-07
214.9843730439197,0.0009213102966655324,4.804293604465431e-07
217.19699266737683,0.0008721051895622591,4.0705154482301265e-07
219.4323845766926,0.000935805817788701,5.33603963518475e-07
221.69078314428148,0.000881882713511595,4.494097987753769e-07
223.97242515471916,0.0009365331457912736,5.180754885801433e-07
226.27754982956876,0.00086426804107058,4.2497069976605233e-07
228.6063988524622,0.0008467832326522868,4.6286999771936703e-07
230.95921639443995,0.0007864064114128462,3.409538501407905e-07
233.33624913955123,0.000791750756608463,3.6262918255476413e-07
235.73774631071805,0.0008469282074985396,4.4463598019361206e-07
238.16395969586532,0.0007922520219138451,3.754887520454947e-07
240.6151436743197,0.0008473971729448745,4.570269675837563e-07
243.09155524348054,0.0008977141016584401,5.323991398854363e-07
245.5934540457649,0.0008285175035277562,4.177225100235283e-07
248.12110239583012,0.0008828502553591285,4.881303097013317e-07
250.67476530807662,0.0007685016025934954,3.517589547198007e-07
253.25471052443356,0.0007628969804804556,3.534625535390146e-07
255.86120854243057,0.0008374818027800871,4.1818416914936435e-07
258.4945326435585,0.0007700307134637242,3.293491726632338e-07
261.1549589219219,0.0008261285339465697,4.164533755214338e-07
263.8427663131862,0.0007889188755902324,3.7664399359656196e-07
266.55823662382363,0.0007650136518197447,3.2553613941564734e-07
269.301654560659,0.000731847511389066,3.1778837296984204e-07
272.07330776072047,0.0007708616783426186,3.2851097413944016e-07
274.87348682139697,0.0007469352449505028,2.9164677675407854e-07
277.70248533090654,0.0007815001595953769,3.3096128382425945e-07
280.5605998990777,0.0008624372781515169,4.40370105523225e-07
283.4481301884486,0.0007909180253688648,3.6283504576202875e-07
286.36537894568295,0.0007614693167536886,3.525173094651997e-07
289.3126520333157,0.0007627580365116059,3.3913130316052683e-07
292.29025846181906,0.0007392707884761171,3.4161019780935255e-07
295.2985104220015,0.0006882203610204388,3.5468560392056673e-07
298.3377233177402,0.0008104628053820268,4.038456637022727e-07
301.4082157990495,0.0008039025258184876,3.744068818926959e-07
304.5103097954905,0.0007119025813646398,3.07251698461309e-07
307.64433054992395,0.0007599292454404132,3.5328032120341745e-07
310.81060665261083,0.00077318455787043,3.7127242579032914e-07
314.00947007566384,0.0007524575604508099,3.591349722528277e-07
317.24125620785327,0.0007161840471396767,3.165681601695498e-07
320.5063038897714,0.0007210846287555724,3.125841959822546e-07
323.8049554493587,0.0006875534309422283,2.8113243095391877e-07
327.1375567377953,0.0006694205093462358,2.6937618777500426e-07
330.50445716576263,0.0007556635151536942,3.2296817832893264e-07
333.9060097400775,0.0007292835455813393,3.540573435355876e-07
337.34257110070354,0.0006584961111681116,2.745516378627415e-07
340.81450155814383,0.0006752751120554005,2.406813178394514e-07
344.3221651312178,0.000730582370613203,3.3589754114751726e-07
347.8659295852274,0.0007215777829441256,3.272369758881403e-07
351.44616647051566,0.0006563102419399097,2.520064911787586e-07
355.06325116142284,0.0006971139603245117,2.6844429384383635e-07
358.71756289564246,0.0006504648654799957,2.5504223130008125e-07
362.4094848139833,0.000680462353527919,2.895248285604794e-07
366.1394040005401,0.00059964506466648,2.1492714768541213e-07
369.90771152327795,0.0006197306663795265,2.3779556347233858e-07
373.7148024750343,0.0007138708734939541,2.9870159028333055e-07
377.56107601494284,0.0006351239182134271,2.3460659097259634e-07
381.44693541028397,0.000626564976280689,2.5585788165181843e-07
385.37278807876584,0.0006441238852484706,2.508052948857856e-07
389.33904563124037,0.0005944356931417131,2.1045229676395326e-07
393.34612391485945,0.0006500067305876798,2.3674614667864083e-07
397.3944430566745,0.0006867813852043677,2.59206198322597e-07
401.4844275076856,0.0006434383719630473,2.5198659106034474e-07
405.61650608734345,0.0006356332836596214,2.339702583659192e-07
409.7911120285093,0.0006189917022260076,2.086941560282139e-07
414.0086830228781,0.0005983642311357414,2.2968392603706312e-07
418.26966126686847,0.00063091986139956,2.222695521113474e-07
422.5744935079856,0.0005919651820413853,2.197188549738345e-07
426.9236310916611,0.0006461005546114845,2.5752627208695855e-07
431.31753000857447,0.000603647783351221,2.0423862270078817e-07
435.75665094246233,0.0006103424227875765,2.380383176303867e-07
440.24145931841934,0.0006572659957675807,2.660347228871719e-07
444.77242535169626,0.0006344710410357777,2.2358554511433716e-07
449.3500240970001,0.0006337480187764306,2.846618855889243e-07
453.9747354983019,0.0005988537074614787,2.1409708514258953e-07
458.6470444391573,0.0006020173962880177,2.0436176801982747e-07
463.36744079354423,0.0006028671095919873,1.9067691029599193e-07
468.1364194772249,0.0005685177475090595,2.050415667664818e-07
472.9544804996353,0.0006293897339846638,2.5515120237859553e-07
477.8221290163099,0.0005560493496842084,1.779210525176473e-07
482.73987538184485,0.0005834747114492622,2.1643084104266555e-07
487.70823520340684,0.0005718097792849827,2.0814418929131322e-07
492.72772939479273,0.0006164481702287138,2.3266065632064603e-07
497.79888423104524,0.0005800379066573516,2.0909228292558524e-07
502.92223140363086,0.0005452522094422179,1.5084702011378796e-07
508.098308076187,0.0005205091489800473,1.6444035674047803e-07
513.3276569408371,0.000528876634129372,1.8043371565973365e-07
518.6108262750961,0.0005693071431172055,1.7346604273249188e-07
523.9483699993517,0.0005561475308318854,2.0629008129957e-07
529.3408477349408,0.0005688221508195766,1.9253117121497384e-07
534.7888248628248,0.0005559062270359136,1.9165040628218806e-07
540.2928725828668,0.0004951021769723586,1.383286627139329e-07
545.8535679737204,0.0005514754071191637,1.73840769862717e-07
551.4714940533336,0.0005511013128242016,1.720904181549985e-07
557.1472398400766,0.0005211601424123125,1.5668535463979802e-07
562.8814004144979,0.0005102089579402424,1.5179364647124726e-07
568.6745769817161,0.0006105434673743975,2.2094648691823908e-07
574.5273769344543,0.0006116467092763095,2.3315592975491325e-07
580.4404139167228,0.0005207441236907578,1.855860988557209e-07
586.4143078881574,0.0005276115671448028,1.4447189149341834e-07
592.4496851890195,0.000532167176991495,1.7705833109903033e-07
598.5471786058663,0.0005220794093046558,1.765453817251113e-07
604.7074274378949,0.0005119468882831728,1.5115806102711765e-07
610.9310775639718,0.000542384136995565,1.7899976763833737e-07
617.2187815103498,0.0005430516474034781,1.637440879798553e-07
623.5711985190832,0.0005591022215515182,1.840393639483994e-07
629.9889946171471,0.0005147009381154886,1.5204297349488934e-07
636.4728426862677,0.0005346926230217793,1.603969130220478e-07
643.0234225334711,0.0005590049430366833,1.8202529008588836e-07
649.641420962359,0.0005407368251069568,1.711450841041059e-07
656.3275318451172,0.0004998331946066741,1.556883961137705e-07
663.0824561952651,0.0005406019449191265,1.7275190579289757e-07
669.9069022411554,0.0005673476428122614,1.9516104563545999e-07
676.801585500228,0.0005191435183155127,1.5567536546090276e-07
683.7672288540301,0.00044843756356196304,1.1512004328190441e-07
690.8045626240072,0.0005050476863886541,1.5420805936198906e-07
697.9143246480745,0.0004917042027253126,1.4418521888795468e-07
705.0972603579769,0.0004951840215557065,1.5008578273569527e-07
712.3541228574442,0.0004497092876461285,1.210256803224979e-07
719.6856730011514,0.0005049061641226103,1.504389493626587e-07
727.0926794744915,0.0004962026076879199,1.5342736684427558e-07
734.5759188741692,0.00048529114675348995,1.3799596284031696e-07
742.1361757896241,0.00048564232266155004,1.649948994223594e-07
749.7742428852919,0.00045599935653365856,1.467269654017312e-07
757.4909209837125,0.0004881316967842302,1.365447914420897e-07
765.287019149493,0.0004885182366249053,1.5852798818603087e-07
773.163354774135,0.0004545865745212492,1.305799347590484e-07
781.1207536617355,0.00045286131116150556,1.2285794328675195e-07
789.1600501155688,0.0004561685517512079,1.1500666290523182e-07
797.2820870255604,0.00045837602474567597,1.269998435728987e-07
805.4877159566604,0.0004277914851819235,1.0241848511628163e-07
813.7777972381275,0.0004557653518094473,1.355477803427445e-07
822.153200053731,0.00044245988396784144,1.141685168799944e-07
830.614802532881,0.0004691864844592353,1.361477068332512e-07
839.1634918426977,0.00044248582624059927,1.1867186239531684e-07
847.800164281027,0.00044943742359062656,1.1782489454369298e-07
856.5257253704144,0.0004331021101078486,1.0995208124930592e-07
865.341089953045,0.0004569897849029466,1.1225976932794726e-07
874.2471822866618,0.0004771665481864757,1.3543909045640743e-07
883.2449361414705,0.0004358236375730789,1.0613650421882958e-07
892.3352948980415,0.0004392181741443742,1.3301720519490075e-07
901.5192116462205,0.0004146667469557226,9.483003743413688e-08
910.7976492850571,0.000428058649177005,1.0130783993877831e-07
920.1715806237551,0.00041976627237508393,1.0803775257596152e-07
929.6419884836777,0.0004261928507647161,1.1397331810963963e-07
939.209865801386,0.00039379868854835017,8.848191291545998e-08
948.8762157327465,0.0003818584668902655,9.172365124157534e-08
958.6420517581076,0.0004200269410520273,1.0977183098821971e-07
968.50839778856,0.00042414654917365786,1.2411617515240968e-07
978.4762882732892,0.0004456869637404327,1.1202093340280254e-07
988.5467683080342,0.0004066490940182039,1.1231229854610986e-07
998.7208937446612,0.0004220433709871593,1.065415685601557e-07
1008.9997313018665,0.00040371524329259345,1.0019278326870202e-07
1019.384358677017,0.0004417131117483218,1.1080776457062483e-07
1029.8758646591436,0.00039614858891529633,1.0109218907190419e-07
1040.475349243096,0.0004370250581283813,1.0336013894218346e-07
1051.183923744873,0.00042446453367751857,1.0234724666802209e-07
1062.0027109181406,0.00040318592242320165,9.756802808433853e-08
1072.9328450719477,0.00039275815751117234,9.000645498619493e-08
1083.9754721896538,0.00038567171438869986,8.868053089333702e-08
1095.1317500490825,0.00038060742123559007,8.229554465767344e-08
1106.4028483439083,0.00040236924763455,1.051914157889312e-07
1117.789948806296,0.00042045021160564045,1.0945588157448105e-07
1129.2942453308003,0.0003617427244316239,7.269082088463489e-08
1140.9169440995413,0.00041021698593817076,1.1029697277004258e-07
1152.6592637086678,0.0003664003267663817,7.66099150154006e-08
1164.5224352961227,0.00033864091850613484,7.705524480745022e-08
1176.5077026707233,0.000402019299052929,9.673491512364022e-08
1188.61632244257,0.00035211525132057645,7.171776817952409e-08
1200.849564154797,0.00038911388851411364,9.191636331769192e-08
1213.2087104166792,0.0003789766621779123,9.135715663525406e-08
1225.6950570381084,0.0003799290322455359,8.311926209643342e-08
1238.309913165455,0.0003369236027292889,6.646822712089835e-08
1251.054601418827,0.0003891997766493488,1.0076058686421233e-07
1263.9304580307403,0.0003781625008677834,8.27429678584779e-08
1276.9388329862197,0.0003712603752069366,9.159715312406994e-08
1290.081090164338,0.000326306559677057,6.474835012691407e-08
1303.358607481215,0.0003475891431910458,6.542842084188533e-08
1316.7727770344852,0.0003466708238536127,7.769929741378402e-08
1330.325005249256,0.00034038162011377506,7.166461291759529e-08
1344.0167130255643,0.0003231946105278791,6.273292258426985e-08
1357.8493358873532,0.000342653585834173,6.14156699565059e-08
1371.8243241329815,0.00036398581141355814,7.349225116928749e-08
1385.9431429872818,0.0003424235734335049,6.933625938879571e-08
1400.2072727551836,0.0003486717558106849,7.197104138548244e-08
1414.6182089769181,0.0003235753433127402,6.396511523740288e-08
1429.1774625848193,0.0003321287905861168,7.388915265374767e-08
1443.8865600617405,0.0003411823020419652,7.402523645425833e-08
1458.7470436010994,0.0003395189137279195,7.117889900178546e-08
1473.760471268572,0.000374847385529372,9.108977813868271e-08
1488.9284171654492,0.00032394693808089224,6.878711083664529e-08
1504.2524715936759,0.0003137893316604347,6.163668782136396e-08
1519.7342412225878,0.00034788553091224205,7.229057327071682e-08
1535.375349257365,0.00029073386101405145,5.897974670977808e-08
1551.1774356092187,0.00035729410102314316,7.220665762422554e-08
1567.14215706733,0.0003151413687803443,6.05725341240333e-08
1583.2711874725571,0.00033747940213890904,6.838342097051367e-08
1599.5662178929326,0.00030339171504752507,5.1790791396550094e-08
1616.0289568009644,0.0003255153729017357,6.611894542108212e-08
1632.6611302527667,0.00033443334724000143,6.409320198197421e-08
1649.4644820690169,0.0003156758818903171,6.046996358103246e-08
1666.440774017808,0.00029453577821840667,5.5647385951198745e-08
1683.5917859993515,0.00029229985501609556,5.257052942041893e-08
1700.9193162325946,0.00037073634282055556,7.612711057172726e-08
1718.425181443759,0.000299022162279815,5.7242518454072886e-08
1736.111217056815,0.0003189681449405013,5.881365764135592e-08
1753.9792773859215,0.0002731942478174096,4.507668620294662e-08
1772.0312358298422,0.0002945590821069188,5.213505971518009e-08
1790.268985068365,0.00030441229639841666,5.366813988992029e-08
1808.6944372607422,0.00031048613141918403,5.148861155932595e-08
1827.309524246173,0.0002934933760377651,4.985157896794245e-08
1846.1161977463494,0.0002865774784125035,4.7955256890235714e-08
1865.116429570088,0.0002654473136542593,4.020778653224282e-08
1884.3122118200656,0.0002901889684423025,5.167597583807849e-08
1903.705557101684,0.000319177551833169,6.139114617086752e-08
1923.2984987340835,0.0003019938093641122,5.9296416205479265e-08
1943.09309096333,0.000280888574891973,5.351488214337029e-08
1963.0914091777943,0.0003186212767735941,6.5376830859984e-08
1983.2955501257482,0.0003052723128840403,5.769529197053534e-08
2003.7076321352015,0.0002591064070177941,3.983181307323069e-08
2024.3297953360004,0.00028801167917360653,4.924133189813231e-08
2045.1642018842117,0.0002948544331731126,4.8828780573232766e-08
2066.213036188817,0.00028125149009833425,4.946269579634417e-08
2087.478505140741,0.00026683253379398,4.0313805372172056e-08
2108.9628383442328,0.00029153411805551803,4.8504985506334467e-08
2130.6682883506337,0.00026764681348793177,4.5852924283338195e-08
2152.5971308945486,0.0002803662982841858,4.754057331141357e-08
2174.7516651324477,0.0002673622252683083,4.2150779498780444e-08
2197.1342138837235,0.0002629939676251623,4.0796845025771386e-08
2219.7471238742323,0.0002819996657488901,5.2520786782691506e-08
2242.592765982337,0.00025135699523119807,3.875169171264383e-08
2265.673535487485,0.00026058418038779347,3.735043776916542e-08
2288.991852321346,0.000267001582786309,4.33733665585596e-08
2312.5501613215306,0.0002397063376383948,3.788037117589307e-08
2336.350932487924,0.00027186669674122234,4.6164085388877385e-08
2360.3966612416557,0.00025410666876869503,4.180221406963246e-08
2384.6898686867335,0.00025131235605661004,4.213946467934621e-08
2409.233101874374,0.00026681306992553034,4.337330686768951e-08
2434.02893407005,0.0002575041336804973,4.0435918597235294e-08
2459.0799650232884,0.0002764560919005803,4.447460209833207e-08
2484.388821240243,0.0002594667148749855,4.0017991008669265e-08
2509.9581562590756,0.00027350873902626444,4.239023653197374e-08
2535.7906509281675,0.0002450982518502033,3.621126941918881e-08
2561.889013687197,0.0002633301467426272,4.3410580569482766e-08
2588.2559808511096,0.00024551248422693587,3.853170760484001e-08
2614.8943168970113,0.0002644421170513427,3.961513758864599e-08
2641.8068147540107,0.000267430262912908,4.1760780617184636e-08
2668.996296096049,0.00027239110826549274,4.431351221063527e-08
2696.465611637742,0.00024269711248786437,3.228243993262941e-08
2724.2176414332657,0.0002300312105974078,3.2869547812135726e-08
2752.2552951783214,0.00023006377566567727,3.009278060068603e-08
2780.581512515203,0.00023831972199114606,3.443278038384781e-08
2809.1992633410096,0.00024070873950084146,3.396181984998758e-08
2838.111548119028,0.0002483595135636033,3.659674026027674e-08
2867.3213981933195,0.0002509578224773207,4.0487278209754236e-08
2896.831876106544,0.0002393146173293845,3.167389336100708e-08
2926.646075921064,0.00024132297937070485,3.4374243112003705e-08
2956.7671235433195,0.000217149626940091,3.0720326082271064e-08
2987.1981770516054,0.00023274372485055462,3.2308593400671725e-08
3017.942427027158,0.00023738130469855287,3.213808018057734e-08
3049.0030968886826,0.0002372547805708733,3.4002063447217236e-08
3080.383443230317,0.00023088855981226217,3.264543888295487e-08
3112.0867561630735,0.00023591431804802094,3.408059537159082e-08
3144.116359659792,0.0002150240266354154,2.4177557415253807e-08
3176.4756119036497,0.00020026413301241293,2.6365089759089702e-08
3209.167905640251,0.000224016516358278,2.788309475525484e-08
3242.1966685333464,0.0002190204420574608,2.7926879705269166e-08
3275.565363524208,0.00023990112627836756,3.5408409668937973e-08
3309.277489194707,0.00021662149820122435,2.828629067003399e-08
3343.336580134127,0.00021427346692396432,2.7753170515266585e-08
3377.746207309752,0.0002305728447968953,2.9930946694583336e-08
3412.5099784412682,0.00022340331129395015,2.8937876695883965e-08
3447.6315383790215,0.00021805762954787427,3.0586262484297034e-08
3483.114569486165,0.0002220120941722124,3.0209592225979456e-08
3518.96279202474,0.00021284415000874846,2.6119771619354814e-08
3555.1799645457336,0.00022354145946554407,3.230770239467962e-08
3591.7698842831483,0.00021321006532339594,2.7195400665800813e-08
3628.736387552126,0.00021805530800618703,2.5837939740349717e-08
3666.0833501511725,0.0002314082380992905,3.125402812788236e-08
3703.8146877685194,0.00021042683074072507,2.4823696355083497e-08
3741.9343563926714,0.00023243159062093702,3.368231513652973e-08
3780.446352727174,0.0002083210839075707,2.9493901857779232e-08
3819.3547146096544,0.00019577354451356382,2.3730782907630524e-08
3858.6635214351736,0.00019927817910728196,2.1593319653415376e-08
3898.3768945839342,0.00021842570431340166,2.986159009285275e-08
3938.498997853394,0.00022318423549558502,2.9422884211545904e-08
3979.0340378948217,0.00023404596537834866,3.006047008826655e-08
4019.986264654351,0.00022938122730806041,3.138886495994532e-08
4061.3599718185696,0.00021085039299997837,2.5852835949917166e-08
4103.159497264697,0.0002025638358112424,2.4600539917733786e-08
4145.389223515393,0.00020462184094747045,2.4853131711977087e-08
4188.053578198252,0.000192360898853946,2.079766815394899e-08
4231.157034510019,0.00018536694128215708,2.4005467784423225e-08
4274.70411168559,0.00019000920767679163,2.036126225140798e-08
4318.699375471838,0.00017638054177019437,1.629432599931281e-08
4363.147438606309,0.0001860060040741065,1.8943282799389114e-08
4408.0529613008575,0.00018328902745336686,2.1115563713071707e-08
4453.4206517302455,0.00019887345620056638,2.4278365813886008e-08
4499.255266525779,0.00021393679789163825,2.6804482416668776e-08
4545.561611274027,0.00018318028914171872,2.0358378906413852e-08
4592.344541020663,0.00018615739346758702,2.2868976994033335e-08
4639.608960779501,0.0001987616007422243,2.2361563968993365e-08
4687.359826046769,0.00018208141771392666,1.9736293458129472e-08
4735.60214332067,0.00018551060330007012,2.3656134013527963e-08
4784.340970626301,0.00018198933872080056,2.1508901767598273e-08
4833.58141804596,0.00018643726133590034,2.2308316832377694e-08
4883.3286482549265,0.00020316727010757596,2.338000284153221e-08
4933.587877062741,0.0001691181816872078,1.5284856079413638e-08
4984.364373960072,0.00018816678752156792,2.0057591015651983e-08
5035.663462671192,0.00018218573502973496,1.9337595026547023e-08
5087.490521712158,0.00018434087508413277,2.0302378067406273e-08
5139.8509849547245,0.00016568151323155867,1.844479745475307e-08
5192.750342196066,0.00017671163570775518,1.865274530515715e-08
5246.194139734373,0.00017549614442250073,1.6984469701926273e-08
5300.1879809503125,0.00019285209965445984,2.193802034157061e-08
5354.737526894596,0.0001687528375832587,1.6771393207887714e-08
5409.848496881465,0.00016555628520853197,1.4877588564365606e-08
5465.526669088355,0.00017455597283593812,1.9711672154838774e-08
5521.777881161721,0.00016040636986529592,1.513516535658459e-08
5578.608030829082,0.00017178440994344637,1.9164812150573026e-08
5636.023076517386,0.00017351630015310663,1.9487200328476146e-08
5694.029037977719,0.0001714649730940159,1.8481535780048484e-08
5752.631996916461,0.00019514869945790443,2.2501939563006073e-08
5811.838097632927,0.00016813784289950573,1.8069310187528728e-08
5871.653547663573,0.0001509537763693983,1.3296793913319549e-08
5932.084618432832,0.00016672279687625252,1.7019338132535805e-08
5993.137645910653,0.00017343121661261932,1.8143485901230633e-08
6054.819031276799,0.00017150971563964702,1.762710396349831e-08
6117.135241591992,0.000174997571602497,1.871285052274921e-08
6180.092810475951,0.00015937616965984723,1.477443260846609e-08
6243.698338792429,0.00015720425177985134,1.4076589512298185e-08
6307.95849534128,0.00017139555568423658,1.9180549244469124e-08
6372.880017557658,0.00015402193473564813,1.773847940723977e-08
6438.469712218419,0.00016756322717965583,1.7748837392648912e-08
6504.734456155777,0.00015834356150410574,1.4810583982451554e-08
6571.681196978318,0.0001740092729908655,1.9595619545627734e-08
6639.316953799433,0.0001538907795855051,1.4480295118106028e-08
6707.64881797324,0.00016482693614600563,1.6748614025143848e-08
6776.683953838089,0.00015616570617081496,1.4555062891288351e-08
6846.429599467717,0.00016611561252234778,1.4652766388226848e-08
6916.893067430131,0.00015608964137745653,1.3395747428763616e-08
6988.081745554302,0.0001585235843545152,1.5511148105301703e-08
7060.003097704754,0.00014861586156289424,1.2666193780900884e-08
7132.664664564119,0.00016374395294071662,1.612399622180408e-08
7206.074064423752,0.0001515676784331235,1.3169674130876666e-08
7280.238993982479,0.00015284243431231686,1.1958000282798239e-08
7355.167229153565,0.00015298890665897365,1.4167182574964527e-08
7430.866625879992,0.00015909084552056418,1.6214511037158852e-08
7507.3451209581235,0.00016136167787486114,1.3513210741471311e-08
7584.610732869848,0.00015346816385419774,1.4753993766165533e-08
7662.671562623287,0.00013645019264707595,1.1055015066791572e-08
7741.535794602154,0.00014246353203857212,1.1915580654615147e-08
7821.211697423859,0.00014495599769546126,1.2767968932808697e-08
7901.707624806436,0.00015129084781213186,1.3576830819803556e-08
7983.0320164444065,0.00014104634536724652,1.2160076401022378e-08
8065.193398893645,0.00014707153573312805,1.3055348441391028e-08
8148.200386465357,0.0001332774748504927,1.0787610346157201e-08
8232.061682129255,0.00014538006772240399,1.2302791946081854e-08
8316.78607842604,0.00013572492050699673,1.1031210374011625e-08
8402.382458389251,0.0001510622277436574,1.2659870383295422e-08
8488.859796476638,0.00013522769485363413,1.042737581554179e-08
8576.227159511081,0.00013564074307686585,1.1730833552118148e-08
8664.493707631224,0.00012212525051170486,8.88868737323854e-09
8753.668695251878,0.00014485488073912335,1.373469277026842e-08
8843.761472034308,0.0001386933584532022,1.2033582824305412e-08
8934.781483866514,0.00013557782816857135,1.0128318355681825e-08
9026.738273853596,0.00012673990251353277,9.205646837483487e-09
9119.641483318312,0.00012409231592026658,9.53032398018292e-09
9213.500852811932,0.0001324667727164501,9.939155759842178e-09
9308.326223135522,0.00014292581421660846,1.1736578528847395e-08
9404.127536371636,0.00013592885510766459,1.1212964561150481e-08
9500.914836926819,0.00013780632452884716,1.1243027835230995e-08
9598.698272584648,0.00012743249747219074,9.689589911286267e-09
9697.488095569715,0.00012584395632468957,9.826072350680128e-09
9797.29466362253,0.00012562046833393425,9.823473723009132e-09
9898.12844108548,0.000133821558623644,9.70240501760457e-09
10000.0,0.00012571458637524753,9.656459605793575e-09
